0.02,339.732
0.02,339.728
0.03,339.728
0.03,339.73
0.01,339.731
0.01,339.727
0,339.728
0,339.726
0.03,339.734
0.02,339.735
0.01,339.734
0,339.732
0.03,339.736
0.02,339.737
0.01,339.737
0,339.736
0.03,339.736
0.02,339.739
0.01,339.741
0,339.741
0.03,339.737
0.02,339.742
0.01,339.745
0,339.745
0.03,339.747
0.02,339.75
0.01,339.75
0,339.749
0.03,339.754
0.02,339.756
0.01,339.754
0,339.753
0.03,339.756
0.02,339.757
0.01,339.757
0,339.756
0.03,339.758
0.02,339.759
0.01,339.759
0,339.758
0.03,339.758
0.02,339.759
0.01,339.759
0,339.757
0.03,339.756
0.02,339.757
0.01,339.756
0,339.755
0.03,339.751
0.02,339.753
0.01,339.753
0,339.753
0.03,339.745
0.02,339.748
0.01,339.75
0,339.749
0.03,339.739
0.02,339.744
0.01,339.745
0,339.744
0.03,339.738
0.02,339.74
0.01,339.741
0,339.741
0.03,339.737
0.02,339.738
0.01,339.739
0,339.738
0.03,339.734
0.02,339.735
0.01,339.735
0,339.733
0.03,339.731
0.02,339.731
0.01,339.73
0,339.729
0.03,339.728
0.02,339.728
0.01,339.727
0,339.727
0.05,339.547
0.06,339.53
0.06,339.529
0.05,339.546
0.04,339.59
0.04,339.59
0.03,339.739
0.03,339.739
0.05,339.548
0.06,339.531
0.06,339.53
0.05,339.547
0.04,339.591
0.04,339.591
0.03,339.737
0.03,339.737
-0.0297176,300
-0.0280578,300
-0.0348691,300
-0.0328011,300
-0.0266022,300
-0.0216615,300.034
-0.0245609,300.034
-0.0304035,300
-0.0250899,300.001
0.04,339.58
0.0358717,312.374
0.0420389,306.76
0.0377796,307.768
0.03,339.681
0.03,339.718
-0.0799025,300
-0.0818143,300
-0.0822021,300
-0.0814452,300
-0.0826504,300
-0.0871292,300
-0.0844132,300
-0.09,300
-0.09,300
-0.0809321,300
-0.0843016,300
-0.0875081,300
-0.0878387,300
-0.0807937,300
-0.0865807,300
-0.0867979,300
-0.09,300
0.0509134,300
0.0571891,300
0.0556871,300
0.0466354,300
0.0597179,300
0.058799,300
0.0590652,300
0.0581238,300
0.0722808,300
0.0664192,300
0.0568706,300
0.05353,300
0.0568635,300
0.0517393,300
0.0442744,300
0.0691849,300
0.0590834,300
0.0686341,300
0.118869,300
0.109399,300
0.115671,300
0.106493,300
0.10803,300
0.0894039,300
0.0968896,300
0.100698,300
0.0898713,300
0.108072,300
0.120571,300
0.109156,300
0.118802,300
0.109997,300
0.120241,300
0.11378,300
0.171244,300
0.163572,300
0.159396,300
0.169658,300
0.155347,300
0.152883,300
0.157565,300
0.144409,300
0.147635,300
0.139197,300
0.135793,300
0.141326,300
0.171336,300
0.15851,300
0.151324,300
0.0424112,300
0.0448514,300
0.0372364,300
0.0269405,300
0.0276805,300
0.041696,300
0.0320788,300
0.0301305,300
0.141679,300
0.144781,300
0.150939,300
0.151669,300
0.161778,300
0.135306,300
0.137958,300
0.148691,300
0.159255,300
0.154444,300
0.148532,300
0.163942,300
0.0739482,300
0.0610756,300
0.0598371,300
0.0737493,300
0.0581514,300
0.0545871,300
0.0569437,300
0.0620071,300
0.0486449,300
0.0481112,300
0.0461325,300
0.0486458,300
0.0668272,300.288
0.0666533,300.266
0.0638051,300.307
0.0737875,300.263
0.0723114,300.271
0.0715249,300.236
0.0687601,300.326
0.0788036,300.212
0.077439,300.196
0.0805458,300.21
0.0647998,300.336
0.174929,300
0.173785,300
0.178263,300
0.167097,300
0.169623,300
0.177562,300
0.163451,300
0.172398,300
0.178412,300
0.165145,300
0.165116,300
0.108269,300
0.116203,300
0.116232,300
0.108093,300
0.116214,300
0.112242,300
0.108447,300
0.11631,300
0.116707,300
0.116311,300
0.124201,300
0.124726,300
0.124257,300
0.0602184,301.47
0.0482426,303.382
0.048314,302.612
0.0606894,301.206
0.0617687,301.038
0.0372644,308.424
0.0423599,305.164
0.0369195,309.169
0.042287,303.91
0.0605661,301.057
0.0525345,301.657
0.0445445,305.92
0.0463493,302.821
0.062037,301.916
0.0562969,302.355
0.0594159,301.303
0.0581747,300.465
0.0541381,301.332
0.0556087,307.282
0.0533528,303.101
0.05,339.523
0.0464866,304.731
0.0510519,302.274
0.06,339.492
0.177344,300
0.180629,300
0.171063,300
0.174187,300
0.181293,300
0.182179,300
0.18269,300
0.182533,300
0.183623,300
0.192605,300
0.189262,300
0.192551,300
0.187364,300
0.0202584,302.867
0.0183486,301.942
0.0182186,303.078
0.0263533,302.517
0.0286238,300.753
0.02,339.702
0.0172261,310.446
0.0147523,302.713
0.01,339.703
0.00957095,302.42
0.0124297,301.899
0.188071,300.008
0.186479,300.008
0.187349,300.008
0.182282,300.018
0.179788,300.019
0.186331,300.013
0.188079,300.007
0.176992,300.027
0.187218,300.01
0.182701,300.032
0.194648,300.014
0.194286,300.023
0.193627,300.026
0.188613,300.029
0.178504,300.003
0.184073,300.011
0.174238,300.033
0.183768,300.004
0.186137,300.012
0.191169,300.003
0.183529,300.003
0.190045,300.002
0.172765,300.005
0.175674,300.001
0.18112,300.001
-0.0764151,300
-0.0763205,300
-0.0761541,300
-0.0765489,300
-0.015975,300.046
-0.0132489,301.701
-0.0185746,300.014
-0.0304991,300
-0.0228757,300.006
-0.02842,300
-0.020211,300.006
-0.0241578,300
-0.0251648,300
-0.019257,300.019
-0.0177279,300.233
-0.0137543,300.586
-0.0183332,300.401
-0.0112001,302.247
-0.0157497,300.05
-0.015381,300.064
-0.0101368,302.979
-0.0107468,302.77
-0.0152538,300.123
-0.0142049,300.361
-0.0141013,300.431
-0.0234839,300.068
-0.0118454,301.772
-0.0119467,302.312
-0.0209575,300.022
-0.0208109,300.014
-0.0244381,300.003
0.0920576,300.225
0.0897273,300.342
0.0922203,300.184
0.085318,300.222
0.0852872,300.177
0.104577,300
0.107751,300
0.116914,300
0.11773,300
0.104762,300
0.120381,300
0.103021,300
0.0989925,300
0.0932341,300
0.0959451,300
0.0987204,300
-0.0300791,300
-0.0391107,300
-0.0425898,300
-0.0411719,300
-0.0483775,300
-0.0497711,300
-0.0492792,300
-0.0496483,300
-0.0480594,300
-0.0462384,300
-0.0355424,300
-0.0339872,300
-0.0445697,300
-0.0373549,300
-0.0248631,300
-0.0329802,300
-0.0515741,300
-0.0505416,300
-0.0531059,300
-0.0535432,300
-0.0355192,300
-0.0521286,300
-0.0372559,300
0.0742017,300
0.0740081,300
0.0740944,300
0.172233,300
0.172753,300
0.172489,300
0.160944,300.049
0.160883,300.049
0.160044,300.049
0.144771,300.044
0.161047,300.05
0.148861,300.031
0.161103,300.065
0.181062,300.045
0.167275,300.033
0.176869,300.04
0.160967,300.049
0.160922,300.05
0.164548,300.078
0.170062,300.038
0.180951,300.055
0.173539,300.058
0.161374,300.049
0.0133438,300.003
0.0126046,300.059
0.0101548,300.003
0.0116788,300.003
0.0248853,300.007
0.026137,300.007
0.0211399,300.076
0.0277932,300.046
0.0286856,300.007
0.0303958,300.001
0.0327758,300
0.0296748,300
-0.0545056,300
-0.0530757,300
-0.0595488,300
-0.0572722,300
-0.0503991,300
-0.0561825,300
-0.0551987,300
-0.0502242,300
-0.0456742,300
-0.0449463,300
-0.061046,300
-0.0635355,300
-0.0630934,300
-0.0630337,300
-0.0444612,300
-0.0421692,300
-0.0420514,300
-0.0566652,300
-0.0572467,300
-0.0595802,300
-0.0530336,300
-0.0559177,300
-0.0640038,300
-0.0630722,300
-0.0500279,300
-0.0643028,300
0.138202,300.048
0.124781,300.102
0.123777,300.125
0.137709,300.06
0.138735,300.061
0.13897,300.039
0.126674,300.084
0.123542,300.161
0.125266,300.113
0.131666,300.158
0.138012,300.078
0.123404,300.093
0.161848,300
0.167712,300
0.155244,300
0.161832,300
0.175476,300
0.170907,300
0.172772,300
0.156114,300
0.148265,300
0.163764,300
0.0751381,300.842
0.0748268,300.857
0.07519,300.859
0.0757415,300.837
0.08556,300.447
0.0801598,300.474
0.0707748,300.162
0.0701365,300.231
0.0720975,300.212
0.0809431,300.04
0.0825084,300.042
0.0704772,300.228
-0.0604847,300
-0.0644391,300
-0.0638351,300
-0.0679433,300
-0.0681432,300
-0.0562782,300
-0.0522559,300
-0.0542794,300
-0.0599405,300
-0.0565282,300
-0.0395972,300
-0.0437132,300
-0.0419534,300
-0.0413407,300
-0.0415848,300
-0.0420371,300
-0.0546445,300
-0.0533786,300
0.0510283,301.477
0.0565801,300.377
0.0478187,301.504
0.0452366,302.141
0.046602,301.597
0.0547352,300.529
0.0555434,300.379
0.0567496,303.552
0.055659,303.599
0.0579566,303.422
0.0673973,300.876
0.0646464,301.415
0.0622453,301.483
0.06197,300.262
0.014248,300
0.0194774,300
0.0144824,300
0.0108913,300
0.00476092,300
0.0103704,300
0.00475668,300
0.0160677,300
0.00864523,300
0.0174648,300
0.0230664,300
0.0758553,300.348
0.0719555,300.674
0.0738085,300.61
0.0709034,302.404
0.0682713,300.038
0.0784999,300.018
0.0808605,300.091
0.0711547,300.163
0.080735,300.013
0.0649532,300.048
0.0623461,300.229
0.0639095,300.067
0.0659563,300.045
0.0600193,300.254
0.0636225,302.962
0.0742334,300.882
0.0689065,300.43
0.0623869,300.752
0.0661409,303.045
0.06,339.5
0.0674017,300.198
0.0697602,300.036
0.06201,300.078
0.0603019,300.345
0.0594586,300.486
0.0686236,300.235
0.057442,300.235
0.0594999,300.085
0.0582356,300.135
0.0523388,300.51
0.0545617,300.594
0.0522272,300.358
0.0530827,300.011
0.0530813,300.012
0.0528958,300.011
0.0528551,300.016
0.0602889,300.042
0.0521003,300.103
0.0532373,300.012
0.0653628,300.035
0.0615064,300.096
0.0646454,300.094
0.0474774,300.169
0.0530026,300.464
0.0490502,300.655
0.0617949,300.383
0.0600363,300
0.0596776,300
0.0594461,300
0.0640592,300
0.0667052,300
0.0604094,300
0.0549252,300
0.051269,300
0.0585987,300
0.06022,300
0.0616958,300
0.0738072,300
0.0689776,300
0.0485839,300
0.0593997,300
0.0662388,300
0.059394,300
0.0480731,300
0.0492575,300
0.125914,300
0.124378,300
0.132606,300
0.124515,300
0.135439,300
0.13563,300
0.129182,300
0.127334,300
0.175458,300
0.175404,300
0.175413,300
0.175393,300
0.175325,300
-0.0295715,300
-0.0243527,300
-0.0230298,300
-0.0171076,300
-0.0171784,300
-0.0266347,300
-0.0275261,300
-0.0263301,300
-0.032031,300
-0.033544,300
-0.0208662,300
0.207219,300.026
0.20909,300.028
0.21,300.02
0.21,300.029
0.196715,300
0.200314,300
0.201359,300
0.202068,300
0.199618,300
0.202748,300
0.209255,300
0.208218,300
0.205044,300
0.193497,300
0.21,300
0.21,300
0.191548,300
0.193892,300
0.194571,300
0.194108,300
0.195792,300
0.199343,300
-0.0830572,300
-0.0799234,300
-0.0766224,300
-0.0830882,300
-0.0827574,300
-0.080563,300
-0.0855675,300
-0.0877808,300
-0.0864881,300
-0.0866069,300
-0.0831413,300
-0.09,300
-0.09,300
0.167762,300
0.16778,300
0.171761,300
0.182298,300
0.168738,300
0.16638,300
0.183697,300
0.183446,300
0.174139,300
0.181932,300
0.17921,300
0.0285549,300
0.0294609,300
0.0288001,300
0.0375055,300
0.0377594,300
0.0391365,300
0.0270529,300
0.0367127,300
0.0349736,300
0.0291602,300
0.0328045,300
0.0432399,300
0.0386037,300
0.0472091,300
0.0436026,300
0.0428645,300
0.0372413,300
0.0414819,300
0.0363543,300
-0.09,300
-0.0803101,300
-0.083733,300
-0.0738069,300
-0.0804671,300
-0.0796176,300
-0.0756858,300
-0.0892639,300
-0.0827657,300
0.0529764,300
0.0581152,300
0.058725,300
0.0513706,300
0.0523227,300
0.0463377,300
0.0484008,300
-0.0794603,300
-0.084258,300
-0.0802329,300
-0.0836235,300
-0.0824622,300
-0.0777425,300
-0.0817535,300
-0.0828139,300
-0.0823099,300
0.03,339.683
-0.0810291,300
-0.09,300
-0.0805882,300
-0.09,300
-0.09,300
-0.087097,300
-0.09,300
-0.09,300
0.04,339.583
0.03,339.724
0.03,339.685
0.03,339.732
0.193448,300
0.196683,300
0.195197,300
0.189882,300
0.2,300
-0.039983,300
-0.0403056,300
-0.0401505,300
-0.0497007,300
-0.0477397,300
-0.09,300
-0.09,300
-0.0874146,300
-0.0822724,300
-0.08,300
0.03,339.716
0.03,339.714
0.21,300
0.20901,300
0.21,300
0.198966,300
0.200275,300
0.2,300
0.201788,300
0.200588,300
0.03,339.708
0.03,339.687
-0.0882919,300
-0.09,300
-0.09,300
-0.0850745,300
-0.09,300
0.03,339.737
0.03,339.733
0.04,339.586
0.03,339.686
0.21,300.016
0.205643,300.013
0.21,300.008
0.202651,300.072
0.202503,300.073
0.21,300.135
0.21,300.079
0.21,300.1
0.0936094,300
0.102731,300
0.0964643,300
0.088494,300
0.0931098,300
0.0184048,300
0.0131475,300
0.0158434,300
0.00828908,300
0.013058,300
0,339.72
-0.09,300
-0.0888572,300
-0.09,300
0.00670306,300
0.00597316,300
0.00118019,300
0.21,300.03
0.203227,300.035
0.202415,300.039
0.21,300.067
0.21,300.043
0.207958,300.033
0.21,300.029
0.205167,300.055
0.21,300.049
0.21,300
0.21,300
0.208852,300
0.21,300
0.21,300
0.207115,300
-0.0893584,300
-0.09,300
-0.09,300
-0.09,300
0,339.71
0,339.714
0,339.684
0,339.702
0,339.737
0,339.737
-0.09,300
-0.0827558,300
-0.0820372,300
-0.09,300
-0.09,300
-0.0818805,300
-0.0817714,300
-0.0884735,300
-0.09,300
-0.09,300
-0.0887608,300
-0.09,300
-0.0888663,300
-0.0822067,300
-0.0817788,300
-0.09,300
0,339.731
0,339.734
0,339.738
-0.09,300
-0.0820815,300
-0.0822926,300
-0.09,300
-0.09,300
-0.0866963,300
-0.09,300
-0.09,300
-0.0883399,300
-0.09,300
-0.09,300
-0.09,300
-0.09,300
-0.0834041,300
-0.0838455,300
-0.0825896,300
-0.09,300
-0.0855931,300
-0.09,300
-0.0852169,300
-0.09,300
-0.0821594,300
-0.0858923,300
-0.0883255,300
-0.09,300
-0.09,300
-0.0896438,300
-0.0856191,300
-0.0850313,300
-0.09,300
-0.09,300
-0.0836036,300
-0.09,300
-0.0820546,300
-0.09,300
-0.0886561,300
-0.09,300
-0.09,300
-0.0853817,300
-0.0858111,300
-0.09,300
-0.081988,300
0.21,300
0.21,300
0.206718,300
0.2025,300
0.21,300.003
0.206982,300.001
0.21,300.002
0.205086,300.015
0.203696,300.014
0.21,300.031
0.21,300.025
0.202947,300.055
0.202306,300.014
0.202242,300.014
0.21,300.012
0.21,300.008
0.20789,300.009
0.201933,300.041
0.201986,300.039
0.202881,300.056
0.204361,300.05
0.21,300.059
0.2039,300.067
0.21,300.098
0.207227,300.001
0.21,300.001
0.21,300
0.21,300
0.21,300
0.208309,300
0.06,339.499
0.06,339.49
-0.0830743,300
-0.0821576,300
-0.09,300
-0.09,300
-0.09,300
-0.0898206,300
0.0853971,300
0.0933815,300
0.0925478,300
0.0841632,300
0.0812769,300
0.101595,300
0.106853,300
0.103487,300
0.111711,300
0.106871,300
0.0944865,300
0.104406,300
0.0590448,300
-0.0891615,300
-0.09,300
-0.09,300
-0.09,300
-0.0876038,300
-0.09,300
-0.09,300
-0.0198467,300
-0.0218049,300
-0.019083,300
0.0148405,300
0.0154428,300
0.0172691,300
0.00806648,300
0.00740014,300
-0.0167745,300
-0.0107467,300
-0.0128341,300
-0.0140203,300
-0.0147787,300
-0.0134822,300
-0.0115695,300
0.0438201,300
0.031506,300
0.025586,300
0.0235358,300
0.0223403,300
0.0136651,300
0.02,339.701
0.03,339.683
0.025871,300
0,339.705
0,339.697
-0.0824103,300
-0.0822623,300
-0.09,300
-0.09,300
-0.0869722,300
-0.09,300
-0.09,300
-0.09,300
-0.0896093,300
-0.09,300
0,339.725
0,339.731
-0.09,300
-0.0896082,300
-0.0885795,300
-0.09,300
-0.0842183,300
-0.0824671,300
0,339.726
0,339.722
-0.0818313,300
-0.0818176,300
-0.0115745,300
0.026248,300
0.0260188,300
0.0266185,300
0.0255135,300
0.0156791,300
0.00399851,300
0.00696415,300
0.0104055,300
-0.00194675,300
0.00387966,300
0.00656205,300
0.0761799,300
0.0686294,300
0.070858,300
0.0733349,300
0.0618848,300
0.0509733,300
0.0519959,300
0.0526213,300
0.0612974,300
0.0696483,300
0.0609552,300
0.0548403,300
0.113297,300
0.113714,300
0.11882,300
0.0934526,300
0.0785181,300
0.0797068,300
0.0836457,300
0.0871955,300
0.0861747,300
0.0834177,300
0.21,300
0.21,300
0.204634,300
0.20291,300
0.204175,300
0.21,300
0.21,300
0.21,300
0.21,300
0.207831,300
0.0530487,300
0.0599305,300
0.0387231,300
0.0346029,300
0.0363458,300
0.205851,300.001
0.21,300
0.21,300.001
0.21,300
0.202402,300
0.202374,300
0.21,300
0.21,300
0.21,300.041
0.207527,300.041
0.21,300.047
0.21,300.045
0.209573,300.007
0.21,300.008
0.21,300.007
0.203336,300.014
0.203251,300.016
0.205203,300.014
0.208943,300.008
0.21,300.009
0.21,300.023
0.21,300.078
0.20535,300.062
0.21,300.047
0.21,300.073
0.207435,300.104
0.21,300.093
0.202467,300.073
0.205915,300.101
0.21,300.076
0.21,300.099
0.207877,300.018
0.21,300.026
0.202481,300.017
0.209538,300.04
0.21,300.042
0.21,300.004
0.204743,300.002
0.201936,300.001
-0.0789655,300
-0.0708497,300
-0.0736186,300
0.03,339.731
0.03,339.735
-0.09,300
-0.0893029,300
0.05,339.526
0.03,339.712
0.03,339.714
0.21,300
0.202805,300
0.204733,300
0.183789,300
0.192457,300
0.19085,300
0.194946,300
0.03,339.707
0.03,339.713
-0.0734483,300
-0.0711667,300
-0.0698815,300
-0.0525752,300
-0.0556746,300
-0.0550063,300
-0.0593367,300
-0.0543078,300
-0.0519814,300
-0.0444388,300
-0.0394737,300
-0.0398461,300
0.19596,300
0.205106,300
0.21,300
0.21,300
0.206232,300
0.21,300
0.202281,300
0.203057,300
0.21,300
0.203896,300
0.21,300
0.193552,300
0.188332,300
0.184583,300
0.179337,300
0.183892,300
0.03,339.735
0.05,339.529
0.0448977,306.151
0.192937,300
0.03,339.719
0.04,339.576
0.172088,300
0.169701,300
0.175675,300
0.165116,300
0.165098,300
0.160306,300
0.165054,300
0.15982,300
0.16007,300
0.159474,300
0.159983,300
-0.0839747,300
-0.09,300
-0.0833655,300
-0.09,300
-0.0811978,300
-0.0826352,300
-0.0794601,300
-0.0826795,300
-0.0830496,300
-0.09,300
-0.09,300
0.05,339.522
0.21,300
0.207882,300
0.21,300
0.21,300
0.202196,300
0.202553,300
0.21,300
0.21,300
-0.0824201,300
-0.0823027,300
-0.0832503,300
-0.09,300
0.206163,300
0.21,300
0.21,300
0.21,300
0.204581,300
0.21,300
0.208424,300
0.21,300
0.21,300
0.21,300
0.204126,300
0.203584,300
0.21,300
0.21,300
0.21,300
0.204679,300
0.136774,300
0.130747,300
0.134113,300
0.138414,300
0.141805,300
0.139083,300
0.156615,300
0.162617,300
0.157826,300
0.153441,300
0.202685,300
0.20296,300
0.208006,300
0.205844,300
0.21,300
0.21,300
0.202024,300
0.202601,300
0.206451,300
0.21,300
0.21,300
0.20264,300
0.206232,300
0.202369,300
0.21,300
0.20364,300
0.21,300
0.205148,300
0.201919,300
0.202543,300
0.21,300
0.205527,300
0.203082,300
0.202139,300
0.21,300
0.21,300
0.201993,300
0.201411,300
0.201349,300
0.21,300
0.20918,300
0.21,300
0.20245,300
0.202525,300
-0.0824395,300
-0.0892324,300
-0.09,300
0.160836,300
0.165995,300
0.155432,300
0.205024,300
0.21,300
0.202326,300
0.201637,300
0.21,300
0.206153,300
-0.09,300
-0.09,300
-0.0877967,300
0.0567322,303.669
0.151651,300
0.14633,300
0.150774,300
0.154164,300
0.150986,300
0.143017,300
0.140866,300
0.175249,300
0.182294,300
0.178294,300
0.202329,300
0.202253,300
-0.0379247,300
-0.0307738,300
-0.078631,300
-0.0797966,300
-0.0774885,300
-0.04559,300
-0.0487376,300
-0.0459687,300
-0.0430941,300
-0.025333,300
-0.0267031,300
-0.0287103,300
-0.0328045,300
0.205365,300
0.202891,300
0.202925,300.001
0.191342,300
0.181557,300
-0.0824681,300
-0.0827931,300
-0.0824884,300
-0.09,300
-0.0837933,300
-0.0825132,300
-0.09,300
-0.0875215,300
-0.0826417,300
-0.0822024,300
-0.0561812,300
-0.0645833,300
-0.060451,300
-0.063814,300
-0.0797914,300
-0.0749156,300
-0.08,300
-0.061557,300
-0.0623555,300
-0.0637895,300
-0.0592102,300
0.21,300.006
0.208671,300.004
0.202773,300.003
0.202373,300.005
0.201639,300
0.206072,300
0.21,300
0.202468,300.073
0.202476,300.073
0.202559,300.091
0.206437,300.083
0.202059,300.066
0.203629,300.002
0.202519,300.002
0.21,300.006
0.21,300.003
0.203234,300.065
0.207723,300.08
0.203689,300.082
0.208018,300
0.203673,300.124
0.209325,300.083
-0.09,300
0.20204,300
0.202225,300
0.204713,300
0.202023,300
0.209114,300
0.21,300
0.202304,300
0.202242,300
0.202723,300
0.122304,300
0.12285,300
0.0935623,300
0.112865,300
0.1126,300
0.104557,300
0.105351,300
0.0712233,300
0.0728459,300
-0.00515855,300
-0.0048977,300
-0.00516506,300
-0.0112856,300
-0.09,300
-0.0880094,300
-0.0824063,300
0,339.72
-0.0817764,300
-0.0821415,300
0.202562,300
-0.09,300
-0.0897461,300
-0.09,300
-0.0875213,300
-0.0825164,300
0,339.676
0,339.711
-0.0817025,300
-0.0822274,300
-0.0883233,300
-0.09,300
0.01,339.701
0.00194333,300
0.0108016,300
-0.09,300
-0.09,300
-0.0851017,300
-0.0841038,300
-0.09,300
-0.09,300
-0.0840493,300
-0.0827563,300
-0.0823943,300
-0.09,300
0.0690267,300
0.0680286,300
0.0673787,300
0.059711,300
0.0866352,300
0.116001,300
0.113513,300
0.110196,300
0.131575,300
0.138374,300
0.0784227,300
0.0763926,300
0.082894,300
0.205291,300.001
0.21,300.002
0.20287,300.001
0.204612,300.003
0.21,300.004
0.21,300.005
0.207194,300.004
0.202546,300.002
0.21,300.006
0.202253,300.013
0.202443,300.007
0.207109,300.009
0.206983,300
0.202094,300
0.202376,300
0.206139,300.058
0.21,300.049
0.20282,300.05
0.201828,300.065
-0.09,300
-0.0824127,300
-0.0822171,300
-0.0854921,300
-0.09,300
-0.0813941,300
-0.0832136,300
-0.09,300
-0.09,300
-0.0845813,300
-0.0828146,300
-0.0825613,300
0.0353426,312.254
-0.0826881,300
-0.0827219,300
-0.0828917,300
-0.0842401,300
-0.08337,300
-0.09,300
-0.09,300
-0.0861701,300
-0.09,300
-0.0817432,300
-0.0813653,300
-0.0813656,300
-0.09,300
-0.0880543,300
-0.09,300
-0.0832305,300
-0.0862882,300
-0.0830573,300
-0.0816617,300
-0.0845283,300
-0.09,300
-0.09,300
0,339.721
0.131286,300
0.131394,300
0.131368,300
0.114998,300
-0.087405,300
-0.0827499,300
-0.0825444,300
-0.0820611,300
-0.09,300
0.0156107,303.409
-0.0883632,300
-0.09,300
0.203365,300.034
0.207743,300.032
-0.0294637,300
-0.0350537,300
-0.0389951,300
-0.0359791,300
-0.037794,300
-0.0449227,300
0.201652,300
0.201577,300
0.21,300
0.21,300
0.20835,300
0.135976,300
-0.0824851,300
-0.0816357,300
-0.0846448,300
-0.09,300
-0.09,300
-0.0840402,300
-0.0537589,300
-0.0555331,300
-0.055242,300
-0.0569854,300
-0.0541385,300
0.206412,300
0.202749,300
0.21,300
0.21,300
0.202633,300
0.201635,300
0.203591,300
0.202394,300
0.203287,300
0.20444,300
0.21,300
0.202363,300
0.202355,300
0.20909,300
0.140557,300
0.147099,300
0.14871,300
0.151318,300
0.201797,300
0.21,300
0.20344,300
0.21,300
0.201894,300
0.21,300
0.202957,300
0.123945,300
0.123382,300
0.121947,300
0.124112,300
0.123804,300
0.132688,300
-0.0113918,300
-0.0165156,300
-0.00545881,300
-0.0113944,300
-0.0825178,300
-0.09,300
-0.0825173,300
-0.0823803,300
-0.0822447,300
-0.0824132,300
0.037789,307.293
0.0372196,308.012
-0.00713625,304.854
-0.00734393,303.442
-0.00607526,305.706
-0.00685829,304.727
-0.0811112,300
-0.0817553,300
0.0371783,307.796
0.0369713,307.346
0.0368138,307.646
-0.00675324,305.307
-0.00535441,305.679
-0.00707219,303.752
-0.0823815,300
-0.0817724,300
-0.0872553,300
-0.0825666,300
-0.0877129,300
-0.0824526,300
-0.09,300
-0.0792394,300
-0.0824381,300
-0.0813075,300
-0.0887377,300
-0.0822457,300
-0.0812608,300
-0.0824542,300
-0.0828301,300
-0.0899217,300
0.202421,300.047
0.209307,300.047
0.202072,300.053
0.21,300.049
0.202534,300
0.202451,300
0.20752,300
0.21,300
0.21,300
0.201591,300.038
0.201906,300.036
0.208537,300.016
0.20125,300.022
0.201353,300.011
-0.00357958,300
-0.00285039,300
-0.0031013,300
-0.00733989,300
-0.00324227,300
-0.01401,300
-0.0236526,300
0.0750996,300
0.0710761,300
0.0734488,300
0.0142138,300
-0.081943,300
-0.0851076,300
-0.0820501,300
-0.0877915,300
-0.09,300
-0.00795177,303.509
-0.00708864,302.455
-0.00711965,303.33
0.0369821,306.738
0.0378962,307.267
0.0376459,308.592
0.0252323,302.959
0.0168626,303.01
-0.0816447,300
0.0486698,300
0.0436074,300
0.04651,300
0.0876931,300
0.199388,300
0.0255624,300
0.0241869,300
0.0274755,300
0.0625912,300
-0.0840058,300
-0.09,300
-0.09,300
-0.0817304,300
-0.0829172,300
-0.0817578,300
-0.0820465,300
-0.0820941,300
-0.09,300
-0.0823876,300
0.2045,300
0.205692,300
0.21,300
0.202227,300
0.201883,300
0.202005,300
0.20297,300.012
0.2023,300.006
0.205769,300.006
0.201965,300.002
0.202369,300.05
0.21,300.046
0.209754,300.043
-0.00638078,304.776
-0.00683722,304.686
-0.0822586,300
0.0369685,307.608
-0.0787641,300
-0.0855697,300
-0.0811495,300
0.21,300
0.205756,300
0.204272,300
0.200752,300
0.198953,300
0.202351,300
0.204733,300
0.205258,300
0.19518,300
0.0543177,302.898
0.0574668,302.7
0.0472596,305.209
0.193473,300
0.065765,302.527
0.203028,300
0.197081,300
0.199987,300
0.204022,300
-0.065163,300
-0.0684504,300
-0.072111,300
-0.0825224,300
0.0659532,303.353
0.0661535,303.243
0.0499354,302.916
0.165083,300
-0.0713607,300
-0.0706376,300
-0.0681616,300
-0.0698539,300
-0.0702755,300
-0.0335025,300
-0.0823555,300
-0.082249,300
-0.0824491,300
-0.0721697,300
-0.074453,300
-0.0740206,300
-0.0740846,300
0.195748,300.071
0.202033,300.002
0.201964,300
0.198107,300.052
0.077929,300
0.0802907,300
0.2018,300
0.20384,300
0.202041,300
0.19947,300
0.208976,300
0.202431,300
0.201944,300
0.202529,300
0.0938339,300
0.101816,300
0.103537,300
0.105482,300
0.0263581,300
0.0270824,300
-0.0815429,300
-0.0802288,300
-0.0832356,300
-0.0801462,300
-0.0811884,300
-0.0813353,300
-0.0843865,300
-0.0866734,300
-0.09,300
-0.089669,300
-0.077557,300
-0.00862935,304.006
-0.00879703,304.065
-0.0819968,300
-0.0820975,300
-0.0821463,300
-0.0832487,300
-0.00687319,302.364
-0.0826495,300
-0.0824827,300
-0.0826024,300
0.0995639,300
0.0945879,300
0.0938945,300
0.093752,300
0.202486,300.005
0.202826,300.002
0.201899,300.007
0.205321,300.005
0.19617,300
0.196185,300
-0.0803796,300
-0.0806541,300
-0.0803142,300
-0.081106,300
-0.0784334,300
-0.0816069,300
-0.09,300
-0.0876779,300
-0.09,300
-0.0823207,300
-0.0821696,300
-0.082225,300
0.0366224,308.58
0.116997,300
0.123673,300
0.120065,300
0.0148453,302.959
0.00734918,301.917
-0.0789801,300
-0.0848764,300
-0.0816499,300
-0.0820274,300
-0.09,300
-0.0822175,300
-0.0816268,300
0.201586,300
0.20181,300
0.205724,300
0.201974,300
0.20891,300
0.21,300
0.123451,300
0.12358,300
0.201695,300
0.193935,300
0.145932,300
0.139548,300
0.195547,300
0.195575,300
0.129259,300
0.13144,300
0.131313,300
0.133265,300
0.138866,300
0.0290966,302.889
0.0351353,302.166
0.0400502,303.58
0.0404073,304.51
0.0400366,305.824
0.040559,303.941
0.200127,300.03
0.19858,300.006
-0.079672,300
-0.075316,300
-0.078592,300
-0.0757153,300
-0.0751889,300
-0.0734124,300
-0.0734352,300
0.0176534,300.159
0.0204727,301.737
0.015963,302.336
0.0117449,301.209
0.00357611,301.801
0.0954163,300
0.105632,300
0.112063,300
0.106798,300
0.104251,300
-0.0756128,300
-0.0773215,300
-0.0749466,300
-0.0743853,300
-0.0740101,300
-0.0141048,300.496
-0.0144177,300.418
-0.0102331,303.381
-0.0100537,304.138
0.0364056,308.394
0.0362819,308.685
0.044787,303.158
0.0395269,307.177
0.0410561,306.298
-0.0810907,300
-0.0791443,300
-0.0785547,300
-0.0769136,300
-0.0765603,300
-0.0826156,300
-0.0780038,300
-0.0755092,300
0.0419148,305.696
0.0366211,309.838
0.0376703,307.106
-0.0821939,300
-0.0733341,300
-0.0794612,300
0.194357,300
0.199184,300
0.194253,300
0.193959,300
0.195882,300.003
0.194767,300.003
0.19521,300.003
-0.0804656,300
-0.0731449,300
-0.0806287,300
-0.0780978,300
-0.00768394,302.496
-0.00784472,302.463
-0.00807393,302.483
-0.00895184,300.754
-0.0080913,300.554
-0.0145152,301.413
-0.0167624,300.079
-0.015796,300.879
-0.010847,303.97
-0.0105868,303.454
0.201775,300
0.209014,300
0.201825,300
0.200709,300
0.198858,300
-0.0796518,300
-0.0785897,300
-0.0759008,300
-0.0750965,300
-0.0728849,300
-0.077093,300
0.0935596,300
0.0281659,300
0.0293011,300
0.014454,300
0.0146049,300
0.0224186,300
0.104372,300
0.104559,300
0.197744,300
0.201177,300
0.197731,300
0.201224,300
0.199615,300
0.194422,300
0.19437,300
0.0654952,300
0.193589,300.04
0.194767,300.039
0.196432,300.036
0.196157,300.039
0.194784,300.039
0.194349,300.057
0.202448,300.073
0.198527,300
-0.0563512,300
-0.0724222,300
-0.080846,300
-0.0744931,300
0.0663638,301.033
0.0618596,302.101
0.194262,300
-0.0411026,300
-0.0394162,300
-0.0385874,300
-0.0170874,300
-0.0702667,300
-0.0565382,300
-0.0619944,300
-0.0635678,300
0.200662,300
0.193328,300
0.0438191,304.638
0.0436523,303.458
0.0418946,305.306
0.0420981,304.721
0.0435422,303.575
-0.0810884,300
0.200835,300
0.199902,300
0.194524,300
0.194191,300
0.201094,300
-0.0388276,300
-0.0404013,300
-0.0393626,300
0.199528,300
0.196374,300
-0.081918,300
0.0527369,300.968
0.0420441,304.229
0.054161,300.696
-0.0814404,300
-0.0733481,300
0.0418551,304.816
0.0361326,308.726
0.0509664,302.144
0.0538711,301.184
0.052313,300.934
0.0372187,308.765
0.0378552,310.042
0.0420207,304.956
0.193252,300
0.19579,300
0.192362,300
0.194625,300
0.199789,300
0.198148,300
-0.0402396,300
-0.0786601,300
0.0381701,307.104
0.0379554,307.173
0.0409661,304.415
0.0371831,308.43
0.0377603,307.447
-0.0126368,300.915
-0.00789502,304.247
-0.00774082,304.243
-0.00577361,305.943
0.20155,300.002
0.195588,300.002
-0.0752668,300
0.0555675,300
0.059484,300
0.0661372,300
0.0580889,300
0.0356848,302.125
0.0304331,302.116
0.0372364,305.764
0.041163,300
0.0386174,300
0.0438692,300
0.0390428,300
-0.00470039,300
0.00525345,300
0.00411369,300
0.0104511,300
-0.0800114,300
0.0395142,306.425
0.039983,307.013
0.0152157,300.178
-0.00285733,300.525
0.026199,300
-0.000372034,300
-0.00217372,300
0.00373817,300
0.0750939,300
0.079638,300
0.0778457,300
-0.000406332,300
0.198444,300
0.199426,300.001
0.196861,300.03
0.19349,300.051
0.199497,300.049
0.201163,300.014
0.201177,300.013
0.198633,300.007
0.201939,300
0.201438,300
0.201372,300
0.200554,300
0.21,300
-0.0761009,300
-0.0760018,300
-0.0808027,300
-0.0766511,300
-0.0742462,300
-0.0800328,300
-0.0741005,300
-0.0753259,300
-0.0815629,300
-0.0112852,303.294
-0.0135368,300.595
-0.0110563,302.353
-0.00717214,303.829
-0.0067523,303.826
-0.00719586,304.977
-0.0075344,304.591
-0.0742889,300
-0.0749721,300
-0.0742131,300
-0.0745195,300
-0.0826506,300
-0.0821473,300
-0.0808574,300
-0.09,300
-0.0823035,300
-0.0821319,300
-0.0784654,300
-0.00687959,305.193
-0.00674305,305.228
-0.0780844,300
-0.0820733,300
-0.0708498,300
-0.0714237,300
-0.0708087,300
-0.0756961,300
-0.0711109,300
-0.0814802,300
-0.0741687,300
-0.0730965,300
-0.0766794,300
-0.068908,300
-0.0166482,300.067
-0.0125147,301.096
-0.0154498,300.086
-0.00968056,304
-0.0167867,300.04
-0.0748051,300
-0.0724239,300
-0.0812737,300
-0.0719836,300
-0.082387,300
-0.0740696,300
-0.0745554,300
-0.0806767,300
-0.0710227,300
-0.0746214,300
-0.0739796,300
-0.0703562,300
-0.0749962,300
0.194402,300
0.200972,300
0.193303,300
0.194861,300.001
0.195197,300.001
0.194776,300.001
0.194384,300.086
0.199061,300.079
0.191066,300.024
0.19627,300.019
0.193295,300.038
0.193305,300.04
0.193455,300.04
0.193798,300.039
-0.0816638,300
-0.0736657,300
-0.082194,300
-0.074083,300
-0.0747889,300
0.000695695,300
0.0134465,300
-0.000938616,300
-0.0129688,300
0.0925192,300
0.0850213,300
0.0858553,300
0.0172455,300
0.0250883,300
0.000230146,300.067
0.000680427,300.061
6.09E-05,300.062
-0.0753791,300
-0.0194917,300.024
-0.0178849,300.048
0.0418688,305.2
0.0429452,305.134
-0.0730439,300
-0.0747701,300
-0.0730578,300
-0.0796711,300
-0.0747137,300
-0.0752401,300
-0.0748729,300
-0.0755757,300
-0.0757878,300
-0.00521729,300
0.0526733,300
0.0476829,300
0.0454884,300
0.0364951,300
-0.0742383,300
-0.0810068,300
-0.0741343,300
-0.0742495,300
-0.0739404,300
0.195234,300.003
0.195819,300.002
0.19264,300.003
0.192661,300.002
0.192644,300.003
-0.0101583,303.606
-0.0153427,300.097
-0.0101946,303.324
-0.0143921,300.318
-0.0146354,300.269
-0.0103868,303.17
0.0481366,301.902
0.043253,303.768
0.0429981,304.019
-0.0731611,300
-0.0734656,300
-0.0821371,300
-0.0857818,300
-0.080228,300
-0.0785435,300
-0.0818179,300
-0.0818367,300
-0.0740551,300
-0.0661374,300
0.194598,300
0.19456,300.003
-0.0429064,300
-0.0548225,300
-0.0495123,300
0.179785,300
0.181771,300
0.183955,300
0.182297,300
0.186879,300
0.189807,300
0.184657,300
0.186417,300
0.0427399,304.695
0.042146,304.89
0.0571615,301.775
0.062792,300.296
0.0620245,300.475
0.0467574,304.241
0.0404942,308.97
0.0479885,301.601
0.0452722,301.856
0.047938,301.56
0.0478814,301.611
0.0450829,301.945
0.19418,300
-0.0734388,300
-0.0706446,300
-0.0731442,300
-0.0665967,300
-0.0777666,300
0.0691861,302.948
0.074816,300.839
0.0649502,301.392
0.0537894,300.987
0.0502276,301.67
0.0449562,303.019
0.052785,301.542
0.0430748,302.706
0.0430463,302.764
0.0448628,302.309
0.0434338,302.567
0.0435531,302.561
-0.0732463,300
-0.0787079,300
-0.0762743,300
-0.0796402,300
-0.0772022,300
0.19184,300
0.196853,300
0.194624,300
0.193213,300
0.194147,300
0.191507,300
-0.0301715,300
-0.0268884,300
-0.0167711,300
-0.0263757,300
-0.0564684,300
-0.0518266,300
-0.0529479,300
-0.0464861,300
-0.0438933,300
0.105618,300
0.201321,300
0.198668,300
0.194613,300
0.193145,300
0.192558,300
0.19213,300
0.198761,300
0.200092,300
0.198469,300
0.193288,300
-0.0712083,300
-0.0720818,300
-0.0744679,300
0.142376,300
0.140356,300
0.143946,300
0.150493,300
0.148796,300
0.161162,300
0.157292,300
0.160169,300
0.162549,300
0.190721,300
0.190237,300
0.191866,300
0.192208,300
0.1929,300
-0.0610421,300
-0.0516511,300
0.194592,300
0.197603,300
0.191605,300
0.192151,300
0.19448,300
0.0622641,300.262
0.0539214,300.599
-0.0732061,300
-0.0688872,300
-0.0709359,300
-0.0790129,300
-0.0715633,300
0.198962,300.019
0.20273,300.022
0.20302,300.048
0.200496,300.056
0.193399,300.063
0.192598,300.058
0.199148,300.007
0.194727,300.008
0.194213,300.134
0.20243,300.073
0.194096,300.057
0.198729,300.088
0.193367,300.09
0.201634,300
0.198498,300
0.19406,300.039
0.192082,300.056
-0.0764693,300
-0.0723597,300
0.0718022,300
0.193472,300
0.193541,300
0.200681,300
0.200135,300
0.194346,300
0.192207,300
0.00113484,300
0.0929278,300
0.0835006,300
0.0847885,300
0.0826804,300
0.0714763,300
-0.0644591,300
-0.0723294,300
-0.0643594,300
-0.0747458,300
-0.0762839,300
0.11913,300
0.195624,300
0.19769,300
-0.0724467,300
-0.011276,300.484
-0.0161082,300.052
-0.016194,300.012
-0.0161926,300.012
-0.016118,300.049
0.194314,300
0.193571,300
0.194075,300
0.193421,300
0.197205,300
0.193046,300
-0.0795703,300
-0.0817148,300
-0.0801311,300
-0.0738125,300
-0.07368,300
-0.0819324,300
-0.0717628,300
-0.066079,300
-0.0742813,300
-0.0760036,300
-0.0807813,300
-0.0795513,300
-0.0814967,300
-0.0813544,300
-0.0736807,300
-0.0737683,300
-0.074032,300
-0.00903615,300.439
-0.00381776,300.65
-0.00981171,300.953
0.0378957,308.26
-0.0158353,300.122
-0.0137316,301.851
-0.0133805,301.789
-0.0202835,300.217
-0.0186608,300.065
-0.0739697,300
0.0322145,301.58
0.0276153,302.294
0.0305267,300.156
0.0270577,300.154
-0.0715542,300
-0.0696648,300
-0.0677315,300
-0.0694018,300
-0.079043,300
0.200512,300.012
0.194423,300.023
0.196224,300.02
0.194797,300.007
0.198026,300.007
0.0410898,303.498
0.131893,300
0.201391,300
0.193699,300
0.190595,300
0.186331,300
0.157554,300
0.162758,300
0.159335,300
0.144565,300
0.146922,300
0.151241,300
0.138371,300
0.163491,300
0.189786,300
0.191346,300
0.192468,300
0.194489,300
0.193841,300
0.195803,300
0.199436,300
0.0379921,301.251
0.0377969,300.147
0.0412218,303.724
0.187337,300.028
0.193078,300.036
0.193099,300.005
0.200737,300.002
0.193049,300.003
0.194702,300.001
-0.0709793,300
-0.0728907,300
-0.0799182,300
-0.0681535,300
-0.0643625,300
-0.0697113,300
-0.0654898,300
-0.0645219,300
-0.0677093,300
-0.0639427,300
-0.0647102,300
0.0331378,300.06
-0.070676,300
-0.0732115,300
-0.0637943,300
-0.0174717,300.08
-0.0247122,300.001
-0.024266,300.001
-0.0160324,300.102
0.0481795,301.541
-0.00768304,300.331
-0.0179419,300.014
-0.021432,300.005
-0.0199639,300.009
-0.0147815,301.919
-0.0154273,301.205
-0.0109519,300.006
-0.0111591,300.241
-0.017517,300.01
-0.0726484,300
-0.0644625,300
-0.0660958,300
-0.072727,300
-0.0727923,300
-0.0733928,300
-0.0823387,300
-0.071949,300
-0.0689165,300
-0.0695143,300
-0.0672535,300
-0.0656254,300
-0.0678427,300
-0.0639744,300
-0.0638403,300
-0.0741024,300
-0.0711431,300
-0.0683113,300
-0.062816,300
-0.070053,300
-0.0686476,300
-0.0702019,300
-0.0725026,300
-0.0698924,300
-0.0701215,300
-0.0737671,300
-0.0636531,300
-0.0692891,300
-0.0624816,300
-0.0650808,300
-0.072593,300
-0.0737053,300
-0.0694258,300
0.000152679,300.058
-0.0175656,300.004
-0.0158701,300.181
-0.0178189,300.004
-0.0162863,300.011
-0.0162767,300.179
-0.0162663,300.011
-0.0161868,300.012
-0.00722757,303.753
-0.0121937,300.618
-0.008387,300.286
-0.011948,300.008
-0.000118489,300.057
-0.0108598,300.412
-0.0725604,300
-0.0697769,300
-0.0672369,300
-0.0665545,300
0.200993,300
0.194096,300
0.199481,300
0.193336,300
0.188282,300
0.190699,300
0.120929,300
-0.0653648,300
0.0879455,300
0.083395,300
0.0850544,300
0.0961691,300
0.0847634,300
0.0994051,300
0.0183937,300
0.0165294,300
0.00923416,300
0.00178363,300
0.077102,300
0.0689818,300
0.0242486,300
0.0269815,300
0.0318029,300
0.101324,300
0.188975,300
0.189258,300
0.188048,300
-0.0707744,300
-0.0723284,300
-0.0704745,300
-0.0714703,300
0.185748,300.066
0.187434,300.048
0.185638,300.045
0.184885,300.044
0.185008,300.034
0.184309,300.092
0.194083,300
0.193157,300
0.194643,300
0.194519,300
0.194523,300
0.194525,300
0.194811,300
0.198175,300.024
0.195157,300.022
0.193958,300.027
0.199298,300.034
0.187605,300.011
0.187452,300.015
-0.0690886,300
-0.0630618,300
0.0626847,300.263
0.188437,300
0.192177,300
0.190449,300
-0.0697947,300
-0.0623702,300
-0.0617772,300
-0.0566188,300
-0.0472131,300
-0.0495108,300
-0.00709677,300
0.200966,300
0.193843,300
0.191009,300
0.189564,300
0.184872,300
0.186896,300
0.186585,300
0.182873,300
0.189472,300
0.0750181,300.718
0.0457385,302.751
0.160292,300
0.0704759,303.201
0.0757102,301.135
0.0743436,300.875
0.0702014,301.283
0.0434003,302.514
0.0453681,301.653
-0.0686567,300
-0.0701139,300
-0.063803,300
0.190173,300
-0.0266575,300
0.185095,300
-0.0738768,300
-0.0765001,300
-0.0706708,300
-0.0765808,300
-0.0734598,300
0.0559205,301.42
0.0554087,302.893
0.0484733,301.269
0.048496,301.245
0.0480646,301.549
0.0389896,307.701
0.0542687,301.089
0.0534583,301.339
0.0483862,302.925
0.0539056,301.034
0.0547823,300.854
0.0443059,303.377
0.0445945,303.261
0.0457546,302.922
0.0447152,303.231
0.0470022,302.703
0.043198,304.607
0.0491834,302.891
0.191251,300
0.179016,300
0.194489,300.003
0.0416323,305.403
-0.0645838,300
-0.0676798,300
-0.0636699,300
-0.0179322,300.069
-0.00845946,302.891
-0.00849235,302.902
-0.00906859,302.751
-0.00862162,302.82
0.192182,300
0.187529,300.001
-0.0728213,300
-0.0790877,300
0.0488453,300
0.0129013,300
0.00185023,300
0.027523,300.107
0.0291345,300.128
0.0299712,300.67
-0.0634714,300
-0.0656074,300
0.0462636,302.552
0.0454441,301.513
0.0413176,305.11
0.0474912,302.752
-0.0646283,300
-0.073831,300
-0.0656034,300
-0.0174995,300.054
-0.0248924,300.001
-0.0223468,300.008
-0.0730619,300
-0.0804275,300
-0.07698,300
0.00937395,300.003
0.0284947,300
0.0287124,300
0.0184122,300
0.0160634,300
0.00240646,300
-0.0264371,300
-0.0268081,300
-0.0270312,300
0.195297,300.035
0.192695,300.041
0.192647,300.038
-0.0746268,300
-0.0787655,300
-0.0741763,300
-0.0807948,300
-0.0656616,300
-0.0685243,300
-0.074993,300
-0.0792748,300
-0.0760626,300
-0.0732749,300
-0.0731654,300
-0.0658395,300
-0.070555,300
-0.0704132,300
-0.0698274,300
-0.0775986,300
-0.0705058,300
-0.0147836,300.381
-0.0125019,301.565
-0.0106534,303.095
-0.0661505,300
-0.0701426,300
-0.00863589,305.024
-0.0171946,300.082
-0.068489,300
-0.0622794,300
-0.070472,300
-0.0695548,300
-0.0619656,300
-0.0697656,300
-0.0697651,300
-0.0711669,300
-0.0811423,300
-0.0738043,300
-0.0655249,300
-0.065126,300
-0.0648012,300
-0.0664763,300
0.0289717,300.098
0.189797,300
-0.066583,300
-0.0718231,300
-0.0342268,300
-0.0394186,300
-0.0271733,300
-0.046032,300
-0.0188514,300
-0.0190661,300
-0.0185141,300
-0.0195633,300
-0.0234065,300
-0.0189761,300
0.0124622,300
0.000302903,300
0.0264835,300
0.0288757,300
0.0389329,300
0.0454584,300
-0.0746546,300
-0.0736572,300
-0.0780911,300
-0.0703139,300
-0.018428,300.05
-0.0262961,300
-0.0328354,300
-0.0237779,300.001
-0.0323166,300
-0.0247587,300.001
-0.0220417,300.007
-0.0263667,300
-0.0116689,303.707
0.192783,300
0.190086,300
-0.0542901,300
-0.054192,300
0.0540572,301.274
0.0552943,300.941
0.0557636,301.131
-0.0622261,300
0.193279,300
0.186808,300
0.186775,300
0.18601,300
0.18677,300
0.186268,300
0.0255244,300.004
0.0214184,300.052
0.0177949,300.069
0.0400866,300.151
0.0410421,301.186
0.0347913,300.081
0.00813803,302.111
0.0615218,300
0.0542664,300
0.0612284,300
0.0641764,300
0.0466597,300
0.0399348,300
-0.0650925,300
-0.0656025,300
-0.0669834,300
-0.0652757,300
-0.0660523,300
-0.0725413,300
0.184249,300
0.194203,300
0.186481,300
0.0486235,303.552
0.0536316,302.286
0.0505124,301.127
-0.0203923,300.019
-0.0182766,300.042
-0.0157047,300.039
-0.0189203,300.021
-0.00904424,302.79
-0.0240951,300.001
-0.0240213,300.001
-0.0228437,300.022
-0.0241575,300.001
-0.0221216,300.028
0.0485713,301.232
-0.0647217,300
-0.0669419,300
-0.0644684,300
-0.0654312,300
-0.0603708,300
0.191813,300
0.188463,300
0.190407,300.02
0.197099,300.009
0.194393,300.003
0.190915,300
0.183,300
0.185244,300
0.178548,300
0.174242,300
0.16913,300
0.163978,300
0.177236,300
0.183686,300
0.188148,300
0.187436,300
0.18253,300
0.0486136,301.23
0.0481741,301.542
0.0418576,305.174
0.0456488,302.098
0.0485409,301.236
0.0448674,302.449
0.0474359,301.18
0.047147,301.377
0.0542202,300.421
-0.0528082,300
0.0504119,300.978
0.0503161,302.311
0.180866,300
0.183074,300
0.182846,300
-0.0272142,300
0.123864,300
0.111366,300
0.115071,300
0.186935,300
0.187585,300
0.185098,300
-0.0677985,300
-0.0620798,300
-0.0626292,300
-0.06179,300
-0.0666791,300
0.0767084,300.244
0.0723876,300.608
0.0739734,300.503
0.145986,300
0.155637,300
0.150689,300
0.14969,300
0.194912,300.001
0.201713,300.002
0.201366,300.002
0.0858786,300.199
0.086017,300.172
0.0801526,300.537
0.188211,300
0.188403,300
0.180069,300
0.181264,300
0.184545,300
-0.0665301,300
-0.060066,300
-0.0519462,300
-0.0590879,300
-0.0614074,300
-0.0483865,300
0.190171,300.05
0.181908,300.048
0.18319,300.033
0.182614,300.05
0.181778,300.059
0.182301,300.057
0.18445,300.075
0.181903,300.054
0.190981,300.072
0.193211,300.083
0.189039,300.092
0.184537,300.056
0.180446,300.038
0.178565,300.052
-0.0661541,300
-0.0621956,300
-0.0725213,300
-0.0667779,300
0.185574,300
0.190269,300
0.187359,300
0.184788,300
0.124361,300
0.122351,300
0.137858,300
0.0969747,300
0.0907234,300
0.0835766,300
0.0975808,300
0.106223,300
0.0211766,300
-0.0131413,300
-0.00552962,300
-0.010789,300
-0.00190763,300
-0.0149856,300
-0.0204141,300
-0.0245323,300
-0.00559379,300
-0.00692086,300
-0.0158306,300
-0.0388571,300
-0.0366286,300
-0.032283,300
0.140268,300
0.132353,300
0.136229,300
0.131536,300
0.125153,300
0.121778,300
8.41E-05,300.058
-0.01958,300.004
-0.026456,300
0.0763193,300
0.0735035,300
0.0983797,300
0.104692,300
0.0886271,300
0.0938737,300
0.0922751,300
0.100961,300
-0.0610969,300
0.186377,300.001
0.184958,300.001
0.184727,300.001
0.185394,300.028
0.182146,300.08
0.192986,300.039
0.191558,300.035
0.184389,300.028
0.185274,300.027
0.190039,300
-0.0701188,300
-0.0685633,300
-0.0682262,300
-0.0810228,300
-0.0790037,300
-0.0736323,300
-0.0748879,300
-0.0619526,300
-0.0635961,300
-0.0576112,300
-0.0575012,300
-0.0572616,300
-0.0637826,300
-0.0678418,300
-0.0631365,300
-0.0664501,300
-0.0659137,300
-0.0641414,300
-0.0284339,300
-0.0305032,300
-0.0106966,303.694
-0.016593,300.072
-0.015862,300.075
-0.0226053,300.011
-0.0303605,300.001
-0.0330978,300.001
-0.0345098,300
-0.062875,300
-0.0631986,300
-0.0647382,300
-0.0763575,300
-0.0642334,300
0.037904,300.014
0.0401608,300.089
0.187497,300.001
0.187701,300.001
0.185435,300.001
0.185902,300.001
0.188437,300.008
0.190551,300.01
0.184242,300.013
0.159156,300
0.164291,300
0.15883,300
0.139281,300
0.147306,300
0.155255,300
0.156308,300
0.149912,300
0.162471,300
0.170532,300
0.176227,300
0.169776,300
0.149094,300
0.155573,300
0.184398,300.011
0.194237,300.001
0.184472,300.001
-0.0603771,300
-0.0610833,300
-0.0587621,300
-0.0660766,300
-0.0583999,300
0.0410247,303.264
0.0410904,300.156
-0.0557919,300
-0.0596778,300
-0.0538757,300
-0.0539762,300
-0.0528904,300
-0.0352533,300
-0.026183,300.001
-0.028724,300
-0.0283607,300.001
-0.0246588,300.065
-0.0258179,300.001
-0.0357847,300
-0.0346415,300
-0.035963,300
-0.0252031,300
-0.0220569,300.002
-0.0233113,300
-0.0233452,300
-0.0575803,300
-0.0320195,300
-0.034511,300
-0.0225264,300
-0.0127399,300.003
-0.0572506,300
-0.0547868,300
-0.0545619,300
-0.0546977,300
-0.0536843,300
-0.0567371,300
-0.0487932,300
-0.0515246,300
-0.0695971,300
-0.0702881,300
-0.0642288,300
-0.0635744,300
-0.0682924,300
-0.0634408,300
-0.0665019,300
-0.0614256,300
-0.0616627,300
-0.0573601,300
-0.0545596,300
0.183858,300.028
0.184601,300
0.18468,300.001
0.184652,300.001
0.181988,300.007
0.182124,300.009
0.181717,300.007
0.175912,300.046
0.181835,300.007
0.184622,300.006
0.181804,300.006
0.181915,300.006
0.181937,300.007
-0.0576582,300
0.111657,300
0.108157,300
0.108793,300
0.117653,300
-0.0209989,300.027
-0.0225743,300.015
-0.0253694,300
-5.62E-06,300.058
-0.026703,300
0.137271,300
0.126122,300
-0.0478799,300
-0.0476733,300
-0.0466482,300
-0.0440298,300
-0.0514481,300
-0.0576576,300
0.00566229,300
0.00549732,300
0.00330741,300
0.00976154,300
0.0293766,300
0.0305252,300
0.0353564,300
0.0319741,300
0.109197,300
0.0997738,300
0.0822084,300
0.0814103,300
0.0740007,300
0.175737,300
0.175016,300
0.182899,300
0.183878,300
0.182326,300
0.174324,300
0.178168,300
0.189327,300
-0.0694146,300
-0.0607414,300
-0.0628616,300
0.174552,300.054
0.182967,300.059
0.175617,300.041
0.178508,300.038
0.176534,300.079
0.175232,300.058
0.184344,300.094
0.191209,300
0.183675,300
0.185436,300.012
0.185003,300
-0.0489141,300
-0.0594667,300
-0.0525705,300
0.176482,300
0.183573,300
0.181642,300
0.177753,300
0.0863864,300.182
0.0786771,300.84
0.0487792,301.496
0.0615168,300.213
0.0564919,300.914
0.0623865,300.382
0.0675958,300.776
0.0630304,301.055
0.0829788,300.233
0.0841126,300.376
0.0768137,300.347
-0.0601837,300
-0.0485367,300
-0.0472118,300
0.181209,300
0.0546351,300.713
0.0614853,300.861
0.192571,300
0.193239,300
0.185844,300
0.182214,300
0.0486237,301.229
0.181702,300
0.180707,300
0.175396,300
0.188864,300
0.183881,300
0.180755,300
0.174646,300
-0.026849,300
0.187558,300
0.183589,300
0.184009,300
-0.0621576,300
-0.0544628,300
-0.0645491,300
-0.0651179,300
-0.0662386,300
-0.0652391,300
-0.0654167,300
-0.064958,300
-0.0553317,300
-0.0618747,300
-0.0625812,300
-0.0643831,300
-0.0611061,300
-0.0291734,300.027
-0.0293645,300.008
-0.032099,300
-0.0333354,300
0.176238,300.001
0.182108,300
0.184076,300
-0.073661,300
-0.0644925,300
-0.0662693,300
-0.0642892,300
-0.0639439,300
-0.0664402,300
0.0439059,300
0.000919806,300.298
-0.00100518,300.241
0.00189065,300.328
0.00159472,300.275
0.0122544,300.032
0.0110246,300.043
0.0072695,300.035
0.00894537,300.036
0.0401302,300.051
0.0560865,300.97
0.0495211,300.776
0.0568736,301.117
0.0428473,300.076
0.0201084,300.002
0.186914,300
0.183983,300
0.019412,300
-0.0633431,300
-0.0612027,300
-0.026161,300.001
-0.0332524,300
-0.0253092,300.001
-0.0200851,300
-0.0191661,300
-0.0201464,300
-0.017749,300.138
-0.0190526,300.002
-0.0192948,300.004
-0.0256326,300
0.00900969,300
0.0471638,300
0.0569039,300
0.0469956,300
0.0379682,300
0.0347449,300
0.0406838,300
0.037235,300
0.029058,300
-0.0192283,300
-0.00597268,300
-0.00589576,300
0.190358,300.023
0.183861,300.032
-0.0644557,300
-0.0641641,300
-0.0718214,300
-0.0652439,300
-0.0620589,300
-0.0723579,300
-0.0648998,300
-0.0249449,300.001
-0.0537714,300
-0.053658,300
-0.0539222,300
-0.0538273,300
-0.0408785,300
-0.0407667,300
-0.0524542,300
-0.0403366,300
-0.0533955,300
-0.0360698,300
-0.0633562,300
-0.0610888,300
-0.0602627,300
-0.0697032,300
-0.0578774,300
-0.0519652,300
-0.0697345,300
-0.0650281,300
-0.0631102,300
-0.0577189,300
-0.0637013,300
-0.063537,300
-0.0527117,300
-0.0523266,300
0.00106091,300
-0.00289408,300
0.00544066,300
0.00118989,300
0.00377203,300
-0.0317885,300
-0.0199896,300
-0.0405157,300
-0.0333542,300
0.0228206,300
0.0166365,300
0.0457552,300
0.0421642,300
0.0101533,300
0.0161137,300
0.00397251,300
0.00857049,300.003
0.00012352,300.058
-0.00224882,300
-0.00822762,300
-0.0161505,300
-0.0155132,300.003
-0.0188228,300
-0.0187139,300
-0.0382458,300
-0.0344138,300
-0.0415916,300
-0.0335171,300
-0.0380298,300
-0.0448073,300
-0.0609492,300
0.0245661,300
-0.0649192,300
-0.0583857,300
-0.0610831,300
-0.0545406,300
0.0080207,300
0.0200508,300
0.004415,300
0.185749,300
0.183095,300
0.0411771,300.051
0.0542651,300.32
0.0517845,300
0.0579041,300
0.0535905,300
-0.0556006,300
-0.0628537,300
-0.0626636,300
-0.0721261,300
-0.0640681,300
-0.0325094,300
-0.0231665,300.019
-0.0288117,300
-0.0291078,300
-0.0582438,300
-0.0559918,300
-0.0560732,300
-0.0558771,300
-0.0564451,300
-0.0514895,300
-0.0524976,300
-0.052532,300
-0.0558016,300
0.184459,300.001
0.17759,300
0.177603,300
0.175312,300
0.177563,300
0.178555,300
0.174855,300
0.173265,300
0.168638,300
0.16506,300
0.165426,300
0.18062,300
0.173849,300
0.16835,300
0.17706,300
0.0623977,301.018
0.0613647,301.057
0.0577874,301.053
0.058589,300.155
0.0592179,300.089
0.0575484,300.5
0.0492073,301.168
0.170584,300
0.180373,300
0.0825203,300.009
0.0625207,300.952
0.0556067,301.538
0.183965,300
0.177621,300
0.17991,300
0.173872,300
0.176726,300
0.177724,300
0.168982,300
0.167343,300
0.1697,300
0.165875,300
-0.044467,300
-0.0339731,300
-0.0260615,300
0.191652,300
0.191372,300
0.187382,300
0.186684,300
-0.0559611,300
-0.0609961,300
0.0835159,300.273
0.0809469,301.192
0.0874948,300.17
0.0886974,300.198
0.0863284,300.147
0.0876873,300.123
0.0945803,300.078
0.179643,300
0.187532,300
0.184658,300
0.18522,300
0.186146,300
0.175166,300
0.175768,300
0.175053,300
0.178325,300
0.163078,300.052
0.168997,300.044
0.179007,300.009
0.174048,300.036
-0.0557363,300
-0.0650521,300
0.173934,300
0.173019,300
0.064914,300
0.0747206,300
0.0972299,300
-0.00796798,300
-0.00712298,300
-0.00888627,300
-0.0326077,300
0.144802,300
0.153467,300
0.150874,300
0.161412,300
-0.0358644,300
-0.0366069,300
-0.0361909,300
0.0739682,300
0.0986014,300
0.0958383,300
0.092012,300
0.181707,300.007
0.173988,300.037
0.1824,300.028
0.175482,300.056
-0.061083,300
-0.0614589,300
-0.0597916,300
-0.0546794,300
-0.0449027,300
-0.0437799,300
-0.0439529,300
-0.0422811,300
-0.0412942,300
-0.0544989,300
-0.0203294,300
-0.0437313,300
-0.045518,300
-0.0472372,300
-0.0472067,300
-0.0478127,300
-0.029773,300
-0.0506993,300
-0.0591519,300
-0.0464702,300
-0.0532718,300
-0.0513972,300
-0.047954,300
-0.0383838,300
-0.0490623,300
-0.0431898,300
-0.0657818,300
-0.0560247,300
-0.0543531,300
-0.0459962,300
-0.051053,300
0.18358,300.001
0.176157,300.001
0.173673,300.001
0.174397,300.002
0.176313,300.002
0.183919,300.001
0.182517,300.009
0.173777,300.003
0.150009,300
0.159757,300
0.172861,300
0.138497,300
0.136654,300
0.146771,300
0.146996,300
0.144163,300
0.172919,300.027
0.172626,300.001
0.165033,300.043
0.173846,300.037
0.182027,300.039
0.169387,300.004
0.0529948,300.011
-0.0404243,300
-0.033904,300
-0.0434058,300
0.0765595,300.292
-0.0467915,300
-0.0432107,300
-0.0430034,300
-0.0458217,300
-0.047427,300
-0.046643,300
-0.0511956,300
-0.033758,300
-0.0263818,300
-0.037368,300
-0.0427782,300
-0.0149319,300
-0.0544347,300
-0.0434317,300
-0.0331356,300
-0.0320518,300
-0.0319102,300
-0.0319296,300
-0.0588743,300
0.0580448,301.083
0.173353,300
0.173931,300
0.174694,300.032
0.173322,300.032
0.17036,300.037
0.167966,300.012
0.171041,300.002
0.171279,300.001
0.171239,300.001
0.0777659,300
0.0825087,300
0.083455,300
0.0866316,300
0.0846195,300
0.0869798,300
0.0570167,300
0.0617837,300
0.0688952,300
-0.0326369,300
-0.0323844,300
-0.0343882,300
-0.0321436,300
-0.0358321,300
-0.0507908,300
-0.0385532,300
-0.0467166,300
-0.0452594,300
-0.0377539,300
-0.0367475,300
-0.0369167,300
-0.0376122,300
-0.0433501,300
0.13509,300
0.14381,300
0.139146,300
0.155181,300
0.155451,300
0.162279,300
-0.0292149,300
-0.0102935,300
-0.0228739,300
-0.0187094,300
0.0269139,300
0.0190886,300
0.0278971,300
0.0333186,300
0.0850402,300
0.0930745,300
0.0884078,300
0.103291,300
0.107475,300
0.117312,300
0.123007,300
0.109869,300
0.0804583,300
0.176621,300
0.17643,300
-0.0533987,300
-0.060373,300
-0.0541995,300
-0.061254,300
-0.0535966,300
-0.0520149,300
-0.0529706,300
-0.0512762,300
-0.0554158,300
-0.0542363,300
-0.0497212,300
0.174439,300
0.163314,300.02
0.165247,300.017
0.175057,300.079
0.162043,300.054
0.170803,300.128
0.160959,300.049
0.173064,300.001
0.173845,300.061
0.176956,300.056
0.160995,300.049
0.1748,300
0.17611,300
0.178501,300
0.172583,300
0.183581,300
0.178021,300
0.173995,300
0.185033,300
0.0829213,300.013
0.0912976,300.096
0.0968783,300.087
0.0871671,300.13
0.0980848,300.128
0.0821849,300.095
0.0737932,300.38
0.0684024,300.558
0.0854286,300.146
0.0843192,300.085
0.0846086,300.134
0.0862371,300.127
0.0861436,300.122
0.0934287,300.212
-0.0460693,300
-0.0481945,300
-0.0453571,300
-0.0440057,300
-0.0456812,300
-0.0474693,300
-0.0503445,300
-0.0346948,300
-0.0458076,300
0.0628325,300.712
0.0713989,300.968
0.0730022,300.03
0.159411,300
0.0615672,300.129
0.0625839,300.062
0.0616692,300.145
0.0492453,301.18
0.177529,300
0.173352,300
0.170591,300
0.173631,300
-0.0458472,300
-0.0563848,300
-0.0534032,300
0.167384,300.007
-0.0603681,300
-0.0443775,300
-0.0437726,300
-0.0451281,300
0.0530257,300.112
0.0515955,300.035
0.183606,300
0.177661,300
0.1848,300
-0.0460971,300
-0.0486704,300
-0.0369526,300
-0.0471943,300
-0.0493154,300
-0.0417084,300
-0.043907,300
-0.0435839,300
-0.00465475,300
-0.00852076,300
-0.00869452,300
-0.0130445,300
-0.0106984,300
0.0450456,300
0.0308813,300
0.0343041,300
-0.00476349,300
0.0353439,300.001
0.0337846,300.001
0.0337449,300.002
0.0383665,300.035
0.0301307,300.001
-0.0536447,300
-0.0354377,300
-0.0397912,300
-0.0395449,300
-0.025639,300.001
-0.0252044,300.001
0.021617,300
0.0200486,300.001
0.0248851,300
0.0503043,300.001
0.048061,300.015
0.0507167,300.004
0.050318,300.005
-0.00731243,300
-0.00156531,300
0.00380082,300
0.0079285,300
-0.0223395,300
-0.0181815,300
-0.0433802,300
-0.0475616,300
-0.0431634,300
-0.00183432,300.005
-0.00583316,300.003
-0.00574316,300.002
-0.00479208,300
-0.00938763,300
-0.00943794,300.005
-0.0141398,300
0.0603112,300.202
0.05804,300.027
-0.0576795,300
-0.0533504,300
-0.0572715,300
-0.0547301,300
-0.0531703,300
-0.0417137,300
-0.058036,300
0.168901,300
0.159155,300.006
0.167374,300.005
0.161195,300.006
-0.0369969,300
-0.0346271,300
-0.0504164,300
-0.0468329,300
-0.0443277,300
-0.0548906,300
-0.042144,300
-0.0427581,300
-0.0574336,300
0.168197,300
0.170466,300
0.159858,300
0.0818432,300.006
0.0728453,300.007
0.0623134,300.065
0.0655901,300.039
0.0727844,300.006
0.0749128,300.006
0.063288,300.049
0.0972147,300.094
-0.0451038,300
-0.0276697,300
-0.0419007,300
-0.0461043,300
-0.0490157,300
-0.0558305,300
-0.0443612,300
-0.0372515,300
0.0875551,300.121
0.0915462,300.222
0.0907269,300.188
0.0956871,300.2
0.0968647,300.193
0.0964814,300.114
0.0915492,300.274
0.084374,300.194
0.0669445,300.172
0.0699217,300.16
0.0685351,300.139
0.0693091,300.166
0.0740411,300.544
0.0710248,300.158
0.0653015,301.019
0.111786,300.041
0.112061,300.058
0.111376,300.04
0.137915,300
0.127936,300
0.127898,300
0.0624288,300.88
0.0650515,300.375
0.0721635,300.531
0.160089,300.052
0.160854,300.049
0.161689,300.021
0.161264,300
0.162385,300
0.164437,300
-0.0579878,300
-0.0611091,300
-0.0499917,300
-0.0481563,300
0.170455,300
0.175079,300
0.108642,300
0.113209,300
0.109213,300
0.0418556,300
0.0114625,300
0.0121745,300
0.00961281,300
-0.00361623,300
-0.00790705,300
-0.0102682,300
-0.00783957,300
-0.00697403,300
0.0108218,300
0.0140213,300
0.172863,300
0.169027,300
0.168267,300
0.167788,300
0.171822,300
-0.0362817,300
-0.0388201,300
0.0160933,300
0.102491,300
0.0937133,300
0.0927272,300
0.0883662,300
0.164935,300.045
0.17078,300.036
0.172307,300.032
0.189863,300.024
0.184093,300.033
0.192699,300.037
0.184688,300.037
0.180016,300.033
0.164899,300.015
0.161676,300.018
0.164679,300.018
-0.0355107,300
-0.032137,300
-0.0294355,300
-0.0320422,300
-0.0270293,300
-0.0461984,300
-0.0527229,300
-0.0508836,300
-0.0544202,300
-0.0531799,300
-0.0458191,300
-0.0555725,300
-0.0599228,300
-0.0366705,300
-0.042514,300
-0.0543302,300
-0.043697,300
-0.0500653,300
-0.048324,300
-0.0556928,300
-0.0512945,300
-0.0461473,300
-0.0031124,300.002
0.000589678,300
0.00694055,300.035
-0.0343566,300
-0.0343973,300
-0.0321419,300
-0.033355,300
-0.0383381,300
-0.046519,300
-0.0337144,300
0.0861778,300.126
0.121454,300
0.11196,300
0.119521,300
0.0430181,300.009
0.0473715,300
0.0323573,300
0.0361705,300
0.170924,300.001
0.169219,300.002
0.164894,300.004
0.161612,300.034
0.161719,300.003
0.161481,300.004
0.161574,300.02
0.171136,300.002
0.159313,300
0.162226,300
0.165707,300
0.158262,300
0.163685,300
0.162433,300
0.15763,300
0.135959,300
0.144655,300
0.156325,300
0.128146,300
0.111332,300
0.145955,300
0.142452,300
0.143132,300
0.143299,300
0.166514,300.032
0.147977,300.027
0.156633,300.016
0.151364,300.003
0.147244,300.002
0.0488731,300
0.0352324,300
0.0522213,300
0.128225,300
0.123236,300
0.127441,300
-0.0409763,300
-0.033907,300
-0.00153235,300
-0.0152954,300
0.00412856,300
0.0141822,300.001
0.00878509,300.032
-0.0272673,300
-0.0361026,300
-0.03004,300
0.161954,300.057
0.185703,300.036
0.157605,300.005
0.156506,300.015
0.167986,300.051
0.158015,300.059
0.0960216,300
0.113678,300
0.0923194,300
0.0743755,300
0.0136659,300
0.00951038,300
0.0131486,300
-0.0495198,300
-0.0582144,300
-0.0501109,300
-0.0471374,300
-0.0446516,300
-0.0471304,300
-0.0434005,300
-0.00778383,300
0.0101596,300
-0.0235639,300
-0.0179075,300
-0.0326055,300
0.0835811,300
0.165539,300
0.164579,300
0.170555,300
-0.0519338,300
-0.0412653,300
-0.0371932,300
0.161202,300
0.165372,300
0.17093,300.001
0.161217,300.001
0.156875,300.003
0.160696,300.021
0.160736,300.055
0.1433,300.091
0.043276,300
0.0776053,300.28
0.0656754,300.749
0.0781207,300.269
0.0756763,300.096
0.0665612,300.114
0.143389,300
0.164272,300
0.123918,300
-0.0485691,300
0.112118,300.049
0.101721,300.138
0.102679,300.048
0.104143,300.046
0.063978,300.024
0.0843152,300.104
0.0822767,300.21
0.0850553,300.131
0.0771533,300.12
0.0863236,300.113
0.085157,300.115
0.0833908,300.121
0.0856182,300.107
0.0853855,300.097
0.097643,300.327
0.103375,300.082
0.102303,300.086
0.0811245,300.224
0.0942496,300.291
0.0940624,300.03
0.0961058,300.028
0.0975964,300.027
0.0852494,300.017
0.0825332,300.008
0.0906844,300.002
-0.0408606,300
0.159768,300
0.159382,300
0.160485,300
0.0945357,300.115
0.158233,300
0.167271,300
0.176714,300
0.08187,300.003
0.0750421,300.005
0.0745519,300.012
0.0653403,300.042
0.0761675,300.017
-0.0410047,300
-0.0413383,300
-0.0403939,300
-0.0319826,300
-0.0375731,300
0.1491,300.01
0.163054,300.001
0.163006,300.001
0.161759,300.001
0.161789,300.001
0.160316,300.001
0.163775,300.001
0.171369,300
0.174206,300
0.177204,300
0.164539,300
0.18006,300
-0.0463707,300
-0.0426125,300
-0.0390238,300
-0.00990847,300
-0.0382391,300
-0.0429784,300
-0.0369064,300
-0.0400618,300
-0.0404363,300
-0.0423584,300
-0.0101836,300
-0.0209656,300
-0.0217378,300
-0.00645236,300
-0.00655102,300
-0.00653012,300
-0.00680879,300
-0.0161223,300
-0.0188314,300
0.032795,300
0.0306809,300
0.0426766,300
0.0351033,300
0.0506492,300.001
0.0506142,300.002
0.0259226,300
0.038696,300
0.0503113,300.001
0.0071151,300
0.000658266,300
0.014547,300
-0.0527464,300
-0.0401643,300
0.00565464,300
-0.00478858,300
-0.0113035,300
0.0446653,300
0.0354072,300
0.034655,300
-0.00669052,300
0.0343689,300
0.0385034,300
-0.0228189,300
-0.0319812,300
-0.024689,300
-0.0252692,300
-0.0263889,300
-0.0280462,300
-0.0280452,300
-0.0213185,300
-0.0319158,300
-0.0209294,300
0.174143,300
0.159529,300
0.163629,300
0.146829,300.002
0.142288,300.059
0.145999,300.049
-0.0423113,300
-0.0270249,300
-0.0351125,300
-0.0224895,300
-0.0318735,300
-0.0364601,300
-0.0261174,300
-0.025877,300
0.0889816,300.002
0.168681,300
0.168104,300
0.167297,300
0.167841,300
0.168536,300
0.168865,300
0.152038,300
0.15692,300
0.105926,300.003
0.103431,300.001
0.0799418,300.006
0.0796787,300.007
0.0798402,300.006
0.0799221,300.006
0.0662406,300.002
0.0638238,300
0.0533912,300.011
0.101783,300.162
0.104452,300.021
0.110561,300.113
0.107253,300.032
0.112036,300.045
0.107765,300.328
0.0991489,300.232
0.1266,300
0.106759,300.092
0.104694,300.379
0.0988266,300.193
0.0882625,300.103
0.0951766,300.196
0.0737364,300.092
0.0769782,300.009
0.103343,300.001
0.0938044,300
0.0913963,300.011
0.0911086,300
0.0889279,300.001
0.0912333,300.001
0.0909185,300.005
0.15353,300
0.154285,300
0.153919,300
0.154304,300
0.155267,300
0.152638,300
-0.0361556,300
-0.0489641,300
0.142863,300
0.123131,300
0.142034,300
0.165731,300
0.158979,300
0.0252917,300
0.0308393,300
0.031981,300
0.0326715,300
0.0531079,300
0.0438931,300
0.142602,300.074
0.147802,300.183
0.143698,300.011
0.1431,300.015
0.143443,300.014
0.160207,300
0.157348,300
0.154527,300.002
0.155634,300.004
-0.0273552,300
-0.0258602,300
0.0883159,300
0.0867838,300
0.0892915,300
0.0993929,300
0.0903955,300
0.0906647,300
-0.025806,300
0.0125404,300
0.0638273,300
0.0739945,300
0.105381,300
0.107482,300
0.155194,300.07
0.160242,300.05
0.165778,300.036
0.16107,300.042
0.156151,300.05
0.145977,300.077
0.158862,300.013
0.147932,300.024
0.15341,300.044
0.149304,300
0.152542,300
0.148864,300.001
0.151214,300
0.147923,300.029
0.151964,300.025
0.149497,300
0.14652,300
0.139737,300.032
0.140881,300.039
0.145586,300.023
0.135488,300.021
0.0536346,300
0.0659569,300
0.0548744,300
0.0310703,300
0.146261,300.051
0.151188,300.041
0.14837,300.008
0.107029,300
0.122893,300
0.106163,300
0.0875993,300
0.0787021,300
0.0726418,300
0.0139255,300
0.00980882,300
-0.00169221,300
-0.0149417,300
-0.0107642,300
-0.00799088,300
0.00993751,300
0.0923612,300
0.102809,300
0.0111518,300
0.14261,300
-0.025549,300
-0.0383373,300
-0.0259019,300
-0.0271193,300
0.114099,300.005
0.140592,300.014
0.137814,300.195
0.129679,300.121
0.140492,300.056
0.0543423,300
0.156608,300
0.156842,300
0.156397,300
0.157727,300
0.150714,300
0.152388,300
0.143744,300
0.142646,300
0.140444,300
0.139631,300
0.10351,300.008
0.109969,300.015
0.101352,300.014
0.0999223,300.001
0.104291,300.001
0.0711361,300.161
0.0664544,300.001
0.0678596,300.001
0.0678891,300.001
0.0681547,300.001
0.0522345,300.001
0.0975292,300.052
0.102915,300.078
0.0861306,300.069
-0.0154035,300
0.0806488,300.299
0.0909446,300.053
0.0913177,300.052
0.0911816,300.052
0.0913886,300.054
0.0679201,300.001
0.0679079,300.001
0.0914985,300.001
0.103405,300.005
0.0799742,300.006
0.091327,300.053
0.07106,300
0.0799398,300.006
0.140548,300
0.149305,300
0.139705,300
0.149053,300
0.14669,300.008
0.145067,300.002
0.149866,300.002
0.160369,300.001
0.158293,300
0.0249159,300
0.0189012,300
-0.00587113,300
0.00724943,300
0.00297987,300
-0.0270168,300
-0.0393245,300
-0.0298892,300
-0.0326347,300
-0.0277524,300
-0.0240495,300
-0.0378405,300
-0.0210856,300
-0.0223919,300
-0.018633,300
0.132232,300.112
0.146974,300.016
0.141239,300.015
0.134318,300.005
0.125761,300.006
0.157128,300.111
0.161351,300.037
0.139666,300.046
0.0501518,300
0.0466223,300
0.0638094,300
0.0678793,300.001
-0.00538004,300
-0.0143539,300
-0.0200947,300
-0.017212,300
-0.0263283,300
-0.0274514,300
-0.0419086,300
-0.0316387,300
-0.0238521,300
-0.0262247,300
-0.042906,300
-0.0281831,300
-0.0068574,300
-0.023308,300
-0.0269608,300
0.0680397,300.001
0.054352,300
0.0198464,300
0.00551838,300
-0.0145691,300
-0.0132896,300
-0.00758219,300
-0.0118706,300
-0.0133367,300
-0.00240992,300
-0.00605756,300
-0.00573748,300
-0.0393886,300
-0.0269092,300
-0.011953,300
-0.022944,300
0.0534445,300
0.0639026,300
0.139563,300.015
0.122934,300.006
0.12656,300.223
0.130044,300.023
0.143953,300.013
0.112342,300.04
0.124647,300.087
0.0924015,300.052
0.10579,300.149
0.108575,300.147
0.113261,300.039
0.107289,300.153
0.103962,300.192
-0.0122566,300
0.13852,300
0.137731,300
0.158039,300
0.146166,300
0.155007,300
0.138664,300
0.0800549,300.005
0.091405,300.053
0.109379,300.351
0.118946,300.117
0.107309,300
0.124702,300
0.14004,300.175
0.131331,300.163
0.138032,300.054
0.130571,300.235
0.143876,300.029
0.112459,300.128
0.116892,300.179
0.110022,300.071
0.119779,300.14
0.117195,300.123
0.105864,300.162
0.119264,300.086
0.120964,300.151
0.0960496,300.03
0.105015,300.001
0.123478,300.001
0.110168,300.001
0.14591,300
0.165197,300
0.153585,300
0.151618,300
0.151896,300
0.139843,300
0.155246,300
0.138803,300
0.133204,300
0.139438,300
0.155765,300
0.127145,300.162
0.123426,300.149
0.140094,300.079
0.112288,300.042
0.107919,300.045
0.0385783,300
0.040833,300
0.044492,300
0.0505821,300
0.110438,300.027
0.112088,300.039
0.11232,300.038
0.126538,300.065
0.121466,300.073
0.12998,300.003
0.142417,300
0.135559,300.001
0.135027,300.007
0.128901,300.001
0.0870632,300
0.0784607,300.003
0.0930959,300.003
0.145882,300.001
-0.0115828,300
-0.0121148,300
-0.0186394,300
-0.0237535,300
0.1238,300
0.119574,300
0.104749,300
0.115687,300
0.116052,300
0.109124,300
0.0997764,300
0.0892684,300
0.0160439,300
0.00659848,300
0.000452416,300
0.0244652,300
0.026139,300
0.0863018,300
0.0262638,300
0.0314266,300
0.0191925,300
0.0190066,300
0.0167343,300
0.038148,300
0.0243274,300
0.0446817,300
0.0435927,300
0.0578084,300
0.1164,300.001
0.11969,300.001
0.023858,300
0.0185308,300
0.0606098,300
0.0527411,300
0.0624754,300
0.0381534,300
0.0330076,300
0.00170119,300
-0.00233553,300
0.0107742,300
0.0288689,300
0.014505,300
0.0341258,300
0.000856859,300
0.0171129,300
0.128969,300
0.0347343,300
0.0449975,300
0.0453698,300
0.0474017,300
0.045525,300
0.0949876,300
0.124363,300
0.0593444,300
0.0512188,300
-0.0109945,300
-0.0105197,300
-0.00839538,300
0.104605,300
0.0942928,300
0.0890249,300
0.0943284,300
0.127355,300
0.120853,300
0.121304,300
0.120743,300
0.12037,300
-0.00358834,300
-0.0112882,300
-0.0191326,300
-0.010648,300
-0.0112122,300
0.134314,300.006
0.136058,300.006
0.134052,300.006
0.085002,300
0.0849527,300.061
0.0933482,300.012
0.0786,300.007
0.122321,300.006
0.107005,300.001
0.118968,300.001
0.144886,300.004
0.134299,300.002
0.0305218,300
0.11026,300.015
0.115664,300.144
0.110378,300.19
0.113027,300.19
0.105426,300.242
0.140407,300
0.138468,300
0.138602,300
0.139023,300
0.133736,300
0.119848,300
0.143723,300
0.126412,300
0.127571,300
0.128734,300
0.130462,300
0.128246,300
0.133745,300.006
0.133891,300.007
0.133842,300.006
0.11356,300.015
0.106877,300
0.101294,300
0.12423,300
0.109708,300.004
0.110878,300.004
0.0915016,300.052
0.0914559,300.052
0.111209,300.004
0.073434,300
0.0768623,300
0.0761789,300
0.0742366,300
0.0557681,300
0.09517,300
0.0845119,300
0.0771513,300
0.133355,300
0.142793,300
0.131518,300
0.121572,300
0.146595,300
0.145667,300
0.130868,300
0.130407,300
0.144164,300
0.130281,300
0.159431,300
0.150164,300
0.111612,300.004
0.129181,300.001
0.129593,300
0.128802,300
0.135262,300
0.13533,300
-0.00418163,300
-0.00275748,300
-0.0130922,300
-0.01171,300
0.14031,300.002
0.130145,300.013
0.128823,300.001
0.112917,300.004
0.128699,300
0.0583476,300
0.0608101,300
0.0667071,300
0.0679217,300.001
0.0776412,300
0.0423472,300
0.0367699,300
0.0843123,300
0.0746652,300
0.0592927,300
0.0482287,300
0.0655541,300
-0.0111191,300
0.00432421,300
0.00265146,300
0.0185715,300
0.0203293,300
0.113857,300
0.114663,300
0.120063,300
0.123588,300
0.122179,300
0.115689,300
0.118023,300
0.0865399,300
0.0964317,300
0.111514,300
0.102875,300
0.0461945,300
0.066888,300
0.0612976,300
0.0669612,300
0.0798158,300
0.0778853,300
0.0965396,300
0.0862335,300
0.125213,300
0.106805,300
0.113479,300.052
0.109062,300.028
0.131762,300
0.136237,300.001
0.146544,300.001
0.133798,300.006
0.13288,300.006
0.0298118,300
0.0337247,300
0.0453261,300
0.0404869,300
0.0381129,300
0.0400058,300
0.0479705,300
0.0231436,300
0.0391691,300
0.0215058,300
0.127003,300.003
0.11372,300.006
0.129937,300
0.116566,300
0.111415,300
0.12617,300
0.130424,300
0.136621,300
-0.000787218,300
0.0123619,300
0.00333551,300
0.00764064,300
0.00474895,300
0.00487331,300
0.00440095,300
0.102378,300
0.116086,300
0.0988278,300
0.0999891,300
0.0986008,300
0.0979342,300
0.0982826,300
0.076496,300
0.0773913,300
0.0790697,300
0.078962,300
0.075905,300
0.0857494,300
0.0278873,300
0.0430277,300
0.0356428,300
0.0265092,300
0.0775487,300
0.0745211,300
0.0739983,300
0.0802256,300
0.0730472,300
0.0717556,300
0.0734844,300
0.0181207,300
0.0180234,300
0.0599265,300
0.046053,300
0.0458145,300
0.0550077,300
0.0655623,300
0.0645617,300
0.0530722,300
0.0718411,300
0.0594937,300
0.0693388,300
0.0764427,300
0.0800236,300
0.0732175,300
0.0690228,300
0.0740855,300
0.0775123,300
0.0826951,300
0.0559113,300
0.0728469,300
0.0558093,300
0.0476461,300
0.0699306,300
0.0597164,300
0.0422952,300
0.08201,300
0.130078,300
0.0980534,300.003
0.0935743,300
0.107047,300.001
0.110185,300.001
0.110868,300.004
0.122058,300.001
0.0909341,300
0.0887521,300
0.103197,300
0.103113,300
0.0915864,300
0.0878049,300
0.0987554,300
0.112207,300
0.0958278,300
0.108496,300
0.0829146,300
0.111384,300.004
0.11546,300
0.128258,300
0.104055,300
0.134425,300
0.131785,300
0.12598,300
0.129768,300
0.00640019,300
0.0099342,300
0.011673,300
0.0166085,300
0.0145559,300
0.0115484,300
0.0128132,300
0.0798887,300
0.0689867,300
0.0836729,300
0.0784482,300
0.121238,300
0.128118,300
0.118973,300
0.11663,300
0.119055,300
0.0886353,300
0.0906015,300
0.0895287,300
0.084843,300
0.0955771,300
0.114705,300
-0.09,300
