0.18,339.826
0.19,339.82
0.19,339.818
0.18,339.82
0.18,339.826
0.19,339.824
0.18,339.821
0.19,339.823
0.17,339.826
0.17,339.831
0.17,339.831
0.17,339.827
0.16,339.832
0.16,339.835
0.16,339.836
0.16,339.832
0.15,339.834
0.15,339.838
0.15,339.839
0.15,339.835
0.14,339.838
0.14,339.842
0.14,339.843
0.14,339.841
0.13,339.848
0.13,339.847
0.13,339.847
0.13,339.847
0.12,339.852
0.12,339.851
0.12,339.85
0.12,339.85
0.11,339.85
0.11,339.852
0.11,339.852
0.11,339.85
0.1,339.848
0.1,339.852
0.1,339.852
0.1,339.849
0.09,339.846
0.09,339.851
0.09,339.852
0.09,339.851
0.08,339.842
0.08,339.849
0.08,339.85
0.08,339.851
0.07,339.84
0.07,339.847
0.07,339.847
0.07,339.849
0.06,339.839
0.06,339.843
0.06,339.844
0.06,339.844
0.05,339.836
0.05,339.839
0.05,339.84
0.05,339.839
0.04,339.833
0.04,339.835
0.04,339.836
0.04,339.835
0.03,339.828
0.03,339.832
0.03,339.833
0.03,339.831
0.02,339.824
0.02,339.828
0.02,339.829
0.02,339.828
0.01,339.818
0.01,339.824
0.01,339.824
0.01,339.823
7.49E-16,339.816
5.06E-16,339.819
2.53E-16,339.818
0,339.818
0.046,339.74
0.046,339.75
0.049,339.746
0.049,339.741
0.049,339.766
0.046,339.774
0.046,339.835
0.049,339.836
0.141,339.743
0.141,339.752
0.144,339.748
0.144,339.743
0.144,339.769
0.141,339.772
0.141,339.838
0.144,339.837
0.111895,300
0.116216,300
0.108251,300
0.109582,300
0.115758,300
0.112257,300
0.0236044,300
0.0260845,300
0.0290643,300
0.0269793,300
0.0318445,300
0.0330281,300
0.0310222,300
0.0207166,300
0.0202721,300
0.0290373,300
0.0337952,300
0.0323373,300
0.0202761,300
-0.104359,300
-0.106276,300
-0.106517,300
-0.100821,300
-0.0901095,300
-0.0871822,300
-0.0892425,300
-0.0887021,300
-0.100016,300
-0.0962609,300
-0.0849464,300
-0.0867359,300
-0.0934095,300
-0.114968,300
-0.1072,300
-0.112077,300
-0.0943257,300
-0.0898994,300
-0.108475,300
-0.100877,300
-0.0987087,300
-0.105779,300
-0.00932368,300.002
-0.00138147,300.006
-0.0115719,300.002
-0.00399837,300.007
-0.0114046,300.002
-0.116544,300
-0.128395,300
-0.113245,300
-0.118055,300
-0.112193,300
-0.0348455,300
-0.0237544,300
-0.0288898,300
-0.0352324,300
-0.0380654,300
0.23412,300
0.236235,300
0.230131,300
0.228585,300
0.234703,300
0.242448,300
0.244737,300
0.246325,300
0.242049,300
0.245098,300
0.243634,300
0.247859,300
0.232981,300
0.323335,300
0.308082,300
0.314423,300
0.297145,300
0.306331,300
0.297264,300
0.322856,300
0.298671,300
0.308712,300
0.29627,300
0.323785,300
0.32386,300
0.0779226,311.81
0.0777219,311.713
0.0783502,311.902
0.0757421,310.202
0.0835484,312.255
0.0783665,311.9
0.0926617,312.479
0.089368,312.279
0.0889332,312.28
0.0931345,312.609
0.0834718,312.236
0.187777,300
0.179717,300.002
0.176439,300.002
0.188106,300
0.17471,300.003
0.175239,300.002
0.182268,300.001
0.174721,300.002
0.169852,300.011
0.167408,300.016
0.15757,300.066
0.158366,300.06
0.164476,300.04
0.167883,300.025
0.175234,300.002
0.159418,300.055
0.176933,300.002
0.329063,300
0.323259,300
0.328649,300
0.332325,300
0.32614,300
0.322593,300
0.332027,300
0.336126,300
0.34279,300
0.335151,300
0.34088,300
0.135891,321.382
0.140096,312.527
0.135469,314.121
0.134664,322.944
0.142984,313.76
0.134962,323.176
0.1424,307.251
0.14322,309.485
0.145001,304.95
0.14602,306.072
0.143476,310.882
0.143037,320.185
0.14877,307.032
0.145859,314.099
0.0943895,301.923
0.0951204,302.086
0.0937928,301.976
0.0939164,302.061
0.0921803,302.111
0.0598418,300
0.0603944,300
0.0586446,300
0.0611464,300
0.0583898,300
0.0631301,300
0.0620565,300
0.0582433,300
0.0550202,300
0.0419281,314.849
0.0470865,319.244
0.0416581,309.362
0.0389847,305.858
0.0377757,310.855
0.046,339.729
0.0276612,305.242
0.0287159,306.793
0.0302714,307.255
0.0379252,315.269
0.0383196,313.139
0.0331201,305.596
0.259045,300
0.25789,300
0.265401,300
0.268211,300
0.264312,300
0.268326,300
0.271065,300
0.27134,300
0.264551,300
0.268196,300
0.272471,300
0.277134,300
0.274484,300
0.275913,300
0.00697323,308.717
0.00819233,306.74
0.0100517,326.855
0.00639167,339.81
0.00938008,339.813
0.0135857,322.302
0.0128671,339.815
0.00718557,305.737
0.0186747,339.818
0.015609,311.473
0.0192006,335.359
0.00851706,304.715
0.0209225,309.321
0.016363,304.402
-0.0784927,300
-0.0722155,300
-0.0654296,300
-0.0722227,300
-0.0777718,300
-0.0651952,300
-0.0690771,300
-0.0857399,300
-0.0836726,300
0.239935,300
0.223633,300
0.231875,300
0.219522,300
0.220329,300
0.233206,300
0.24806,300
0.248481,300
0.245028,300
0.248066,300
0.232338,300
0.216721,300
0.21675,300
0.216621,300
0.242766,300
0.220616,300
0.260386,300
0.260428,300
0.261356,300
0.260595,300
0.260272,300
0.0905838,311.888
0.0822509,312.28
0.0815148,312.19
0.096205,311.965
0.0832995,312.338
0.10356,312.816
0.0871328,311.977
0.103647,312.813
0.0985391,311.923
0.112356,311.806
0.108315,312.62
0.0953454,312.052
-0.10861,300
-0.113054,300
-0.105794,300
-0.0977243,300
-0.0930625,300
-0.102124,300
-0.0993343,300
-0.10333,300
-0.111384,300
-0.114504,300
-0.112202,300
-0.101011,300
-0.126004,300
-0.134662,300
-0.118918,300
-0.130689,300
-0.11891,300
-0.118908,300
-0.125517,300
-0.116705,300
-0.118907,300
-0.120451,300
-0.118898,300
-0.104677,300
-0.101928,300
-0.108973,300
0.0930724,312.541
0.0868144,312.197
0.0892361,312.022
0.0954067,312.151
0.101694,312.733
0.097391,312.747
0.0955165,312.642
0.107105,312.692
0.117284,309.534
0.114845,309.467
0.115977,309.662
0.104691,312.906
0.0986787,312.816
0.0721217,310.92
0.0691539,310.16
0.0695585,310.332
0.0679814,309.583
0.0675561,309.348
0.0778484,311.851
0.0761099,311.241
0.0781529,311.864
-0.0934503,300
-0.0938128,300
-0.093274,300
-0.105079,300
-0.102816,300
-0.0837407,300
-0.0807449,300
-0.0833784,300
-0.0928269,300
-0.0836277,300
-0.0934139,300
-0.0895174,300
-0.0951016,300
-0.107204,300
-0.10829,300
-0.10331,300
0.349975,300
0.349127,300
0.349162,300
0.350372,300
0.348906,300
0.352061,300
0.359419,300
-0.0307606,300
-0.0222212,300
-0.0353064,300
-0.0282991,300
-0.0223952,300
-0.0396017,300
-0.0436199,300
-0.0401236,300
-0.0408734,300
-0.0263448,300
-0.0305996,300
-0.0221623,300.014
-0.0261498,300.011
-0.0243817,300.012
-0.0219326,300.016
-0.0216735,300.038
0.175446,300.293
0.174738,300.003
0.176407,300.004
0.169678,300.006
0.174383,300.002
0.343248,300
0.344549,300
0.347298,300
0.335721,300
0.333611,300
0.344092,300
0.337925,300
0.330885,300
0.321715,300
0.325614,300
0.333895,300
0.33997,300
0.334574,300
0.343423,300
0.334739,300
0.333309,300
0.324242,300
0.33929,300
0.269225,300
0.261311,300
0.272857,300
0.26755,300
0.123288,313.445
0.130198,313.76
0.124254,309.993
0.127915,319.083
0.113329,314.511
0.113876,324.032
0.119482,314.514
0.122415,316.341
0.127748,320.513
0.115258,326.505
0.121748,322.443
0.116157,312.685
0.162586,300
0.167179,300
0.167446,300
0.163447,300
0.16178,300
0.161215,300
0.166578,300
0.161272,300
0.159481,300
0.154169,300
0.153127,300
0.157397,300
0.164732,300
0.157282,300
0.156718,300
0.153871,300
-0.000141672,304.795
5.75E-05,304.883
0.000181328,304.794
0.000295128,305.188
0.00121187,301.072
-0.00407493,300.624
-0.00150392,300.592
0.00865695,305.153
0.00937875,308.175
0.0100725,306.055
0.00588161,301.58
0.00886635,301.086
0.00225781,300.647
0.0146925,302.568
0.0153259,302.546
0.0155283,302.734
0.0759563,311.778
0.0731468,311.238
0.0699058,310.452
0.0767549,311.767
0.0821708,312.095
0.0821622,312.095
0.0795961,311.809
0.0821947,312.095
0.0870165,312.253
0.0786305,311.917
-0.00390982,300
-0.0088914,300
-0.00789092,300
-0.00311133,300
-0.0110406,300
-0.000364963,300
-0.00233471,300
-0.0214327,300
-0.0220025,300
-0.00617179,300
-0.0216937,300
0.333906,300
0.323063,300
0.330346,300
0.339457,300
0.338575,300
0.3269,300
0.331193,300
0.322881,300
0.318884,300
0.3102,300
0.307495,300
0.323989,300
0.312085,300
0.306296,300
0.307049,300
0.0518641,300.225
0.0502521,300.489
0.0514769,300.194
0.0518902,301.237
0.0523705,300.188
0.0548913,300.563
0.236897,300
0.235372,300
0.237409,300
0.23639,300
0.241889,300
0.240872,300
0.242242,300
0.242385,300
0.351142,300
0.359739,300
0.355247,300
0.350979,300
0.361013,300
0.363181,300
0.361127,300
0.371469,300
0.366803,300
0.371773,300
0.371731,300
0.362984,300
0.360782,300
0.360658,300
0.369952,300
0.360801,300
0.360757,300
0.0793211,300
0.0785179,300
0.0820637,300.001
0.0833535,300.041
0.0778153,300.007
0.0088698,322.936
0.00858382,313.205
0.00623711,313.64
0.0149284,315.934
-0.0402489,300
-0.043726,300
-0.0445968,300
-0.0544083,300
-0.0548609,300
-0.0534211,300
-0.0471628,300
-0.0517463,300
-0.0439102,300
-0.045758,300
-0.0548062,300
-0.19,300
0.049,339.813
-0.19,300
-0.183117,300
0.38,300
0.38,300
0.374332,300
0.372902,300
0.38,300
0.370433,300
-0.182281,300
-0.181635,300
-0.182303,300
-0.182674,300
-0.111103,300
-0.111542,300
-0.1112,300
0.38,300
0.136101,325.973
0.141,339.757
0.141,339.742
0.134876,322.539
0.141,339.772
0.356038,300
0.353024,300
0.361609,300
0.046,339.806
0.0365096,328.391
0.0311486,339.822
0.046,339.772
0.0396308,328.729
0.378765,300
0.38,300
0.38,300
0.38,300
0.377007,300
0.38,300
0.052482,332.818
0.049,339.77
0.0563171,332.329
0.0605279,339.826
0.0905102,339.834
0.0888043,327.906
0.0874154,339.833
0.0848605,320.311
0.0806243,339.829
0.38,300
0.377586,300
0.374525,300
0.38,300
0.371246,300
0.372478,300
0.361974,300
0.373052,300
0.150015,326.363
0.144,339.76
0.144,339.774
0.150991,324.182
0.144,339.745
0.141,339.815
-0.179256,300
-0.19,300
-0.181563,300
-0.181882,300
-0.183339,300
-0.19,300
0.138165,332.717
0.134055,331.88
0.131498,339.839
0.133945,320.663
0.154324,336.358
0.144,339.812
0.1555,339.827
0.373158,300
-0.165121,300
-0.16529,300
-0.165379,300
-0.165617,300
0.0373595,324.664
0.0372921,322.647
0.146941,335.257
0.151198,328.747
0.152205,322.439
-0.0423177,300
-0.0413285,300
-0.0401016,300
-0.00958841,300
-0.0111874,300
-0.0104426,300
-0.189799,300
-0.19,300
-0.19,300
-0.186369,300
-0.19,300
0.0162921,300.006
0.0174047,300.009
0.015285,300.005
0.0194204,339.818
0.0206602,339.819
0.0202672,300
0.0202649,300
0.0202692,300
-0.00820832,300
-0.000695016,300
-0.00324657,300
-0.00447506,300
-0.0101686,300
0.043602,300
0.0417511,300
0.0421642,300
0.0399411,300
0.135447,300
0.141625,300
0.137082,300
0.122844,300
0.117182,300
0.124929,300
0.149115,339.826
0.149947,331.409
0.153357,339.825
0.0623156,339.835
0.0619785,339.835
0.0621964,338.87
0.0612965,300
0.0605197,300
0.064827,300
0.058743,300
0.266876,300
0.268555,300
0.271648,300
0.261415,300
0.38,300
0.379459,300
0.38,300
0.38,300
0.374068,300
0.38,300
0.38,300
0.38,300
0.378392,300
0.300978,300
0.298634,300
0.299615,300
0.304262,300
0.30795,300
0.294083,300
0.0868933,300
0.0848639,300
0.088674,300
0.0887422,339.842
0.089256,338.006
0.0898911,339.842
0.305012,300
0.303861,300
0.301025,300
0.190966,300
0.18986,300
0.189462,300
0.187498,300
0.18279,314.258
0.184022,311.739
0.19,339.803
0.179219,339.816
-0.0575455,300
-0.0606593,300
-0.061699,300
0,339.797
-0.00429331,319.801
2.53E-16,339.801
-0.101448,300
-0.104177,300
-0.102544,300
-0.0929143,300
-0.0936548,300
-0.0913635,300
0.0924588,312.58
0.0942694,312.695
0.0902707,312.525
0.100194,312.972
0.102264,313.084
0.0490702,302.049
0.04949,302.114
0.0498152,302.176
0.049,339.733
0.0381021,300.358
0.0365213,300.301
0.0373893,300.319
0.0276234,300.054
0.0290259,300.088
0.0478349,301.908
0.0509109,302.61
0.0502537,302.313
0.0568715,304.965
0.0605811,306.631
0.115833,311.159
0.117813,310.616
0.116377,310.936
0.111103,312.422
0.112306,312.15
0.105832,312.828
0.0844633,312.496
0.0796098,312.007
0.0821736,312.095
0.0722157,310.906
0.0820721,312.082
0.082205,312.096
0.0940774,312.605
0.0821766,312.095
0.0624445,307.461
0.065687,308.641
0.0684506,309.592
0.0631386,307.759
-0.0746764,300
-0.0789837,300
-0.0716231,300
-0.089855,300
-0.0870991,300
-0.113812,300
-0.11531,300
-0.112045,300
-0.106694,300
-0.0303339,300
-0.0312485,300
-0.0246354,300
-0.0321363,300
-0.0628442,300
-0.0630313,300
-0.068473,300
-0.070877,300
-0.05521,300
0.171438,328.375
0.173709,339.819
0.170006,339.82
0.176679,327.831
0.181676,309.52
0.174439,310.982
0.204711,300
0.205903,300
0.204926,300
0.201183,300
0.198159,300
0.199155,300
0.203309,300
0.192481,300
0.195464,300
0.181585,300
0.184132,300
0.182065,300
0.179041,300
0.183268,300.001
0.186504,300
0.189305,300
0.182006,300.002
0.179767,300.002
0.196492,300
0.200981,300
0.204329,300
0.198417,300
0.194469,300
0.193644,300
0.133416,304.5
0.132933,304.817
0.130973,305.465
0.135524,303.853
0.13889,303.008
0.142778,301.868
0.133724,304.368
0.136439,303.721
0.32733,300
0.331548,300
0.325229,300
0.319085,300
0.296834,300
0.296006,300
0.295123,300
0.297218,300
0.29045,300
0.307988,300
0.30639,300
0.25946,300
0.259058,300
0.256317,300
0.262381,300
0.230199,300
0.22889,300
0.231792,300
0.226339,300
0.223544,300
0.228258,300
0.237583,300
0.239517,300
0.238835,300
0.238476,300
0.247891,300
0.244722,300
0.243065,300
0.268528,300
0.26778,300
0.273332,300
0.259053,300
0.19,339.805
0.192347,328.635
0.197705,306.417
0.0989756,323.594
0.100623,316.948
0.105071,339.844
0.102313,339.843
0.0971959,339.842
0.0758042,300
0.0703136,300
0.0729024,300
0.0759643,300
0.0796047,300
0.076107,300
0.0935111,300
0.0935318,300
0.0934327,300
0.0958097,300
0.09929,300
0.0935599,300
0.0857464,300
0.38,300
0.38,300
0.378661,300
0.38,300
0.38,300
0.379842,300
0.372683,300
-0.18802,300
-0.183711,300
-0.19,300
-0.19,300
-0.19,300
0.288872,300
0.290457,300
0.290783,300
0.295735,300
0.301603,300
0.310794,300
0.318881,300
0.320498,300
0.312461,300
0.309627,300
0.377852,300
0.38,300
0.372501,300
0.246066,300
0.246634,300
0.249917,300
0.250928,300
0.252508,300
0.225243,300
0.22587,300
0.226914,300
0.223027,300
0.230375,300
0.233645,300
0.227584,300
0.373296,300
0.38,300
0.38,300
0.38,300
0.379877,300
0.376004,300
0.38,300
0.38,300
0.247528,300
0.19,339.806
0.193299,325.985
0.19,339.8
0.38,300
0.38,300
0.373647,300
0.372873,300
0.371774,300
0.274751,300
0.277382,300
0.27036,300
0.266235,300
0.259357,300
0.260088,300
0.0803686,337.725
0.081439,339.842
0.0802097,339.842
0.0828607,315.789
0.0818821,312.192
0.0838553,312.556
0.0800143,339.842
0.0952396,323.347
0.0981278,312.921
0.0939178,314.607
0.0543116,300
0.0523345,300
0.052087,300
0.051345,300
0.0481593,300
-0.189776,300
-0.19,300
-0.19,300
-0.189908,300
-0.19,300
-0.19,300
-0.19,300
-0.186153,300
-0.189633,300
-0.19,300
0.146755,339.827
0.138121,339.833
0.141621,316.474
0.152533,310.32
0.145391,310.065
0.158508,334.206
0.15987,339.823
0.126575,339.838
0.127421,332.957
0.134061,320.412
0.132123,312.988
0.140328,310.386
0.125078,336.355
0.121241,312.303
0.125342,312.245
0.123929,339.839
0.1255,339.838
0.114688,339.841
0.119334,323.761
0.108741,300
0.10731,300
0.113129,300
0.134155,300
0.132425,300
0.128669,300
0.124096,300
0.122322,300
0.145241,300
0.1467,300
0.142369,300
0.13803,300
0.148124,300
0.148708,300
0.154783,300
0.147731,300
-0.00395597,300
0.0366983,300
0.0394915,339.829
0.0406072,335.962
0.0411175,339.83
0.00911576,300
0.0075978,300
0.00531648,300
0.00266577,300
-0.00233861,300
0.00539523,300
-0.00568638,300
-0.0109365,300
-0.0189902,300
-0.0190718,300
-0.0199923,300
0.024869,326.646
0.0277763,339.823
0.0101107,300
0.0133509,300
0.0160522,300
0.00765626,300.002
0.00951934,300.001
0.00999208,300.001
0.00962663,300.001
0.00282775,300
0.0221654,300.017
0.0221044,300.016
0.0222837,300.019
0.0219041,300.016
0.0265439,300.045
0.0220777,300.016
0.023107,300.033
-0.0547482,300
-0.0529019,300
-0.05815,300
-0.19,300
-0.187847,300
-0.19,300
-0.19,300
-0.188586,300
-0.19,300
-0.19,300
-0.185832,300
-0.182443,300
-0.19,300
-0.188833,300
-0.19,300
-0.19,300
-0.189863,300
-0.0206129,300
-0.0156735,300
-0.0215618,300
-0.0238885,300
-0.00383889,300
-0.00177082,300
-0.0040707,300
-0.0150025,300
-0.0029485,300
-0.0634524,300
-0.0618396,300
-0.0688877,300
-0.070541,300
-0.067439,300
-0.0694101,300
-0.0738492,300
-0.0723039,300
-0.0764474,300
-0.0838686,300
-0.0827027,300
-0.0778,300
-0.0914888,300
-0.0502587,300
-0.0455806,300
-0.047952,300
-0.0461379,300
-0.0349696,300
-0.0368268,300
-0.0333935,300
-0.0316608,300
0.210461,300
0.211172,300
0.212314,300
0.374717,300
0.38,300
0.38,300
0.38,300
0.373216,300
0.38,300
0.372434,300
0.38,300
0.180856,331.221
0.1785,339.81
0.0344123,323.346
0.0308381,339.822
0.0310032,339.324
0.0253951,330.941
0.023,339.817
-0.187367,300
-0.19,300
-0.19,300
-0.17175,300
-0.174613,300
-0.170553,300
-0.171559,300
-0.161681,300
-0.155635,300
-0.158801,300
0.340749,300
0.344396,300
0.342482,300
0.337354,300
0.34849,300
0.345765,300
0.351107,300
0.344866,300
0.342314,300
0.332546,300
0.334937,300
0.330259,300
0.360171,300
0.361224,300
0.363396,300
-0.182096,300
-0.19,300
-0.19,300
-0.189004,300
-0.186422,300
-0.182467,300
-0.19,300
-0.189849,300
-0.168779,300
-0.171037,300
-0.169537,300
0.147361,329.547
0.144,339.734
0.152144,320.164
0.151242,317.729
-0.180476,300
-0.176011,300
-0.172725,300
0.370931,300
0.361776,300
0.361827,300
0.357041,300
-0.184856,300
-0.19,300
-0.19,300
0.10926,339.844
0.107237,333.847
0.103625,339.841
0.0869813,310.718
0.0916517,313.768
0.0999836,339.838
0.0987,330.756
0.095,339.836
0.0950115,324.823
0.0549223,324.436
0.0559336,321.813
0.049,339.742
0.049,339.757
0.0589151,327.936
0.0567344,320.563
-0.139735,300
-0.138932,300
-0.142185,300
0.38,300
0.373781,300
0.372803,300
0.38,300
0.372759,300
0.37162,300
0.38,300
0.38,300
0.376518,300
0.372298,300
0.02865,320.847
0.0414536,325.478
0.0410354,324.169
0.046,339.757
0.0403071,322.14
0.046,339.742
-0.19,300
-0.19,300
-0.189809,300
-0.181787,300
0.120818,339.843
0.120503,338.995
0.120393,339.843
0.0650576,339.827
0.0617858,334.355
0.373065,300
0.38,300
0.38,300
0.38,300
0.373221,300
0.37201,300
0.371975,300
0.377655,300
0.38,300
0.341017,300
0.336475,300
0.335416,300
0.344127,300
0.344128,300
0.345738,300
0.341795,300
0.0401966,321.623
0.184853,312.247
0.0572196,318.291
0.132746,316.501
0.141,339.732
0.137684,331.933
-0.148834,300
-0.153642,300
-0.151017,300
-0.158768,300
-0.153036,300
-0.151199,300
0.174667,339.813
0.170286,319.566
0.167,339.82
0.1716,318.552
0.15808,329.562
0.159333,339.825
0.157407,324.509
0.155616,321.891
0.159758,322.097
0.167113,318.419
0.170214,316.3
0.161562,327.02
0.171101,316.093
-0.19,300
-0.19,300
-0.183945,300
-0.19,300
-0.18492,300
0.372765,300
-0.125869,300
-0.124495,300
-0.12372,300
-0.129145,300
-0.119435,300
-0.1145,300
-0.117535,300
-0.124813,300
0.366334,300
0.365792,300
0.369014,300
-0.0985366,300
-0.0958908,300
-0.0949305,300
0.38,300
0.378025,300
0.38,300
-0.181769,300
-0.181168,300
-0.188947,300
-0.19,300
-0.19,300
-0.181076,300
-0.167779,300
-0.165601,300
7.49E-16,339.799
0.0148514,339.811
0.0431137,331.052
0.37241,300
0.373994,300
0.376197,300
0.38,300
0.373194,300
0.372666,300
0.379536,300
0.38,300
0.372662,300
0.374108,300
0.372069,300
0.38,300
0.0598678,316.413
0.0663239,311.249
0.0688274,329.755
0.0702833,339.828
0.0690251,310.901
0.133458,321.06
0.133236,318.419
0.113408,329.217
0.112604,326.919
0.120041,339.843
-0.181977,300
-0.19,300
-0.187202,300
0.371442,300
0.38,300
0.37983,300
0.371927,300
0.38,300
0.38,300
0.374903,300
0.376157,300
-0.125563,300
0.0567151,320.14
0.0549497,324.8
0.0961813,316.734
0.0991948,318.44
-0.19,300
-0.19,300
-0.188071,300
-0.19,300
-0.186276,300
-0.19,300
-0.188618,300
-0.18216,300
0.358768,300
0.364719,300
0.356134,300
0.372279,300
0.38,300
0.377345,300
0.335941,300
0.334167,300
-0.19,300
-0.19,300
-0.187869,300
-0.14451,300
-0.149629,300
-0.151121,300
-0.150263,300
-0.150608,300
-0.184706,300
-0.19,300
-0.183983,300
-0.182676,300
0.371823,300
0.379833,300
0.372852,300
0.38,300
0.166159,300.046
0.16835,300.017
0.167518,300.02
0.165595,300.031
0.162373,300.087
0.165236,300.061
0.170542,300.016
0.146263,301.11
0.150144,300.708
0.154727,300.255
0.152496,300.5
0.152476,300.423
0.156339,300.214
0.159159,300.16
0.161821,300.129
0.197105,300
0.186375,300
0.183925,300.002
0.194568,300
-0.0937672,300
-0.085422,300
-0.090824,300
-0.102962,300
-0.101508,300
-0.104425,300
-0.110722,300
-0.0975857,300
-0.0819346,300
-0.0756951,300
-0.048686,300
-0.182596,300
-0.18312,300
-0.182339,300
-0.187193,300
-0.181988,300
-0.182391,300
-0.182848,300
0.0220482,300.016
0.00968348,300.001
-0.0148767,300
-0.0212721,300
0.0419841,335.292
0.0422798,339.83
0.0486735,325.639
0.051608,339.832
0.0460984,313.947
0.0428837,312.775
0.0375498,312.494
0.120645,300
0.113427,300
0.115469,300
0.115659,300
0.107808,300
0.105677,300
0.103876,300
0.10272,300
0.148221,336.493
0.142539,310.316
-0.19,300
-0.18378,300
-0.19,300
-0.182511,300
-0.182427,300
-0.183187,300
-0.182537,300
-0.182653,300
-0.182704,300
-0.182832,300
-0.19,300
-0.184164,300
-0.182808,300
-0.19,300
-0.19,300
-0.187079,300
-0.182804,300
0.0514193,300
0.0428397,300
0.281268,300
0.281958,300
0.281585,300
0.280956,300
0.280163,300
0.282923,300
0.37276,300
0.373909,300
0.372573,300
0.373082,300
0.38,300
0.372692,300
0.372202,300
0.379401,300
0.372301,300
0.372542,300
0.38,300
0.38,300
0.375691,300
0.372484,300
0.372791,300
0.371869,300
0.379632,300
0.371725,300
0.38,300
0.371986,300
0.375244,300
0.258467,300
0.250199,300
0.256291,300
0.38,300
0.377321,300
0.38,300
0.376966,300
0.372247,300
0.321857,300
0.32161,300
0.324749,300
0.322725,300
0.323098,300
0.326256,300
-0.00330053,325.452
5.06E-16,339.803
-0.00782986,306.673
-0.189239,300
-0.183345,300
-0.189788,300
-0.19,300
-0.182426,300
-0.182329,300
-0.19,300
-0.0793994,300
-0.0846502,300
-0.0811278,300
-0.0818295,300
0.0759408,300
0.0759962,300
0.0758127,300
0.0615678,310.138
0.0694241,312.591
0.0636531,335.134
0.0626366,339.836
0.0703322,316.553
0.0721662,339.839
0.071087,312.588
0.0790272,336.773
0.105862,333.648
0.107881,339.843
0.101857,312.172
0.193981,322.557
0.19,339.805
0.197789,306.963
0.197656,307.074
0.195202,317.265
0.197826,306.708
0.247973,300
0.250238,300
0.250395,300
0.254612,300
0.310387,300
0.307362,300
0.311895,300
0.311012,300
0.317131,300
0.318772,300
0.318881,300
0.287385,300
0.293174,300
0.28767,300
0.286172,300
0.31898,300
0.322924,300
0.318961,300
0.238231,300
0.238147,300
0.215612,300
0.219754,300
0.21766,300
0.221488,300
0.218486,300
0.224944,300
0.155331,300.245
0.177823,300.003
0.178432,300.002
0.175188,300.005
0.172832,300.012
0.175249,300
0.168028,300
-0.00800949,306.49
-0.00800006,306.198
-0.00636082,313.585
3.79E-16,339.802
-0.00712858,310.421
-0.00811205,306.373
-0.0286239,300
-0.0362241,300
-0.0333901,300
-0.0375082,300
-0.0416679,300
-0.0357179,300
-0.111765,300
-0.115348,300
-0.11824,300
-0.122744,300
-0.126047,300
-0.124605,300
-0.132083,300
-0.132927,300
-0.12193,300
0.115491,311.154
0.126169,307.3
0.125,307.794
0.123952,308.162
0.123419,308.424
0.124665,307.876
0.122829,308.526
0.121594,309.13
-0.133393,300
-0.133823,300
-0.126209,300
-0.131562,300
0.372114,300
0.379947,300
-0.111002,300
-0.104277,300
-0.110442,300
0.197952,306.598
-0.141177,300
-0.142582,300
-0.14944,300
-0.182513,300
-0.186982,300
-0.182368,300
-0.19,300
-0.188628,300
-0.19,300
-0.182682,300
-0.182607,300
-0.182074,300
-0.19,300
-0.183601,300
-0.182652,300
-0.183327,300
-0.18267,300
-0.182253,300
-0.19,300
-0.187431,300
0.0562881,321.828
-0.182493,300
-0.182451,300
-0.183853,300
-0.19,300
-0.19,300
-0.184681,300
-0.182367,300
0.373407,300
0.377889,300
0.38,300
0.378037,300
0.38,300
0.374246,300
0.372367,300
0.372421,300
-0.16668,300
-0.163265,300
-0.161305,300
-0.15559,300
-0.182451,300
-0.184596,300
-0.182782,300
-0.18324,300
-0.19,300
-0.182453,300
0.144335,301.376
0.1443,301.35
0.135317,326.633
0.129255,321.357
0.128429,322.221
0.128449,320.263
0.0493221,302.009
0.113292,311.91
0.0919413,312.525
0.0821882,312.095
0.0703993,310.835
0.0708459,310.654
0.0704632,310.491
-0.0670954,300
-0.0557195,300
-0.061826,300
0.174871,303.044
0.170415,309.466
0.162498,339.821
0.168494,321.592
0.237122,300
0.232513,300
0.237919,300
0.0495915,310.518
0.055779,308.594
0.0527619,320.509
0.0760061,300
0.083115,300
0.0626869,300
0.311845,300
0.320796,300
0.37128,300
0.371401,300
0.0579711,300
0.0529435,300
0.150599,304.962
0.12596,338.394
0.123116,305.713
0.128994,308.476
0.122932,300
0.145708,300
0.147652,300
0.13258,300
0.00398867,300
0.0281832,310.459
0.0236301,304.674
0.0303362,320.917
0.0324823,311.521
0.030989,339.826
0.00620974,305.386
0.0221324,300.016
-0.0101447,300
0.00951894,300.001
-0.00343868,300
-0.0179239,300
-0.0112316,300
-0.012075,300
0.371672,300
0.377809,300
0.372028,300
0.38,300
0.371423,300
0.374204,300
0.197096,305.565
0.0151896,338.147
0.0183448,316.748
0.0151619,339.811
0.019866,323.364
0.021009,317.799
-0.165098,300
-0.171214,300
0.379639,300
0.372047,300
0.372095,300
0.377894,300
0.38,300
0.36476,300
0.368209,300
0.36631,300
0.372234,300
-0.17647,300
-0.173623,300
-0.179282,300
-0.1753,300
-0.181829,300
-0.186747,300
0.152538,320.722
0.356196,300
0.371628,300
0.376866,300
0.371272,300
0.034074,313.287
0.0336316,313.599
0.0315452,314.829
0.128362,320.603
0.113925,327.395
0.120258,339.489
0.339054,300
0.343888,300
-0.00680658,306.131
-0.181793,300
-0.181913,300
-0.144839,300
-0.143148,300
0.0741237,323.205
0.0761401,312.901
0.0732616,339.829
0.0768735,317.488
0.0775994,313.059
0.0890344,306.636
0.128846,313.79
0.059015,315.141
0.10588,320.148
0.347446,300
0.354361,300
0.352258,300
0.371258,300
0.37897,300
0.371605,300
0.202621,300
0.208428,300
0.206926,300
0.212349,300
0.205228,300
0.208743,300
-0.0887891,300
-0.0158859,300
-0.0184683,300
-0.0256268,300
-0.0201877,300
0.0202116,300
0.103477,300
0.0935813,300
0.109426,313.062
0.112182,325.38
0.11544,312.904
-0.178636,300
-0.184408,300
-0.182599,300
-0.182477,300
-0.19,300
-0.183925,300
0.372346,300
0.245929,300
0.290099,300
0.294958,300
0.299143,300
-0.18164,300
-0.182344,300
-0.179836,300
-0.180051,300
-0.18918,300
-0.089256,300
-0.0971035,300
0.202018,303.224
0.203299,302.461
0.27807,300
0.281365,300
0.273985,300
0.276951,300
0.151264,315.375
0.146188,317.019
0.176206,301.329
0.183192,308.93
-0.0117599,303.68
-0.0148178,301.406
-0.0156934,300.717
0.0542873,303.678
0.0499686,302.25
0.0476268,301.503
0.0613046,306.91
-0.140288,300
-0.13712,300
-0.138881,300
0.299187,300
-0.109904,300
-0.110824,300
0.199351,305.032
0.0618831,309.847
0.0565477,320.78
0.372742,300
0.370091,300
0.37694,300
0.331608,300
0.329084,300
0.332217,300
0.333958,300
-0.182371,300
-0.18488,300
-0.182058,300
-0.19,300
-0.184172,300
-0.110615,300
0.324952,300
0.340691,300
0.372065,300
0.367585,300
0.366896,300
0.364837,300
0.363676,300
0.362618,300
0.357469,300
0.360616,300
0.360646,300
0.0651886,306.217
0.367828,300
0.367335,300
0.206216,300.533
0.202213,303.728
0.204672,301.348
0.203075,302.902
-0.0992526,300
-0.0993358,300
-0.09891,300
-0.0985498,300
-0.123808,300
-0.118634,300
-0.17568,300
-0.181866,300
-0.178165,300
0.281584,300
0.289036,300
0.314636,300
0.316761,300
0.371164,300
-0.138802,300
0.0301021,300.093
0.0351315,300.202
0.0250234,300.026
0.0625084,307.481
0.0574323,325.781
-0.0963038,300
-0.113827,300
-0.118008,300
-0.0344479,300
-0.0408221,300
-0.0368381,300
-0.0161677,300.478
-0.0162756,300.469
-0.0169354,300.357
-0.00916161,305.611
0.167602,304.412
0.17339,300.511
0.184334,308.521
0.192292,302.324
0.17422,300
0.180616,300
0.179735,300.001
0.22075,300
0.220929,300
0.220804,300
0.284801,300
0.283037,300
0.203117,301.928
0.0799219,300
0.0828834,300
0.0663312,300
0.0742721,300
0.201527,300
0.197387,300
-0.176611,300
-0.176429,300
-0.173891,300
-0.174612,300
-0.173447,300
-0.175318,300
-0.17261,300
-0.172188,300
-0.172426,300
0.370786,300
0.368043,300
0.285734,300
0.298962,300
0.368173,300
0.364546,300
0.261805,300
0.235989,300
0.362854,300
0.370897,300
0.0271101,300.842
0.0307454,307.981
-0.17889,300
-0.181593,300
-0.175582,300
-0.174395,300
-0.173468,300
-0.1725,300
-0.181975,300
0.112324,307.525
0.11595,304.81
0.119707,301.759
0.110136,300
0.108348,300
0.109562,300
0.0217583,300
0.0125275,300
0.0121334,300
0.0120584,300
0.0118503,300
0.0112397,300
0.0447574,306.672
0.0439015,301.655
0.0495562,305.166
0.0411973,305.919
-0.0168866,300
-0.0715677,300
-0.0800107,300
-0.0827814,300
0.19617,300
0.189248,300
0.194196,300
0.364252,300
0.363309,300
0.315712,300
-0.173847,300
-0.173093,300
-0.172288,300
0.134547,323.302
0.134491,323.11
0.0847549,307.984
0.0813543,302.154
0.0883869,303.146
0.0770314,311.613
0.109708,316.652
0.103077,314.088
0.0980798,311.619
0.0943589,305.494
0.099322,307.771
-0.171485,300
0.0109037,307.517
-0.137622,300
-0.140511,300
-0.135037,300
-0.137164,300
-0.126621,300
-0.13135,300
0.156455,317.443
0.169034,314.744
0.162783,313.038
0.164557,310.061
0.162734,310.888
0.167332,309.466
0.341234,300
0.0314664,311.847
0.0130938,306.875
0.0198491,314.116
0.0245993,313.535
0.0238831,308.517
0.370054,300
0.375273,300
0.370032,300
0.38,300
-0.186609,300
-0.182354,300
-0.182864,300
-0.176485,300
0.367194,300
0.363194,300
0.361769,300
0.365098,300
-0.176033,300
-0.182158,300
-0.182032,300
-0.172035,300
-0.170549,300
-0.174078,300
0.195724,305.053
0.190917,308.398
-0.024645,300
-0.0291186,300
-0.0275009,300
-0.0252491,300
-0.00983532,300
-0.00381369,300
0.00966276,300.001
0.0219651,300.016
0.0148525,300.01
-0.173968,300
-0.175851,300
-0.174176,300
-0.175377,300
-0.176213,300
-0.00204018,303.905
0.0190197,300.924
-0.00628857,302.704
-0.00850052,303.268
0.00263051,300
-0.00347189,300
0.0416598,300
0.0484645,300
0.0425863,300
0.0415088,300
0.146355,300
0.135396,300
0.129965,300
0.140242,300
0.124969,301.602
0.139704,306.969
0.133761,308.217
0.133683,301.867
0.253021,300
0.254388,300
0.249894,300
0.364011,300
0.307993,300
0.308989,300
0.30542,300
0.306269,300
-0.179529,300
-0.172411,300
-0.0693796,300
-0.07324,300
0.0668428,300
0.06995,300
0.0873699,300
0.0896734,300
0.0701397,311.78
0.302232,300
0.300304,300
0.303616,300
0.302721,300
0.157003,300.181
0.141288,301.732
0.140502,301.919
0.141164,301.744
0.167749,300.517
0.156814,307.863
0.160051,325.432
0.160192,307.009
0.163126,307.105
-0.0589939,300
-0.0675969,300
-0.0551885,300
0.103344,313.062
0.107971,312.564
0.102946,312.93
0.0984544,312.734
0.103552,313.01
0.102997,313.081
-0.149763,300
-0.14998,300
0.0210735,307.889
0.123686,308.268
0.12962,305.989
0.124839,307.856
0.116862,310.564
0.100953,312.879
0.104288,313.007
-0.0477971,300
-0.0504324,300
-0.0480947,300
-0.0537606,300
-0.0525204,300
-0.0713206,300
0.141188,301.44
0.1473,300.878
0.142387,309.034
0.169224,300
0.170308,300
0.174107,300
0.179497,300
0.153627,300.275
0.141953,301.65
0.147312,300.979
0.15146,300.392
0.15827,300.182
0.16116,300.049
0.166007,300.027
0.168345,300.024
0.172579,300.006
0.290789,300
0.301878,300
0.247893,300
0.250011,300
0.246877,300
0.245795,300
0.235301,300
0.247311,300
0.20717,300.449
0.205275,300.711
0.0852576,301.91
0.0910164,301.986
0.0837993,309.88
0.0914653,309.766
0.0980697,308.394
0.061942,303.052
0.0727825,301.409
0.0672533,308.472
0.0654134,301.339
0.0629426,301.696
0.061593,301.417
-0.0821887,300
-0.0782038,300
-0.177201,300
-0.170695,300
-0.174099,300
-0.171101,300
-0.17524,300
-0.174951,300
-0.17305,300
-0.172331,300
-0.172055,300
0.302196,300
0.306506,300
0.306667,300
0.313898,300
0.360506,300
0.362699,300
0.359983,300
0.251594,300
0.23956,300
0.241361,300
0.241971,300
0.267281,300
0.263077,300
0.0679262,300
0.0758949,300
0.0685508,300
0.0630739,301.283
-0.173779,300
-0.181482,300
0.135495,302.214
0.138257,301.13
0.142651,300.196
0.100709,310.171
0.138665,300
0.133944,300
0.129486,300
-0.0148685,300
-0.00424544,300
0.0422215,300
0.0443563,300
-0.0109798,301.177
0.00704436,305.222
0.0231799,300.544
0.0148402,300.753
0.0205534,300.013
-0.055645,300
-0.0586539,300
-0.0609628,300
-0.0532699,300
-0.0576681,300
-0.053868,300
-0.0613506,300
-0.0590345,300
-0.0740393,300
-0.173662,300
-0.174655,300
-0.174351,300
-0.179103,300
-0.17263,300
-0.173686,300
-0.0207955,300
-0.016348,300
-0.0213108,300
-0.0229874,300
-0.0216167,300
0.00218453,300
0.00636475,300.001
-0.010674,300
0.241062,300
0.0967491,312.701
0.104138,313.034
0.202031,301.432
0.20258,301.767
0.204664,300.459
0.191895,303.669
0.189793,302.89
0.188315,305.633
-0.159086,300
-0.157209,300
-0.161217,300
-0.16554,300
-0.16297,300
-0.162361,300
-0.163259,300
-0.162522,300
-0.168102,300
0.360758,300
0.351296,300
0.352412,300
0.357314,300
0.340375,300
0.35072,300
0.350948,300
-0.17336,300
-0.17228,300
-0.179234,300
-0.179804,300
-0.125267,300
0.368815,300
0.0271314,305.757
0.0274433,305.531
0.352086,300
0.345104,300
0.331303,300
0.334756,300
-0.177119,300
-0.175579,300
-0.173037,300
-0.172944,300
-0.173186,300
0.179179,307.739
0.173413,314.098
0.181367,309.514
0.184793,305.726
0.17962,323.505
0.159985,309.206
0.157847,309.641
0.158578,308.466
0.157048,310.208
0.171031,315.335
0.174644,306.339
-0.161396,300
-0.133177,300
-0.00516151,305.504
-2.78E-05,304.916
0.338643,300
0.33197,300
0.328692,300
0.123274,309.737
0.118309,311.435
0.133148,321.822
0.125931,314.214
0.122654,311.241
-0.171499,300
-0.180372,300
-0.172396,300
-0.176869,300
-0.17219,300
0.111734,310.755
0.101876,307.544
0.0903191,303.622
0.0726663,303.178
0.0671109,308.65
0.0720869,302.906
0.0731971,302.723
0.0720996,303.247
0.0725384,302.767
0.329044,300
0.324407,300
0.318474,300
-0.170807,300
0.362358,300
0.368611,300
0.361321,300
0.363215,300
0.120928,309.158
0.197756,300
0.205141,300
0.186005,300
0.180863,300.001
0.188277,300
0.179946,300.001
-0.0410828,300
-0.0461335,300
-0.0471409,300
-0.0402969,300
-0.0328291,300
-0.0305826,300
-0.0986976,300
-0.173202,300
-0.0206093,300
-0.0267675,300
0.121797,300
0.116988,300
0.118393,300
0.0937305,300
0.0991919,300
0.0972469,300
0.102546,300
0.0983519,300
0.147627,300.292
0.151113,300.879
0.162659,300.625
0.158788,304.703
0.157172,300.546
0.148269,300
-0.172047,300
-0.181106,300
-0.17482,300
-0.173387,300
-0.182735,300
0.369742,300
0.363304,300
0.361718,300
0.360159,300
0.361787,300
0.366455,300
0.36249,300
0.365383,300
0.363803,300
0.36662,300
0.229632,300
0.231513,300
0.272804,300
0.280209,300
0.276241,300
0.27488,300
0.290307,300
0.296051,300
-0.173479,300
-0.178557,300
-0.172947,300
-0.173419,300
0.202966,300
0.199753,300
0.220671,300
0.195412,301.721
0.203932,300.853
0.244727,300
0.233294,300
0.230763,300
0.221271,300
0.173819,300
0.18971,301.244
0.183754,307.658
0.183089,300.093
0.18446,300.193
0.177812,300.412
0.0951503,301.768
-0.0260618,300.027
-0.0263432,300.013
-0.0152855,300.695
-0.0151758,300.671
-0.0155296,300.499
-0.0155612,300.498
-0.0435088,300
-0.126905,300
-0.127585,300
-0.127135,300
-0.107382,300
-0.113656,300
-0.103484,300
-0.105319,300
-0.0965408,300
-0.104412,300
-0.105377,300
-0.104155,300
0.0374513,300.235
0.0549602,319.601
0.0552512,318.604
0.0479172,315.996
0.0476995,309.577
0.0559903,319.869
0.0568901,323.131
0.0577443,325.743
0.0590217,323.155
0.0642543,310.764
0.0661183,311.09
0.0637962,313.781
0.0587011,318.911
0.0658933,308.821
0.36535,300
0.370406,300
0.371025,300
0.36381,300
0.362259,300
-0.110937,300
-0.120084,300
-0.123166,300
0.207999,300.373
0.351164,300
0.360786,300
0.364238,300
0.364586,300
0.36882,300
0.370879,300
0.313484,300
0.317678,300
0.314439,300
0.315443,300
0.308199,300
-0.181258,300
-0.177381,300
-0.175572,300
-0.174406,300
-0.181059,300
-0.174047,300
-0.17468,300
-0.179289,300
-0.172773,300
0.304565,300
0.308811,300
0.362492,300
0.361841,300
0.361593,300
0.366494,300
0.362457,300
0.362825,300
0.364017,300
0.368256,300
0.343965,300
0.351017,300
0.360733,300
0.206803,300.432
0.20987,300.403
0.214672,300.043
-0.120699,300
-0.111304,300
0.371776,300
0.356768,300
0.360098,300
0.355615,300
0.260163,300
0.260202,300
0.260754,300
0.0566374,304.643
0.0599872,306.209
0.0572039,319.086
0.0656264,313.198
0.0761672,302.731
0.076038,302.964
0.0755615,302.738
0.0763183,302.72
0.0757778,302.893
0.052137,308.121
0.0573141,325.76
0.0560839,324.811
0.0403578,305.803
0.0266935,300.066
0.0298288,300.075
0.0369759,300.216
0.0470184,301.335
0.0402332,300.794
0.0396763,300.576
0.0414385,300.548
0.0325844,300.09
-0.08396,300
-0.0870444,300
-0.105622,300
-0.0988846,300
-0.00722115,302.923
-0.016698,300.446
-0.0200741,300.295
-0.024708,300.053
-0.0256092,300.015
-0.0263938,300.011
-0.0212201,300
0.196428,300.431
0.175434,300.463
0.182409,300
0.184801,300
0.182559,300
0.183331,300
0.187033,300
0.191173,300
0.229589,300
0.2047,300.754
0.0724162,300
0.0702483,300
0.0751216,300
0.220331,300
0.206662,300
0.210327,300
0.185202,300
-0.173252,300
-0.170193,300
-0.170149,300
-0.165342,300
0.353277,300
0.358548,300
0.357304,300
0.361722,300
0.361339,300
0.357364,300
0.294783,300
0.302807,300
0.283266,300
0.285306,300
0.279388,300
0.275005,300
0.222392,300
0.221267,300
0.220327,300
0.220975,300
0.228717,300
0.357403,300
0.353832,300
0.352757,300
0.360044,300
0.357758,300
-0.172258,300
-0.171979,300
-0.174315,300
-0.171679,300
0.146989,300
0.152117,300
0.145685,300
0.142226,300
0.164532,300.051
0.165988,300.145
0.149096,301.716
0.143447,309.375
0.117457,300.156
0.118788,300.048
0.120098,300.469
0.112945,301.75
0.115793,300
0.109469,300
0.0869673,300
0.0877078,300
0.0879158,300
0.0919989,300
0.126004,300
0.11014,300
0.0993803,300
0.0270099,300.061
0.0297741,300.227
0.041785,300.518
0.0540609,305.891
0.0304424,300.029
0.0368181,300.042
-0.171257,300
-0.164485,300
-0.0825283,300
-0.0774981,300
-0.110249,300
-0.0820384,300
-0.032914,300
-0.0317157,300
-0.0221878,300
0.195813,300
0.114391,311.64
0.110431,312.133
0.114256,311.768
0.113588,311.814
0.359326,300
0.368331,300
0.362162,300
0.362195,300
0.353519,300
0.364041,300
0.361975,300
0.363343,300
0.361799,300
0.362529,300
0.203962,300.456
0.331542,300
0.33545,300
-0.162346,300
0.152614,309.284
0.152005,307.419
0.156842,306.178
0.156917,308.371
0.0955007,302.278
0.094047,302.125
0.0935676,301.52
0.092402,302.107
0.107128,304.377
0.116573,307.659
0.362766,300
0.362255,300
0.362315,300
0.363765,300
0.362088,300
0.365468,300
0.362114,300
0.365573,300
0.134092,323.114
0.124783,320.753
0.131356,316.567
0.125076,317.733
0.326339,300
0.324282,300
0.330802,300
-0.138006,300
-0.140678,300
-0.14186,300
-0.135785,300
-0.13427,300
-0.150317,300
-0.143631,300
-0.151332,300
0.165471,305.151
0.168627,303.433
0.168408,303.658
0.169011,303.497
0.168623,303.856
0.169284,303.761
0.180008,303.376
0.180338,302.028
0.185775,302.483
0.182579,301.953
-0.16472,300
-0.162523,300
-0.169587,300
-0.160813,300
-0.163444,300
-0.168795,300
-0.167673,300
-0.164494,300
0.0158633,302.679
0.0163553,303.263
0.0194162,303.573
0.345681,300
0.355299,300
0.349309,300
-0.149283,300
-0.151638,300
-0.146134,300
-0.143118,300
0.195459,301.461
0.202347,300.379
0.198789,301.677
0.0928545,312.475
0.0899845,312.401
-0.0107513,300
0.0113891,300.001
0.015002,300.003
-0.172748,300
-0.065551,300
-0.0692589,300
-0.0684375,300
-0.0600838,300
-0.0651194,300
-0.0508514,300
-0.0487291,300
-0.0505261,300
0.011437,300.001
0.0071844,300.056
0.00917342,300.245
0.00804847,300.026
-0.0120384,300.046
-0.00964193,300.887
-0.0147559,300
-0.0199937,300
0.0201448,300
0.0119337,300
0.00697975,300
0.00409738,300
0.0191129,300
0.0157646,300
0.00405185,300
0.0384486,300
-0.00464594,300
-0.00552444,300
-0.00633657,300
-0.00781992,300
-0.00668846,300
0.130847,300
0.122445,300
0.123091,301.331
0.139177,300.037
-0.170215,300
-0.17177,300
-0.169107,300
-0.162601,300
0.0662184,300.701
0.0696248,300.312
0.245051,300
0.244164,300
0.242231,300
0.363238,300
0.367905,300
0.364152,300
0.360981,300
0.0979273,300
0.0716372,300.262
0.076418,301.035
0.071569,310.821
0.0804206,301.131
0.081798,309.74
0.245927,300
0.23453,300
0.262387,300
0.133518,304.284
0.130208,305.43
0.14035,301.926
0.181857,300
-0.0636966,300
-0.0648968,300
-0.0513507,300
-0.0532021,300
-0.0534623,300
-0.0541339,300
-0.0531929,300
-0.054009,300
-0.0577957,300
-0.064274,300
0.14349,300.029
-0.011196,302.695
-0.0123401,301.814
-0.0185838,300.733
-0.0202604,300.253
-0.0127483,301.831
-0.0127693,301.926
0.181294,300
0.177046,300
0.140975,301.748
0.124563,307.497
0.124023,307.673
0.123779,307.76
0.260561,300
0.27338,300
0.235329,300
0.0882979,300.579
0.0858409,300.144
0.0851365,300.29
0.0850092,300.061
0.0829336,300.298
0.0774119,300.049
0.0700778,300.036
0.3625,300
0.297524,300
0.367364,300
0.366682,300
0.369608,300
0.369685,300
0.371569,300
0.352866,300
0.351966,300
0.354902,300
0.35375,300
0.354172,300
0.35557,300
0.351092,300
0.356988,300
0.351021,300
0.233441,300
0.258805,300
0.256243,300
0.235005,300
0.243431,300
0.0619128,301.091
-0.162914,300
-0.168276,300
-0.166043,300
-0.161713,300
-0.171162,300
-0.16144,300
-0.163902,300
-0.167946,300
-0.168781,300
0.132706,301.16
0.130644,300.097
0.126069,300.899
0.127225,300.112
0.134829,300.001
0.14004,300.003
0.135622,300.02
0.152526,300.004
0.154075,300.158
0.159942,300.006
0.11069,300.469
0.126031,300
0.118855,300
-0.00592871,300
-0.00578097,300
-0.0123782,300
0.00278447,300
0.0328223,300
0.0320323,300
0.0357999,300
0.0251539,300
0.0124308,300
0.0123428,300
0.0121692,300
0.0123822,300
-0.00270872,300.701
-0.00268805,300.042
0.00190173,300.038
-0.00237857,300.059
0.00278924,303.139
-0.0216601,300.014
-0.0163228,300.094
-0.0116143,300.016
-0.00336135,300.044
0.0164094,300.496
0.0167641,300.008
0.0200652,300.066
0.0274346,300.02
0.0289226,300.025
0.01994,300.005
0.0108378,300.001
-0.0695677,300
-0.0663251,300
-0.0789158,300
-0.0695811,300
-0.170947,300
0.0212069,300.01
-0.0264359,300
-0.018585,300
-0.0217243,300
-0.030992,300
0.0923899,312.436
0.0888484,312.299
0.199835,300.322
0.194023,300.224
0.192819,300.774
0.193318,300.3
0.204131,300.419
-0.159467,300
-0.156283,300
-0.14793,300
-0.153294,300
-0.144505,300
-0.137206,300
-0.129093,300
-0.136087,300
-0.137213,300
-0.136375,300
0.349052,300
0.351307,300
0.35098,300
0.0265976,305.194
0.0264478,305.474
0.0255617,302.568
0.0161756,302.568
0.0211252,301.824
-0.00920655,300.485
-0.159441,300
-0.159249,300
-0.159376,300
-0.159565,300
-0.159785,300
-0.120718,300
-0.125889,300
-0.130715,300
-0.125683,300
0.16379,302.849
0.158663,308.056
-0.141912,300
-0.133642,300
-0.152685,300
-0.158401,300
-0.153914,300
-0.148641,300
-0.145048,300
0.123612,318.722
0.121506,315.585
0.116919,313.041
0.113797,308.629
0.119035,314.384
0.120705,309.978
0.110082,306.037
-0.170855,300
-0.16866,300
0.0763626,302.72
0.0780163,302.599
0.12068,308.947
0.153989,303.833
-0.162939,300
-0.165791,300
-0.162827,300
0.31741,300
0.313079,300
0.318768,300
0.324794,300
-0.161374,300
-0.161429,300
0.214754,300.029
0.21383,300.073
0.208113,300.29
0.315484,300
0.310474,300
0.211928,300
0.218823,300
0.0913758,312.325
0.180074,300.001
0.185177,300.001
0.188255,300
0.154523,300.164
0.154159,300.176
0.152638,300.336
0.14104,301.686
0.155643,300.142
-0.0940204,300
-0.165971,300
-0.170332,300
-0.162862,300
-0.16349,300
-0.162431,300
-0.171641,300
0.0418777,300.054
0.0345426,300.816
0.0400923,300.236
0.0368924,305.939
0.0396284,301.054
0.0757687,300
0.0872132,300
0.117707,300.042
0.111623,300.073
0.103878,302.015
0.10513,302.062
0.106256,302.064
0.105579,301.908
0.105355,302.995
-0.162467,300
-0.167786,300
-0.166482,300
0.352574,300
0.352585,300
0.352577,300
0.352583,300
0.352581,300
0.216791,300
0.217954,300
0.215868,300
0.220072,300
0.223173,300
0.281002,300
0.272529,300
0.282954,300
-0.171676,300
-0.166669,300
-0.163317,300
0.191291,300
0.192312,300
0.178339,300
0.219394,300
0.209928,300
0.209528,300
0.212872,300
0.196849,300
0.203391,300
0.196566,300
0.208941,300
0.208389,300
0.214212,300
0.21266,300
0.211264,300
0.207378,300
0.211528,300
0.050403,300
0.0458223,300
0.20677,300.637
0.298753,300
0.285146,300
0.287603,300
0.284151,300
0.24298,300
0.240192,300
0.237099,300
0.162168,300
0.169209,300
0.173337,300
0.203359,300.338
0.208693,300.001
0.198769,300.007
0.197058,300.009
0.197919,300.008
0.18686,300.056
0.195073,300.008
-0.0257444,300.014
-0.127308,300
-0.126997,300
-0.0962886,300
-0.0966761,300
-0.103867,300
-0.0880413,300
-0.0828193,300
0.0409525,300.374
0.039308,300.352
0.0426956,300.474
0.0527774,302.768
0.0528112,302.775
0.0528471,302.787
0.0528576,302.792
0.0621871,317.778
0.0562788,310.445
0.0569153,319.413
0.0527897,306.847
0.307809,300
0.353384,300
0.350551,300
0.354199,300
0.350987,300
0.356071,300
0.153861,307.119
0.157044,302.375
0.160395,301.87
0.362096,300
0.34119,300
0.350031,300
0.344871,300
0.342641,300
0.354261,300
0.354198,300
0.352588,300
0.355253,300
0.355972,300
0.354741,300
0.345433,300
0.349845,300
0.359902,300
0.353672,300
0.35269,300
0.354316,300
0.361357,300
0.352572,300
0.331933,300
0.333716,300
0.34201,300
0.33282,300
0.332918,300
0.332081,300
0.361162,300
0.348674,300
0.36027,300
0.158789,301.543
0.15452,302.121
0.214946,300.017
0.20912,300.148
0.29684,300
0.298085,300
0.296432,300
0.296704,300
0.296473,300
0.0528383,302.782
0.052859,302.792
0.0411077,300.363
0.0494074,305.317
0.0438911,304.204
-0.0876909,300
-0.0931763,300
-0.0875405,300
-0.0673331,300
-0.0770536,300
-0.0780266,300
-0.0738809,300
-0.0741523,300
-0.0956893,300
-0.0879098,300
-0.085205,300
-0.0880006,300
-0.102484,300
-0.106985,300
-0.107379,300
-0.108397,300
-0.015997,300.47
-0.022952,300.045
-0.0212505,300.106
-0.0179176,300.208
-0.0119681,300
-0.0375113,300
0.197734,300.008
0.18741,300.004
0.200888,300
0.205576,300
0.206445,300
0.214683,300
0.165799,300.008
0.170917,300
0.165647,300
0.154697,300
0.156209,300
0.156771,300
0.157769,300
0.273438,300
0.269255,300
0.280905,300
0.266517,300
0.215497,300.063
0.218103,300.005
0.217066,300.003
0.0674887,300
0.0432666,300
0.0423692,300
0.0430248,300
0.0465936,300
0.0604722,300
0.208756,300
0.184389,300
0.19513,300
0.187126,300
0.192193,300
0.196756,300
-0.163983,300
-0.165786,300
-0.168019,300
-0.169906,300
-0.158005,300
-0.16073,300
-0.154376,300
-0.131177,300
-0.127591,300
-0.127383,300
-0.12943,300
0.288334,300
0.289,300
0.215561,300
0.218873,300
0.210326,300
0.193621,300
0.20225,300
0.203964,300
0.206194,300
0.212536,300
-0.165868,300
-0.164279,300
-0.167216,300
-0.161724,300
0.09909,300.709
0.104316,300.095
0.102467,300.504
0.111187,300
0.125621,300
0.0772088,300
0.0762479,300
0.0786187,300
0.0699244,300
0.0754639,300
0.0520652,300.142
0.0521705,300.004
0.054595,300.005
0.0460366,300.03
-0.0537515,300
-0.176549,300
-0.173327,300
-0.175495,300
-0.173261,300
-0.170245,300
-0.171794,300
-0.162968,300
-0.16514,300
-0.159912,300
-0.162507,300
-0.108754,300
0.142709,301.058
0.171602,300.006
0.170307,300.007
0.167867,300.009
0.178206,300.002
0.164946,300.026
0.155553,300.15
0.108532,312.139
0.100036,312.822
0.102918,312.82
0.110126,311.686
0.115148,311.275
0.217177,300
0.222677,300
0.124798,307.388
0.132451,304.446
0.137457,302.965
0.306794,300
0.305205,300
0.330587,300
0.321096,300
0.0382803,304.767
0.0317934,302.754
0.0328461,301.902
-0.16099,300
-0.164968,300
-0.162197,300
-0.158523,300
-0.160632,300
0.169451,300.992
0.169135,300.53
0.0918101,301.812
0.082954,302.955
0.0692048,315.574
0.0671234,317.052
0.075999,309.967
0.0590193,324.647
-0.160193,300
0.0942397,301.586
0.105404,302.505
0.136155,307.383
0.133739,308.484
0.124072,317.652
0.132836,314.955
-0.137313,300
-0.148302,300
-0.138902,300
0.191594,300.227
0.181233,301.209
0.17012,303.166
0.178648,300.669
-0.159294,300
-0.170222,300
-0.146903,300
-0.149225,300
-0.146492,300
-0.140156,300
-0.137766,300
0.113465,311.463
0.010623,300.001
0.0163934,300.009
0.0062304,300.001
0.00105845,300
-0.00878388,300
-0.00352206,300
-0.0453691,300
-0.0663272,300
-0.000940857,300
0.000900585,300
0.0308902,300.02
0.00647256,300.025
-0.000452132,300.001
0.00304639,300
0.0267634,300
0.0227121,300
0.0128666,300
0.155676,300
0.154616,300.003
0.128125,300.013
0.126337,300.001
0.122349,300.002
0.124993,300.008
-0.164028,300
-0.162259,300
-0.160476,300
-0.155325,300
-0.15703,300
-0.151052,300
0.0535166,300.002
0.0600046,300.023
0.0680675,300.037
0.240429,300
0.345083,300
0.345015,300
0.342039,300
0.340871,300
0.341542,300
0.342583,300
0.342204,300
0.344984,300
0.344924,300
0.343548,300
0.344287,300
0.341884,300
0.358509,300
0.358169,300
0.353702,300
0.35218,300
0.360261,300
0.34872,300
0.356728,300
0.352361,300
0.353342,300
0.264555,300
0.252384,300
0.260063,300
0.248048,300
0.235112,300
0.226595,300
0.139729,300
0.146309,300
0.144039,300
0.155686,300
0.193871,300
0.189324,300
0.18465,300
0.22088,300
0.225839,300
0.154016,300.186
0.145652,300.598
0.221167,300
0.215343,300
0.210242,300
0.235943,300
0.0917503,300.003
0.0872765,300.049
0.0994216,300.06
0.101657,300.086
0.0881652,300
0.0910938,300
0.084625,300
0.0849642,300
0.0917339,300.002
0.342149,300
0.345334,300
0.342234,300
0.341206,300
0.341218,300
0.343967,300
0.348953,300
0.349004,300
0.349311,300
0.220013,300.003
0.341419,300
0.339933,300
0.346758,300
0.34331,300
0.347848,300
0.341115,300
0.342561,300
0.352568,300
0.25651,300
0.255745,300
0.246967,300
0.245456,300
0.242176,300
0.0638141,300
0.0652497,300.001
0.0655972,300.001
0.0651977,300
0.0657398,300
0.0654116,300
0.0502827,300
0.0562632,300
0.0523983,300.001
0.0631484,300
-0.157783,300
-0.153774,300
-0.16505,300
-0.158709,300
-0.155382,300
-0.152307,300
-0.150545,300
0.122749,300.001
0.121841,300
0.120972,300
0.156862,300
0.102861,300.07
0.131247,300
0.13465,300
0.141974,300
0.137177,300
0.140513,300
0.0422784,300
0.0270099,300
0.0238721,300
0.0207989,300
0.0159859,300
0.012402,300
0.0250799,300
-0.0172568,300.007
-0.0211929,300.001
-0.0213539,300
-0.0220856,300
-0.0212443,300.002
-0.0136185,300.014
0.0362177,300.001
0.0403889,300.043
0.012081,300
0.00388237,300
0.00651846,300
0.00383671,300
0.0263225,300
0.0259251,300
0.0309718,300
-0.00477276,300
-0.00992126,300
-0.000415506,300
-0.0193098,300
0.0243567,300.016
0.0361466,300.317
0.02968,300.076
-0.0632182,300
-0.0655204,300
-0.0578716,300
-0.150832,300
-0.151618,300
-0.159251,300
-0.158531,300
0.0120953,300.002
-0.020435,300
-0.0129663,300
-0.00541014,300
-0.0227401,300
-0.022337,300
-0.0226654,300
0.124154,307.621
0.12607,306.555
0.11569,311.059
0.180821,300.322
0.175774,300.424
0.220685,300.007
-0.159131,300
-0.145904,300
-0.131554,300
-0.138443,300
0.345617,300
-0.0103778,300.207
-0.0129289,300.068
-0.0127679,300.11
-0.0158622,300.056
-0.172841,300
-0.133446,300
-0.161477,300
-0.149217,300
-0.150271,300
-0.15491,300
-0.169122,300
-0.159018,300
0.110864,307.233
0.121619,317.955
0.122821,316.563
0.0966841,302.152
0.0937506,301.761
-0.157742,300
-0.160483,300
-0.159858,300
0.0747233,313.575
0.0755574,314.977
0.0670989,319.057
0.0831682,305.106
0.0800955,311.202
0.0908143,304.075
0.137519,305.98
0.136391,306.147
0.167016,300.352
-0.152298,300
0.0256206,301.11
0.0227967,301.095
0.0259468,302.322
0.0238167,300.974
0.0310959,301
0.0393164,302.251
0.311655,300
0.31822,300
0.288654,300
0.316805,300
0.226733,300
0.224452,300.001
0.226035,300
0.221209,300.007
0.227462,300
0.225897,300
0.225051,300
0.232464,300
0.229015,300
0.1656,300.017
-0.0759656,300
-0.070005,300
-0.1081,300
0.0294215,300.08
0.0364197,300.12
-0.0643841,300
-0.064259,300
-0.0755026,300
-0.0668,300
-0.0529181,300
-0.0398044,300
-0.0496015,300
-0.0577915,300
-0.0356478,300
-0.04072,300
-0.0356849,300
0.100993,300
0.103786,300
0.0964674,300
0.0987974,300
0.0997041,300
-0.158537,300
-0.160975,300
-0.157285,300
-0.156936,300
-0.151064,300
-0.168141,300
-0.160215,300
-0.159434,300
-0.164102,300
0.204299,300
0.195523,300
0.287589,300
0.281487,300
0.27475,300
0.262186,300
0.266421,300
0.258204,300
0.341715,300
0.352298,300
-0.123598,300
-0.152621,300
-0.161548,300
-0.160682,300
-0.157413,300
0.203681,300
0.0497733,300
0.0437697,300
0.217823,300
0.281611,300
0.26745,300
0.15482,300.158
0.173919,300
0.172187,300
0.170346,300
0.16296,300
0.220911,300
0.224723,300
0.176865,300.002
0.180957,300.004
0.214511,300
0.219641,300
0.212523,300
0.199929,300.007
0.19038,300
0.196578,300
0.190201,300.003
-0.0240101,300
-0.022946,300
-0.0226136,300
-0.0227068,300
-0.0229369,300
-0.0899142,300
0.0433294,302.387
0.0339729,301.005
0.0517721,302.239
0.0524189,302.377
0.0524202,302.38
0.0518767,302.292
0.0526515,302.488
0.052759,302.528
0.0678702,309.179
0.0649181,308.106
0.064618,308.023
0.0657156,308.374
0.0642175,307.874
0.285725,300
0.277311,300
0.283067,300
0.29584,300
0.3094,300
0.338504,300
0.337148,300
0.337615,300
0.332613,300
0.334376,300
0.345407,300
0.34071,300
0.32705,300
0.330729,300
0.349402,300
0.34787,300
0.200653,300.237
0.194238,300.191
0.297369,300
0.302685,300
0.300042,300
0.304785,300
0.31319,300
0.0706682,310.036
0.0661378,308.483
0.0526151,302.426
0.051197,303.177
0.0535484,303.591
0.0524978,303.077
0.0304597,300.592
-0.0832972,300
-0.0212277,300
-0.0118209,300
-0.0226662,300
-0.0157195,300
-0.0461226,300
0.183052,300
0.19094,300
0.18026,300
0.184395,300.003
0.205349,300
0.205781,300
0.199185,300
0.200147,300
0.211317,300
0.212013,300
0.176042,300
0.165357,300.004
0.166268,300
0.164531,300
0.159522,300
0.215296,300
0.216349,300
0.232346,300
0.232385,300
0.232541,300
0.170327,300
0.165115,300
0.156675,300.095
0.15557,300.124
0.155005,300.166
0.26618,300
0.279529,300
0.274465,300
0.278873,300
0.0343429,300
0.0369285,300
0.0364956,300
0.0380507,300
-0.151363,300
-0.155502,300
0.258483,300
0.261205,300
0.276397,300
0.288289,300
0.278804,300
0.203059,300
0.348112,300
-0.15505,300
-0.148657,300
-0.149158,300
-0.152795,300
0.0937821,300
0.102077,300
0.104129,300
0.0998746,300.002
-0.0512348,300
-0.120524,300
-0.126144,300
-0.127426,300
-0.118158,300
-0.117037,300
0.211902,300
0.215406,300
0.213918,300
0.215661,300
0.217097,300
0.228188,300
0.233005,300
0.216071,300.014
0.223112,300.001
0.289661,300
0.302504,300
0.308119,300
0.313667,300
0.0577949,306.894
0.0590713,309.988
0.0637626,312.013
0.0636023,313.208
0.0661208,314.613
0.0219009,300.837
0.0118198,300.331
0.00974119,300.52
0.0172465,301.1
-0.14171,300
-0.137894,300
-0.144534,300
-0.157834,300
-0.14277,300
-0.148116,300
-0.152462,300
-0.147285,300
-0.14741,300
-0.150711,300
-0.14748,300
-0.150866,300
0.137526,305.607
0.148375,301.981
0.180069,300.081
0.17642,300.217
0.176868,300.087
-0.150157,300
-0.152005,300
-0.154311,300
0.0927458,301.481
0.0854182,301.804
0.103916,304.664
0.135795,306.409
0.123345,313.376
0.115223,312.169
0.110428,312.401
0.0977929,304.17
0.107099,309.192
0.110766,309.604
0.193593,300.197
-0.145651,300
-0.152136,300
-0.155375,300
-0.159249,300
0.211204,300.017
0.209225,300.09
0.21016,300.017
0.207084,300.249
0.0983172,312.782
0.0958843,312.642
0.120071,308.91
0.12526,307.142
0.132249,303.951
0.124561,307.048
0.137212,302.635
0.138002,302.775
-0.0328324,300
-0.0383264,300
-0.0382828,300
-0.0250002,300
-0.0339229,300
-0.0429494,300
-0.0399288,300
-0.0223057,300
-0.0372475,300
-0.0240679,300
-0.0413755,300
-0.0485431,300
-0.0137374,300
0.00331813,300
0.00465409,300
-0.140761,300
-0.143852,300
-0.0622661,300
-0.0504687,300
-0.0540054,300
-0.057813,300
-0.0527141,300
-0.0524599,300
-0.0597809,300
0.0148822,300.003
0.0139932,300
0.0106167,300
0.00865171,300.021
-0.0325702,300
-0.0349119,300
-0.0346615,300
-0.0253851,300
-0.0224145,300
-0.00697299,300.017
-0.00869498,300
-0.0095052,300
-0.00685543,300
-0.00996254,300
-0.0100488,300.005
-0.00980768,300
0.0522268,300
0.0652147,300
-0.137004,300
-0.137136,300
-0.143982,300
-0.150946,300
0.0903449,300
0.239707,300
0.246513,300
0.255309,300
0.340653,300
0.343966,300
0.33884,300
0.330086,300
0.32816,300
0.339976,300
0.329842,300
0.338495,300
0.331086,300
-0.0226145,300.047
0.348455,300
0.340857,300
0.342364,300
0.339385,300
0.237791,300
0.255242,300
0.251558,300
0.248006,300
0.257612,300
0.222387,300
0.21831,300
0.214774,300
0.217271,300
0.221639,300
0.19411,300
0.153693,300.003
0.151265,300.002
0.163615,300
0.151939,300
0.135379,300
0.13614,300
0.132589,300
0.133056,300
0.127239,300
0.219745,300
0.259401,300
0.266368,300
0.345467,300
0.33454,300
0.334565,300
0.333648,300
0.335506,300
0.32766,300
0.301528,300
0.230556,300
-0.0305197,300.016
-0.0305397,300.006
-0.0277143,300.012
-0.0264524,300.011
0.326764,300
0.325989,300
0.340033,300
0.326635,300
0.335221,300
0.325798,300
0.339705,300
0.246833,300
0.255709,300
0.262287,300
-0.0342345,300
-0.0363536,300
-0.143603,300
-0.139036,300
-0.145318,300
-0.136397,300
-0.142091,300
-0.143437,300
-0.143115,300
-0.135876,300
-0.139082,300
-0.142221,300
-0.136124,300
0.112698,300.002
0.117071,300
0.108605,300
0.105581,300.054
-0.03131,300
-0.0417228,300
-0.0465549,300
-0.0478197,300
-0.0200644,300
-0.0234619,300
-0.0212125,300
-0.0200735,300
-0.0374609,300
-0.0460708,300
0.00445773,300
0.0341851,300.068
-0.0665365,300
0.00194709,300
-0.00752183,300
-0.00384487,300
-0.0245208,300
-0.0168077,300
-0.0303195,300
0.119224,309.048
0.122218,307.935
0.106984,312.564
0.11194,311.608
0.0729748,310.25
0.0745295,310.48
0.0778881,311.683
0.205137,300.006
0.204732,300.009
0.211871,300.015
0.205745,300.005
0.210788,300.02
-0.142153,300
-0.141232,300
-0.140655,300
-0.14052,300
-0.0692304,300
-0.0766122,300
-0.0830821,300
-0.0124304,300.062
0.305151,300
-0.000675671,300.381
-0.00135825,300.085
0.00317978,300.195
0.00273495,300.582
0.14824,301.22
0.119841,313.343
0.0860522,309.801
0.0934182,306.847
0.102694,309.604
0.14461,301.514
0.136565,305.878
-0.149118,300
-0.147533,300
0.180006,300.059
-0.14539,300
-0.140718,300
0.0124978,300.136
0.00561176,300.098
0.0229302,300.836
0.014541,300.138
0.0277643,300.546
0.0541101,303.678
0.0893018,309.648
0.32206,300
0.288619,300
0.286196,300
0.218749,300.013
0.231228,300
0.226721,300
0.2279,300
-0.118399,300
-0.109487,300
0.0331134,300.042
0.0355284,300.146
0.0522538,302.328
0.0443251,300.491
0.0530532,302.804
-0.0560854,300
-0.0622683,300
-0.0637963,300
0.337047,300
-0.136263,300
-0.128077,300
-0.139013,300
-0.131379,300
-0.122715,300
-0.122754,300
-0.121389,300
-0.120868,300
-0.00753551,300
-0.00918649,300
0.283403,300
0.291624,300
0.280627,300
0.296338,300
0.0595992,304.267
0.0626318,306.167
0.0708041,308.701
0.177635,300
0.171366,300
0.167052,300
0.232602,300
0.24163,300
0.227127,300
0.232577,300
-0.0228002,300
0.033992,300.587
0.0415985,301.678
0.0405593,300.661
0.0366651,300.426
0.321539,300
0.324551,300
0.318743,300
0.323932,300
0.325186,300
0.324331,300
0.319411,300
0.32534,300
-0.144053,300
-0.134264,300
-0.149304,300
0.280204,300
0.311505,300
0.307892,300
0.306667,300
0.0303607,300.215
0.0445163,300.913
0.0526649,302.868
0.0511144,301.646
0.0481375,301.074
0.0280877,300.09
0.02589,300.063
0.221133,300
0.2244,300
0.222668,300
0.264705,300
0.253924,300
0.248858,300
0.161899,300.037
0.0675092,308.281
0.0745026,310.757
-0.0885931,300
-0.0968253,300
-0.0834525,300
-0.0975153,300
-0.122403,300
-0.115997,300
-0.138849,300
-0.140295,300
-0.122793,300
-0.133382,300
-0.109408,300
-0.119368,300
-0.107623,300
-0.10121,300
0.327364,300
0.334572,300
-0.0753431,300
-0.0806123,300
-0.067405,300
-0.0815076,300
0.0452636,300.405
0.0458375,300.562
0.0454571,300.463
0.046201,300.706
0.0451862,300.395
-0.119163,300
-0.118743,300
-0.121768,300
-0.122209,300
-0.12236,300
-0.121264,300
-0.124997,300
0.15648,300.093
0.22247,300
0.21783,300
0.215941,300
0.214129,300
0.206689,300
0.209556,300
0.225388,300
0.2134,300.014
0.245358,300
0.24384,300
0.238815,300
0.239145,300
0.237136,300
0.223665,300
0.221417,300
0.301504,300
0.29017,300
0.0567203,304.937
0.0668953,309.549
-0.001016,300.065
0.00894599,300.089
-0.00090111,300.018
-0.122193,300
-0.136405,300
-0.134267,300
-0.133439,300
-0.141355,300
0.175385,300.029
0.17197,300.065
0.186152,300.038
0.066857,313.551
0.0775153,315.758
0.0787112,313.214
0.0727998,317.897
0.150029,300.469
-0.149287,300
0.144641,301.15
0.136054,302.598
0.095816,307.354
-0.011724,300.043
-0.0117432,300.01
-0.0157155,300.491
-0.0330115,300.001
-0.0339607,300
-0.0177112,300.007
-0.0225589,300.006
-0.0140929,300.051
-0.0834029,300
-0.140329,300
-0.145713,300
0.0698587,309.252
0.074201,310.886
-0.0236396,300
-0.00734647,300
-0.0385417,300
-0.0415459,300
-0.040552,300
-0.0410241,300
0.00771249,300.001
0.0115005,300.001
-0.0665068,300
-0.0663809,300
-0.0749904,300
-0.0658541,300
-0.0272099,300
-0.0392437,300
0.0391172,300
0.0413006,300
0.0489114,300
0.0419024,300.04
0.0457522,300.006
0.0434002,300
-0.142191,300
-0.133456,300
-0.141402,300
-0.135168,300
-0.038572,300
0.28849,300
0.260689,300
0.322714,300
0.322962,300
0.326399,300
0.322383,300
0.324337,300
0.324586,300
0.314948,300
-0.0324858,300.01
-0.0345429,300
-0.03357,300.001
-0.034654,300
0.298897,300
0.302399,300
0.289581,300
0.290126,300
0.338823,300
0.330931,300
0.327675,300
0.329928,300
0.141108,301.036
0.138458,301.804
0.139119,301.556
0.141212,301.058
0.196613,300
0.203363,300
0.196501,300
-0.0670728,300
-0.0636712,300
-0.0704264,300
-0.0772812,300
-0.0755175,300
0.125343,305.687
0.13191,303.377
0.158561,300.065
0.256663,300
0.249914,300
0.332447,300
0.323981,300
0.324544,300
0.29572,300
0.278557,300
0.278581,300
0.278636,300
0.278671,300
0.278693,300
0.279334,300
0.325664,300
0.325955,300
0.325499,300
0.325604,300
0.32536,300
0.310384,300
0.318838,300
0.312671,300
0.315544,300
0.325179,300
0.310787,300
0.322535,300
0.321071,300
0.248499,300
0.248607,300
0.266202,300
0.27605,300
0.264906,300
-0.0495138,300
-0.0566069,300
-0.0552169,300
-0.0451593,300
-0.132794,300
-0.121702,300
-0.128153,300
-0.120964,300
-0.12046,300
0.0240993,300.053
0.0240945,300.05
0.043942,300.367
0.0318463,300.034
0.0278761,300.019
-0.0404147,300
-0.0656424,300
-0.0385215,300
-0.0259603,300
-0.0533146,300
-0.0507878,300
-0.0666349,300
-0.0781487,300
0.0229753,300.026
0.0215967,300.007
0.0206699,300.005
0.0160864,300.003
0.0214411,300.006
0.0126686,300.002
0.0228695,300.009
0.0117778,300.002
0.0107748,300.001
0.0832921,310.895
0.0901365,311.777
0.113405,310.926
0.130909,303.781
0.093116,311.877
-0.132587,300
-0.132889,300
-0.134082,300
-0.129405,300
-0.131356,300
-0.104047,300
-0.0843924,300
-0.0178935,300.003
0.171043,300.07
0.159369,300.318
0.162569,300.268
0.154326,300.821
0.155423,300.311
0.157808,301.12
0.10801,313.491
0.106925,313.555
0.109848,314.168
0.107986,314.195
0.0882329,311.83
0.0885513,311.646
0.0884084,311.764
0.0904243,312.021
0.186112,300.018
0.192851,300.006
0.192299,300.017
-0.131586,300
-0.131027,300
-0.127902,300
-0.128243,300
-0.13366,300
-0.133355,300
-0.136207,300
-0.135934,300
-0.134497,300
-0.134349,300
0.0098844,300.08
0.00800495,300.023
0.0197719,300.044
0.0553013,303.003
0.0667488,308.568
0.0722547,313.118
0.0881183,311.779
0.0663888,312.875
0.0749112,313.553
0.292282,300
0.305873,300
0.313071,300
0.304495,300
0.231587,300
0.231194,300
0.221132,300
0.236829,300
-0.108402,300
-0.120936,300
0.0453558,300.412
0.0594383,304.121
0.0631498,305.709
-0.0860844,300
-0.063333,300
-0.0509221,300
0.190749,300
0.192139,300
0.191174,300
-0.110313,300
-0.120278,300
-0.109763,300
-0.117112,300
-0.118124,300
0.164366,300.033
0.295558,300
0.00640029,300.007
0.0107227,300.004
0.176998,300.001
0.188972,300
0.177436,300.001
0.190353,300
0.232617,300
0.267255,300
0.266218,300
-0.0852179,300
-0.084816,300
0.325936,300
-0.117807,300
-0.11559,300
-0.111783,300
-0.126243,300
-0.0564337,300
-0.0500914,300
-0.0562037,300
-0.0706136,300
-0.0654369,300
-0.0976813,300
-0.0946883,300
-0.0880863,300
0.0749846,310.627
0.0805923,312.582
0.0638629,306.094
0.0479371,300.908
0.0461063,300.546
0.0588577,304.145
0.0551313,303.713
0.0632778,305.933
-0.120049,300
-0.112625,300
-0.107075,300
-0.110599,300
0.149047,300.234
0.146394,300.344
0.135901,302.243
0.135241,302.547
0.140954,301.013
0.15518,300.132
0.193736,300.003
0.205582,300.005
0.220058,300
0.213314,300
0.223154,300
0.132093,304.112
0.129621,307.562
0.108072,314.374
0.278844,300
0.280328,300
0.284679,300
0.282335,300
0.314834,300
0.305222,300
0.305754,300
0.279294,300
0.0884416,311.773
0.021842,300.071
0.0216575,300.076
0.022194,300.118
0.0215287,300.072
0.0213395,300.072
0.0210772,300.071
0.0209819,300.076
-0.0117338,300.005
-0.0148612,300.002
-0.112255,300
0.186721,300.188
0.185183,300.072
0.189668,300.077
0.190575,300.084
0.163311,300.124
0.165281,300.037
0.171619,300.029
0.156374,300.182
0.173954,300.025
0.150564,300.253
0.252104,300
-0.00208153,300
0.00860613,300.001
-0.00430334,300
-0.0382822,300
-0.0385298,300
-0.0594424,300
-0.0469766,300
-0.0608188,300
-0.127976,300
-0.122459,300
-0.122231,300
-0.124523,300
-0.119923,300
-0.139583,300
-0.0408696,300
-0.0460595,300
0.309683,300
0.305819,300
0.30853,300
0.313557,300
0.305689,300
0.308255,300
0.305355,300
0.303863,300
0.305795,300
0.298581,300
0.305241,300
0.312708,300
-0.0365993,300
-0.0373987,300
-0.0470964,300
0.25158,300
0.258922,300
0.278653,300
0.28221,300
0.278633,300
0.233038,300
0.258135,300
0.252923,300
0.249777,300
0.250728,300
0.252777,300
-0.0433714,300
-0.0350726,300
0.264017,300
0.255396,300
0.270256,300
0.266779,300
0.263923,300
0.264804,300
0.261117,300
0.29601,300
0.285639,300
0.299485,300
0.293396,300
0.304621,300
0.301741,300
0.304393,300
0.288086,300
0.287127,300
0.286794,300
-0.0427818,300
-0.0370715,300
-0.0455811,300
-0.0489115,300
-0.0264159,300.011
-0.0373246,300.001
-0.0343256,300
-0.0368266,300
-0.109895,300
-0.103155,300
-0.101743,300
-0.11923,300
-0.125881,300
-0.12067,300
-0.0482817,300
-0.0502658,300
-0.0497057,300
-0.140579,300
-0.139546,300
-0.147264,300
-0.0581424,300
-0.0449123,300
-0.0381529,300
-0.0598621,300
-0.0609963,300
-0.0376118,300
-0.0351835,300
-0.0207176,300
-0.0192468,300
-0.0179204,300
-0.0123497,300
-0.0116114,300
-0.0882557,300
-0.078056,300
-0.0719077,300
-0.0671842,300
0.156865,300.046
0.153594,300.116
0.153998,300.094
0.116148,310.454
0.115491,310.766
0.119201,309.146
0.123766,306.845
0.121248,311.556
0.125272,307.192
0.120409,313.146
0.116668,313.601
0.190987,300.001
0.187265,300.009
0.187184,300.004
0.183628,300.009
0.195061,300.006
0.204934,300.005
0.205805,300.002
0.192116,300.065
-0.107094,300
-0.0943464,300
-0.102099,300
0.00579277,300.003
8.80E-05,300.002
-0.00718765,300.002
0.0792698,312.353
0.0750849,309.549
0.0803121,311.545
0.10381,312.755
0.104016,312.943
0.104076,312.818
0.103686,312.808
0.289413,300
0.295153,300
0.30428,300
0.280235,300
0.25155,300
0.271274,300
0.265416,300
0.264953,300
0.242726,300
0.240025,300
0.237333,300
0.23776,300
0.239538,300
0.233162,300
0.226881,300
0.234765,300
0.229563,300
0.200848,300.003
0.207191,300
0.208896,300
0.227912,300
0.201458,300
0.206972,300
0.192141,300
0.0260502,300.053
0.0312298,300.124
0.0184614,300.008
0.0156085,300.004
-0.0881436,300
-0.0903659,300
-0.0781005,300
-0.0819002,300
0.17995,300.001
0.187679,300
-0.117849,300
-0.11795,300
-0.0983939,300
-0.104233,300
-0.104981,300
-0.0990336,300
0.321543,300
0.310926,300
0.31742,300
0.30789,300
0.248136,300
0.30707,300
0.310078,300
0.304289,300
0.297395,300
0.293687,300
0.300156,300
-0.0969493,300
-0.0937951,300
0.18581,300.001
0.192394,300.001
0.18786,300.001
-0.0720334,300
-0.0591514,300
-0.0626951,300
-0.0722352,300
-0.0731722,300
0.0446828,300.376
0.0394789,300.16
0.0338434,300.055
0.0144358,300.004
0.0115473,300.001
0.00637354,300.002
0.0241963,300.017
0.0283737,300.022
0.216526,300
0.216617,300
0.200703,300
0.216531,300
0.238648,300
0.234047,300
0.245771,300
0.247864,300
0.253014,300
0.251483,300
0.25137,300
0.246022,300
0.265002,300
0.266097,300
0.27911,300
0.261711,300
0.247179,300
-0.0166065,300.001
-0.0264303,300
-0.0250945,300
-0.0228912,300
-0.00487886,300
-0.0165764,300
-0.100457,300
-0.0939853,300
0.136438,301.943
0.133711,303.166
0.137224,301.672
0.138986,301.493
0.147205,300.765
0.153925,300.1
0.140394,301.286
0.134606,302.377
0.119451,310.086
0.118309,313.047
0.17128,300.004
0.169156,300.006
0.173072,300.005
0.165818,300.02
0.167865,300.011
0.168185,300.008
0.161792,300.036
0.165738,300.059
-0.0322332,300
-0.0685611,300
-0.0374648,300
-0.0237537,300
-0.0393412,300
-0.106607,300
-0.0961037,300
-0.0529058,300
-0.0605841,300
-0.0513939,300
-0.0510963,300
-0.116843,300
-0.119678,300
0.302986,300
0.305005,300
0.292696,300
0.292655,300
0.286811,300
0.284619,300
0.285862,300
0.280922,300
0.289246,300
0.293927,300
0.272076,300
0.275233,300
-0.0398387,300
-0.041054,300
-0.0346203,300
-0.0289682,300
-0.0245473,300.002
-0.0288687,300
-0.0341204,300
0.289322,300
0.286307,300
0.300533,300
0.298328,300
0.292365,300
0.284811,300
0.282588,300
0.280462,300
0.287935,300
0.281595,300
0.279015,300
0.275608,300
0.286701,300
-0.123309,300
-0.101903,300
-0.100329,300
-0.0684499,300
-0.0659613,300
-0.0405558,300
-0.096601,300
-0.0901327,300
-0.0901031,300
-0.0812486,300
-0.0965935,300
-0.0428725,300
-0.0280696,300
-0.0638176,300
-0.0487648,300
-0.0798978,300
-0.0867934,300
-0.0847275,300
-0.0873221,300
0.256623,300
0.260552,300
0.261996,300
0.256002,300
0.260633,300
0.264649,300
0.17236,300.02
0.183796,300.001
0.155292,300.05
0.167488,300.012
-0.0861813,300
-0.0976752,300
-0.0179953,300
-0.010793,300
-0.00853711,300
-0.0196439,300
-0.0238167,300
-0.0291714,300
-0.037109,300
-0.0366057,300
0.301792,300
0.293065,300
0.28681,300
0.292367,300
0.286817,300
0.265015,300
0.259014,300
0.21759,300
0.189313,300.002
0.264854,300
0.24261,300
0.251891,300
0.221775,300
0.215751,300
0.211563,300
0.196424,300
0.190909,300
-0.00294087,300
0.00524468,300.002
0.0112425,300.003
-0.0864413,300
-0.082407,300
-0.0880251,300
-0.0735919,300
-0.0745066,300
-0.0713241,300
-0.0637212,300
-0.0660199,300
0.191259,300.001
0.202158,300
-0.104999,300
-0.115928,300
-0.115721,300
-0.105611,300
-0.0867335,300
-0.0886964,300
-0.0938149,300
-0.0945004,300
-0.084555,300
-0.0888994,300
0.215096,300
0.206619,300
0.215968,300
0.194624,300.001
0.206843,300
0.203682,300
-0.0563713,300
0.24554,300
0.250183,300
0.245312,300
0.219252,300
0.22245,300
0.279878,300
0.266115,300
0.265283,300
0.278685,300
0.275687,300
0.28186,300
0.269387,300
0.273433,300
0.274691,300
0.273401,300
0.279956,300
0.286722,300
0.274327,300
0.263015,300
0.278864,300
-0.0466011,300
-0.0491073,300
-0.048547,300
-0.0477352,300
-0.0531173,300
-0.0455076,300
-0.0928199,300
-0.0901266,300
-0.0768974,300
-0.0858542,300
-0.0757529,300
-0.0858907,300
-0.0838364,300
-0.06851,300
-0.0508387,300
-0.0546279,300
-0.0564081,300
-0.0587867,300
-0.0733513,300
-0.0550487,300
-0.0579142,300
-0.0508375,300
-0.067218,300
0.266853,300
0.259402,300
0.262967,300
0.274774,300
-0.0672669,300
-0.0642438,300
0.269732,300
0.259752,300
0.258825,300
0.260499,300
0.257439,300
0.258498,300
0.257379,300
0.280301,300
0.279922,300
0.266004,300
0.270328,300
0.286673,300
0.279004,300
0.280387,300
0.286683,300
0.240033,300
0.225753,300
0.225764,300
0.234599,300
0.22479,300
0.229956,300
0.235996,300
0.258912,300
0.258767,300
0.245432,300
0.240515,300
0.277683,300
0.232433,300
-0.0446555,300
