0.02,339.935
0.02,339.929
0.03,339.929
0.03,339.933
0.01,339.935
0.01,339.932
0,339.929
0,339.931
0.03,339.938
0.02,339.94
0.01,339.941
0,339.936
0.03,339.943
0.02,339.945
0.01,339.945
0,339.944
0.03,339.948
0.02,339.949
0.01,339.95
0,339.95
0.03,339.952
0.02,339.954
0.01,339.954
0,339.955
0.03,339.957
0.02,339.959
0.01,339.958
0,339.959
0.03,339.96
0.02,339.962
0.01,339.962
0,339.963
0.03,339.96
0.02,339.964
0.01,339.964
0,339.964
0.03,339.962
0.02,339.965
0.01,339.964
0,339.965
0.03,339.962
0.02,339.965
0.01,339.964
0,339.964
0.03,339.959
0.02,339.964
0.01,339.963
0,339.963
0.03,339.956
0.02,339.961
0.01,339.96
0,339.962
0.03,339.955
0.02,339.957
0.01,339.957
0,339.957
0.03,339.952
0.02,339.952
0.01,339.952
0,339.952
0.03,339.947
0.02,339.947
0.01,339.948
0,339.949
0.03,339.94
0.02,339.943
0.01,339.943
0,339.943
0.03,339.934
0.02,339.938
0.01,339.938
0,339.934
0.03,339.933
0.02,339.933
0.01,339.933
0,339.926
0.03,339.93
0.02,339.929
0.01,339.928
0,339.925
0.06,339.878
0.05,339.887
0.05,339.884
0.06,339.878
0.04,339.901
0.04,339.904
0.03,339.95
0.03,339.951
0.06,339.881
0.05,339.891
0.05,339.886
0.06,339.88
0.04,339.905
0.04,339.906
0.03,339.951
0.03,339.95
0.165784,300
0.165787,300
0.165761,300
0.165713,300
-0.01822,300
-0.0186576,300
-0.0263263,300
-0.0163641,300
-0.0164417,300
-0.00843651,300
-0.00825688,300
-0.00840364,300
-0.00829241,300
-0.0177956,300
-0.0244912,300
-0.0147644,300
-0.0116418,300
-0.0179156,300
-0.0212951,300
-0.00451846,300
-0.00483784,300
-0.00472944,300
0.000272957,300
0.00116658,300
0.00117741,300
0.00109078,300
-0.0125839,300
-0.0139846,300
-0.00567151,300
-0.00491331,300
0.00344105,300
-0.00255656,300
-0.0103468,300
-0.0135455,300
-0.00683478,300
-0.0628003,300
-0.0637304,300
-0.063597,300
-0.0684199,300
-0.0670619,300
-0.0710274,300
-0.063112,300
-0.0587314,300
-0.0695625,300
-0.0613602,300
-0.000249603,339.011
-0.000852515,337.159
0,339.948
0,339.949
0.0965707,300.001
0.0956352,300.001
0.096263,300.001
0.0958008,300
0.111234,300
0.105751,300
0.0985567,300
0.116628,300
0.117163,300
0.110613,300
0.118816,300
0.101067,300
0.122477,300
0.0376952,300
0.0324469,300
0.0358458,300
0.0329638,300
0.0690519,300
0.0662406,300
0.0587333,300
0.0554007,300
0.0505372,300
0.0448994,300
0.0498127,300
0.0522581,300
0.0490833,300
0.0675047,300
0.101294,300
0.0946812,300.001
0.0909707,300
0.086517,300
0.0930267,300.001
0.0894166,300
0.100938,300
0.0765572,300.001
0.0806938,300
0.081073,300
0.069881,300
0.0682791,300
0.0580628,300
0.0588243,300
0.062321,300
0.0592169,300
0.0607385,300
0.0773825,300
0.0763858,300
0.0757477,300
0.0809574,300
0.0851129,300
0.0795765,300
-0.0367963,300.002
-0.0435634,300
-0.0354318,300.002
-0.0348472,300.002
-0.0432911,300
-0.0440487,300
-0.0459572,300
-0.0500975,300
-0.034934,300.002
-0.0503629,300
-0.0504671,300
-0.0350836,300.002
-0.0479998,300
-0.0506783,300
-0.054721,300
-0.0347655,300
-0.0244837,300
-0.0196023,300
-0.0178292,300
-0.0147599,300
-0.0267233,300
-0.0276591,300
-0.0164099,300
-0.0132463,300
0.0443941,300.005
0.0355092,300.005
0.0337665,300.269
0.033278,300.001
0.0303664,300.01
0.0299325,300.018
0.0307881,300.195
0.0265776,300.024
0.0657747,322.087
0.0635102,324.684
0.0619884,325.023
0.0763217,321.487
0.0761555,321.461
0.076188,321.523
0.0764051,321.348
0.0674478,321.364
0.0637109,324.719
0.0689402,319.13
0.0727158,314.737
0.0719509,315.652
0.0721922,315.345
0.0736508,314.147
0.0610522,324.573
0.0583821,326.419
0.057771,326.866
0.0776725,312.494
0.105903,300
0.105791,300
0.10524,300
0.107171,300
0.105922,300
-0.0390411,300
-0.0471691,300
-0.041583,300
-0.0357022,300
-0.0494388,300
-0.05104,300
-0.0425959,300
-0.0365578,300
-0.0382714,300
-0.0248829,300
-0.0348299,300
-0.0230912,300
-0.0492175,300
-0.0327332,300
-0.0351239,300
-0.0395007,300
0.0836926,302.733
0.0846337,302.325
0.0852442,301.906
0.086507,302.651
0.0800855,305.648
-0.0534864,300
-0.0484581,300
-0.0561896,300
-0.0609301,300
-0.0633273,300
-0.0614134,300
-0.0471267,300
-0.0635147,300
-0.0594651,300
-0.0712842,300
-0.0688436,300
-0.0694975,300
-0.0543123,300
-0.0576818,300
-0.00659848,305.594
0,339.907
-0.00638627,303.02
-0.0119796,300.722
-0.00665234,308.938
-0.00186601,330.421
-0.00218509,330.87
-0.00745617,308.656
0,339.923
-0.0121272,301.347
0.0595448,305.701
0.0616265,303.076
0.0634078,304.068
0.0564741,305.47
0.0625774,305.254
0.0577312,306.14
0.0580725,308.993
-0.0569879,300
-0.055109,300
-0.0562404,300
-0.0551473,300
-0.0528035,300
-0.0613277,300
-0.0608747,300
-0.0512169,300
-0.0582088,300
-0.0565754,300
-0.0477723,300
-0.0480833,300
-0.0616445,300
-0.0663308,300
-0.0532032,300
-0.0625108,300
-0.0708473,300
-0.0560773,300
-0.0621963,300
-0.0713684,300
0.06,339.872
0.0645344,312.349
0.065361,314.853
0.070644,307.424
0.065731,308.144
-0.0206504,300.673
-0.0239395,300.166
-0.0186577,301.722
-0.0164063,302.012
-0.0233226,300.245
-0.0282835,300.106
-0.0235573,300.242
-0.0314179,300.012
-0.0293819,300.04
-0.0148651,302.592
-0.0229861,300.345
-0.0334146,300.008
0.0777366,300
0.0818789,300
0.08054,300
0.08248,300
0.0838995,300
0.0848027,300
0.0879183,300
0.091782,300
0.0894643,300
0.0932661,300
0.0877904,300
0.192561,300
0.190199,300
0.19098,300
0.194454,300
0.195656,300
0.196459,300
0.195717,300
0.202655,300
0.200922,300
0.202509,300
0.202297,300
0.196885,300
0.196367,300
0.192485,300
0.198454,300
0.100945,300
0.0951669,300
0.109202,300
0.130381,300
0.11607,300
0.127861,300
0.125454,300
0.114014,300
0.12093,300
0.111269,300
0.091474,300
0.0966779,300
0.083557,300
0.0829507,300
0.099499,300
0.105045,300
0.0851838,300
0.100165,300
0.106563,300
0.109178,300
0.0911553,300
0.100803,300
0.114218,300
0.112061,300
0.124205,300
0.114322,300
0.12304,300
0.116176,300
0.103078,300
0.124721,300
0.105741,300
0.104524,300
0.0996262,300
0.0977962,300
0.0958145,300
0.0978542,300
0.0965872,300
0.0894358,300
0.0842359,300
0.0864772,300
0.0842995,300
0.0920727,300
0.138314,300
0.13377,300
0.137323,300
0.134556,300
0.120962,300
0.136509,300
0.114158,300
0.00250983,300
-0.00178753,300
0.0109165,300
-0.00154023,300
0.0182534,300
0.0339941,300
0.0265079,300
0.0160172,300
0.014891,300
0.0140283,300
0.0188966,300
0.0171691,300
0.0294707,300
0.0205923,300
0.173893,300
0.177819,300
0.179179,300
0.169058,300
0.167247,300
0.168131,300
0.165523,300
0.16764,300
0.16292,300
0.152014,300
0.157392,300
0.161262,300
0.165743,300
0.166454,300
0.154622,300
0.170933,300
0.168404,300
0.168507,300
0.159105,300
0.158107,300
0.151941,300
0.152893,300
0.153951,300
0.154825,300
0.169364,300
-0.0206916,300
-0.0293646,300
-0.030781,300
-0.0356066,300
0.0630121,327.493
-0.0114049,309.836
-0.0177842,301.361
-0.0158449,302.409
-0.0115811,307.446
-0.0148746,302.73
-0.0176702,300.889
-0.0191544,300.598
-0.021801,300.411
-0.0189419,300.913
-0.00668911,314.965
-0.0116023,305.846
-0.011227,306.23
-0.00809691,310.832
-0.00792615,310.966
-0.00227215,331.668
-0.00230735,332.129
-0.0153561,303.533
-0.0134577,303.991
-0.0137188,303.78
-0.0141468,303.226
-0.0127678,304.266
-0.0162359,302.04
-0.0166295,301.572
-0.0225315,300.551
-0.0176325,301.348
-0.00957176,310.035
-0.0614488,300
-0.061472,300
-0.0619706,300
0.192214,300
0.198085,300
0.196252,300
0.191267,300
0.200275,300
0.198515,300
0.198075,300
0.21,300
0.208721,300
0.201498,300
0.194635,300
0.192436,300
0.208495,300
0.201843,300
0.194173,300
0.183759,300
0.173271,300
0.178693,300
0.186207,300
0.182628,300
0.174517,300
0.170651,300
0.18716,300
0.171161,300
0.178425,300
0.187779,300
0.188535,300
0.184832,300
0.0066072,300
0.00536088,300
0.00760617,300
0.00792664,300
0.00170058,300
-0.000284588,300
0.00665141,300
0.00753906,300
0.0106332,300
0.0119901,300
0.0125611,300
0.010503,300
0.0191137,300
-0.000118404,300
0.00679798,300
-0.0123242,304.939
-0.0118541,305.565
-0.00835046,311.267
-0.00834102,311.199
-0.00543191,318.233
-0.00828219,310.774
-0.0259043,300.117
-0.0178148,301.42
-0.0212492,300.768
-0.016089,301.738
-0.0147108,303.333
-0.0543007,300
-0.054218,300
-0.0533002,300
-0.0541855,300
-0.0545605,300
0.194838,300
0.195761,300
0.194772,300
0.195057,300
0.194678,300
-0.0425504,300
-0.0388448,300
-0.0383913,300
-0.0373845,300
-0.0407558,300
-0.0380957,300
-0.0386801,300
-0.0334338,300
-0.033379,300
-0.0340452,300
0.184449,300
0.186307,300
0.187313,300
0.187569,300
0.188483,300
-0.0525538,300
-0.0535641,300
-0.0532502,300
-0.0420872,300
-0.0373755,300
-0.0441072,300
-0.0441426,300
-0.036316,300
-0.0533429,300
-0.0457646,300
-0.0461909,300
0.21,301.554
0.209118,301.475
0.209519,301.667
0.21,301.903
0.193956,301.858
0.193945,301.904
0.198007,303.344
0.193767,301.896
0.204397,304.356
-0.0073793,314.576
-0.00788729,312.361
-0.00482664,320.255
-0.00469753,320.864
-0.00511533,319.54
-0.00844894,310.964
0,339.937
-0.00121982,334.636
0,339.936
0.200416,300
0.195031,300
0.196931,300
0.198493,300
0.21,300
0.209512,300
0.209414,300
0.21,300
0.204469,300
0.203525,300
0.203791,300
0.20616,300
0.21,300
0.208541,300
0.20175,300
0.204157,300
-0.0165282,300
-0.0216615,300
-0.0286326,300
-0.0267578,300
-0.0341918,300
-0.0352841,300
-0.0341222,300
-0.0277814,300
-0.00104277,336.292
-0.00400378,323.174
0,339.945
0,339.939
-0.0123911,308.351
0,339.941
-0.00509162,321.731
-0.00450958,322.37
-0.00752347,313.489
0,339.934
-0.081097,300
-0.0831145,300
-0.0859796,300
-0.0874124,300
-0.09,300
-0.0749389,300
-0.0816245,300
-0.0750043,300
-0.0892038,300
-0.09,300
-0.0788602,300
-0.09,300
-0.0893668,300
-0.0798437,300
0.194408,300
0.193088,300
0.199625,300
0.196453,300
0.194698,300
0.187522,300
0.19351,300
0.185064,300
0.19689,300
0.185226,300
0.187657,300
0.194008,300
0.182784,300
-0.09,300
0.0464902,336.992
0.05,339.886
0.045,339.896
0.04,339.905
0.0448689,336.646
-0.0722039,300
-0.0724339,300
-0.0699418,300
-0.0674883,300
-0.0763673,300
0.03,339.911
0.03,339.96
0.0334737,336.768
0.03,339.96
0.124024,300
0.131642,300
0.128593,300
0.137916,300
0.129066,300
-0.0321575,300
-0.0351394,300
-0.0430623,300
-0.0409307,300
-0.0469617,300
0.189942,300
0.0336747,338.285
0.03,339.959
0.03,339.959
0.0379301,336.346
0.0376072,336.493
0.03,339.956
-0.09,300
-0.09,300
-0.0897182,300
0.205414,300
0.21,300
0.21,300
0.0324445,339.223
0.03,339.934
0.03,339.95
0.0383316,339.103
0.0438743,336.54
0.0370934,337.799
0.0381277,336.301
0.03,339.927
0.03,339.93
0.03855,333.78
0.04,339.905
0.0329094,334.694
0.03,339.936
0.0373897,326.369
-0.0832881,300
-0.09,300
-0.0817691,300
-0.0800894,300
-0.0784536,300
-0.0735861,300
0.199786,300
0.197991,300
0.192801,300
0.21,300
-0.0833514,300
-0.0829193,300
-0.0828179,300
-0.09,300
-0.0834918,300
-0.09,300
-0.09,300
-0.09,300
-0.0797858,300
0.21,300
0.203844,300
0.209473,300
0.21,300
0.04,339.904
0.038148,330.285
0.036035,329.36
0.03,339.933
0.0375736,326.96
0.0376066,326.084
0.04,339.911
0.0376491,339.173
0.03,339.939
0.0326889,339.094
0.20196,300
0.015956,300
0.0152128,300
0.0145677,300
-0.09,300
-0.0859108,300
-0.09,300
-0.00297705,328.047
0,339.924
0,339.925
0,339.923
-0.09,300
-0.09,300
-0.0895757,300
-0.09,300
-0.0865334,300
-0.09,300
-0.09,300
-0.0883498,300
-0.0844394,300
-0.09,300
-0.09,300
-0.09,300
-0.09,300
-0.0850002,300
-0.09,300
-0.0883625,300
-0.09,300
0.21,300
0.204206,300
0.21,300
0.21,300
0.21,300
0.201857,300
0.21,300
0.201728,300
0.21,300
0.06,339.876
0.21,303.174
0.21,305.772
0.202402,304.648
0.21,310.16
-0.09,300
-0.0875318,300
-0.09,300
0,339.952
-0.0007331,337.48
0,339.952
-0.00799141,313.571
0,339.952
0,339.951
-0.0881009,300
-0.09,300
-0.09,300
-0.09,300
-0.0855742,300
-0.00654782,315.91
-0.0049176,321.892
0,339.927
0,339.924
0.21,300
0.21,300
0.208865,300
0.21,300
0.21,300
0.20903,300
0.21,300
0.203648,300
0.0393951,300
0.0351979,300
0.0369901,300
-0.09,300
-0.085176,300
-0.0840598,300
-0.09,300
-0.09,300
-0.09,300
-0.0840998,300
-0.0815449,300
0,339.932
-0.09,300
-0.09,300
-0.0887718,300
-0.0815705,300
-0.0865775,300
-0.09,300
-0.0850455,300
-0.09,300
-0.09,300
-0.0886636,300
-0.09,300
-0.09,300
-0.087599,300
-0.09,300
-0.09,300
-0.0853255,300
-0.082494,300
-0.09,300
-0.0842753,300
-0.09,300
-0.09,300
-0.083315,300
-0.087274,300
-0.09,300
-0.09,300
0.0247464,300
0.0298724,300
0.0311275,300
0.0296357,300
0.0314166,300
-0.0320695,300
-0.0281977,300
-0.0253959,300
-0.00101789,300
0.00206555,300
-0.00215085,300
-0.00402439,300
0.03,339.91
0.0231312,323.869
0.02,339.914
0.00816889,329.16
0.0098558,339.915
0.21,300
0.204795,300
0.21,300
0.21,300
0.21,300
0.20543,300
0.21,300
0.204987,300
0.21,300
0.204479,300
0.204268,300
0.203263,300
0.203577,300
0.201376,300
0.21,300
0.20292,300
0.21,300
0.0941649,300
0.118474,300
0.118752,300
0.118808,300
0.110095,300
0.105432,300
0.205845,300.676
0.21,301.442
0.21,300.434
0.21,300.158
0.21,300.054
0.205373,300.052
0.21,300.007
0.208773,300.012
0.201892,300.036
0.203272,305.027
0.20314,305.131
0.21,308.068
0.21,306.569
0.21,303.766
0.21,313.298
0.205261,313.727
0.21,314.818
0.21,310.42
0.06,339.872
0.06,339.872
0.0674449,317.991
-0.00814996,308.844
-0.09,300
-0.09,300
-0.0883483,300
-0.0882143,300
-0.09,300
0,339.951
0,339.95
-0.00773661,313.991
-0.00695828,315.86
0,339.952
0,339.95
-0.00590541,318.697
-0.00722003,314.256
-0.00716566,314.36
0,339.946
0,339.945
-0.000962118,336.817
-0.00485922,324.147
-0.09,300
-0.09,300
-0.087813,300
-0.0865792,300
-0.09,300
-0.09,300
-0.0817867,300
-0.081689,300
-0.0821594,300
-0.0863504,300
-0.09,300
0.21,315.003
0.20674,314.379
0.208308,311.152
0.21,310.796
0.21,315.669
0.21,301.798
0.206268,300.928
0.21,300.615
0.0667732,319.01
0.208869,300
0.21,300
0.21,300
0.21,300.001
0.21,300.007
0.202093,300.002
0.21,300.184
0.205295,300.389
0.206074,300.103
0.21,300.074
0.208236,300.011
0.202027,300.017
0.201629,300.003
0.21,300.01
0.21,300.034
0.205634,300.029
0.202659,300.081
0.21,300
0.21,300
0.202652,300
0.201647,300
0.201667,300
0.21,300
0.209917,300
0.201891,300
0.201916,300
0.21,300
0.205329,300
-0.09,300
-0.0866247,300
-0.09,300
-0.09,300
-0.0892091,300
0.01,339.914
0,339.908
0.007231,326.216
0.087767,300
0.0848021,300
0.0903643,300
0.0952536,300
0.0892148,300
0.0862215,300
0.0806049,300
-0.09,300
-0.0867882,300
-0.0818835,300
-0.09,300
-0.09,300
-0.0890632,300
-0.0823315,300
-0.0828839,300
-0.0870462,300
-0.082352,300
-0.0825836,300
-0.0866636,300
-0.09,300
-0.09,300
-0.0821746,300
-0.0876741,300
-0.09,300
-0.09,300
-0.09,300
-0.0894344,300
-0.0872215,300
-0.09,300
-0.0808567,300
-0.0809966,300
-0.09,300
-0.0859331,300
-0.09,300
-0.0894107,300
-0.0818911,300
-0.0822115,300
-0.0874853,300
-0.0825883,300
-0.0832091,300
-0.09,300
-0.09,300
-0.00202406,331.689
0.0406695,300
0.0393089,300
0.0361005,300
0.0448238,300
0.039555,300
0.0572493,300
0.05662,300
0.0560249,300
-0.09,300
-0.0857799,300
-0.082217,300
-0.09,300
-0.0861433,300
-0.09,300
-0.0162362,300
-0.0158518,300
-0.0208053,300
0.00152565,300
0.00121745,300
0.00119208,300
0.0145251,300
0.00825012,300
0.0134579,300
0.0394741,300
0.0396454,300
0.013468,317.169
0.0155556,339.916
0.0201442,339.917
0.0159407,314.183
0.0150106,307.926
0.0175898,307.633
0.0225243,327.469
0.03,339.92
0.0318274,333.883
0.03,339.917
0.0328081,329.268
0.0376152,311.967
-0.0724678,300
0.21,300
0.21,300
0.207563,300
0.0328416,338.713
0.03,339.955
0.182826,300
0.183383,300
0.180467,300
0.189352,300
0.188435,300
0.192011,300
0.191766,300
0.204852,300
0.21,300
0.21,300
0.204874,300
0.21,300
0.201594,300
0.0466422,322.434
0.05,339.884
0.045,339.894
0.0451666,320.911
0.0458068,321.344
0.209866,300
0.202884,300
0.0460937,320.129
0.0465929,319.923
0.184021,300
0.165836,300
-0.0586992,300
-0.0582225,300
-0.0587854,300
-0.0588836,300
-0.09,300
-0.09,300
-0.0831585,300
-0.0824414,300
-0.0893894,300
-0.09,300
-0.0824966,300
-0.0824673,300
-0.09,300
-0.085899,300
0.0381598,336.199
0.170171,300
0.172153,300
0.178223,300
-0.0829144,300
-0.0720156,300
-0.0693524,300
-0.071766,300
-0.0825119,300
-0.0728014,300
0.0338487,327.629
0.03,339.925
0.0370078,317.255
0.21,300
0.205805,300
0.21,300
-0.0413801,300
0.145396,300
0.148198,300
0.146758,300
0.15207,300
0.148633,300
0.144491,300
0.141295,300
0.128709,300
0.128409,300
0.117934,300
0.122151,300
0.122182,300
0.0375258,320.361
0.036999,321.115
0.0376046,319.528
0.03,339.933
0.036999,321.115
0.03,339.929
0.03,339.924
0.0339917,327.201
0.163322,300
0.166962,300
0.160931,300
0.152157,300
0.155574,300
0.165299,300
0.167297,300
0.140805,300
0.136236,300
0.138826,300
-0.0816904,300
-0.09,300
-0.09,300
-0.0885863,300
0.0303475,339.737
0.0382212,334.972
0.03,339.959
0.032859,338.134
0.0348272,326.626
0.03,339.93
0.0348272,326.629
0.0372244,321.07
0.0336395,326.557
0.03,339.92
0.0376128,312.137
0.045486,336.174
0.0445826,336.195
0.0521736,336.416
0.0511228,336.264
0.05,339.889
0.130347,300
0.132982,300
0.135092,300
0.176015,300
0.178645,300
0.178699,300
0.116628,300
0.112233,300
0.107757,300
0.111298,300
0.11251,300
-0.0434332,300
-0.0309631,300
-0.0313263,300
-0.0330895,300
-0.0458356,300
-0.0540701,300
-0.0604666,300
-0.0628256,300
-0.0617553,300
0.208363,300
0.21,300
0.21,300
0.21,300
0.203517,300
0.21,300
0.21,300
0.202838,300
-0.0822098,300
-0.0826081,300
-0.0822474,300
-0.09,300
-0.0825781,300
-0.09,300
-0.0878427,300
-0.0824,300
-0.09,300
0.208521,300
0.201808,300
0.21,300
0.205226,300
0.21,300
0.21,300
0.207245,300
0.21,300
-0.0471805,300
-0.050171,300
-0.0510374,300
-0.0557836,300
-0.0527046,300
0.178554,300
0.17463,300
0.172898,300
0.171269,300
0.17407,300
0.159927,300
0.165261,300
0.157555,300
0.156084,300
0.15661,300
0.154907,300
-0.0732076,300
-0.0767212,300
0.207197,300
0.202649,300
0.202803,300
0.20273,300
0.0319853,338.228
0.03,339.96
0.03,339.96
0.0328297,337.019
0.03,339.959
0.034723,335.051
0.03,339.958
0.0525,330.706
0.0554331,315.932
0.201431,300
0.20595,300
0.200649,300
0.157751,300
0.0386807,335.833
0.0323422,338.795
0.0376453,336.677
0.03,339.957
0.0399748,325.753
0.045,339.893
0.05,339.881
0.0471034,330.44
0.0436711,327.933
0.045436,322.751
-0.09,300
-0.09,300
-0.0868843,300
-0.09,300
-0.0837275,300
-0.09,300
-0.09,300
-0.09,300
0.0392739,300
0.0190805,300
0.0258351,300
0.0222849,300
-0.0283367,300
-0.0302105,300
-0.0851454,300
-0.0817911,300
-0.0812738,300
-0.09,300
-0.09,300
-0.0872753,300
-0.0834833,300
-0.09,300
-0.09,300
-0.0892379,300
-0.09,300
-0.0819259,300
0.0462048,300
0.0457012,300
-0.0897713,300
-0.0825954,300
-0.0825176,300
-0.08855,300
-0.0819265,300
-0.0819445,300
-0.0817673,300
-0.0817508,300
-0.0817783,300
-0.0820704,300
-0.0819907,300
-0.0819888,300
-0.09,300
-0.0884376,300
0.0881155,300
0.0873066,300
0.0775224,300
0.077096,300
0.0765736,300
0.0742943,300
0.0691072,300
0.100018,300
0.0996138,300
0.103402,300
0.101494,300
0.100188,300
0.0267346,307.103
-0.0818996,300
-0.0836278,300
-0.09,300
-0.09,300
-0.0830931,300
-0.0821526,300
0.205462,300.001
0.201619,300.001
0.21,300
0.21,300
0.21,300
0.206097,300
0.202686,300
0.21,300
0.207129,300
0.21,300
0.209798,300
0.201669,300
0.201637,300
0.202751,300.141
0.202196,300
0.21,300
0.204881,300
0.202443,300
0.202249,300
0.21,300
0.203583,300
0.209606,300
0.202088,300
0.201695,300
0.21,300
0.201632,300.002
0.209085,300.008
0.209605,310.553
0.201835,304.748
0.201859,305.996
0.202435,313.454
0.203831,317.288
0.21,317.409
0.21,317.554
0.204662,316.727
0.202728,317.054
0.202568,317.25
0.202641,300
0.202527,300
0.202527,300
0.21,300
0.202763,300
0.21,300
0.21,300
-0.0823326,300
-0.0866684,300
-0.09,300
-0.0825746,300
-0.09,300
-0.00863746,310.943
-0.00855072,311.123
-0.00828464,312.08
-0.00803967,311.675
-0.0086604,311.367
-0.00859159,311.548
-0.00777973,313.017
-0.000392515,338.595
-0.00787228,312.761
-0.0817671,300
-0.0830208,300
-0.0830193,300
-0.083837,300
-0.0835568,300
-0.09,300
-0.09,300
-0.09,300
-0.0070144,314.683
0.203034,305.033
0.201946,300.001
0.207119,300.001
0.21,300.004
0.21,300.001
0.209475,300.005
0.202205,300.008
0.202399,300.004
0.21,300.005
0.111954,300
0.118833,300
0.11883,300
0.11847,300
0.118909,300
0.129534,300
0.125194,300
0.203773,300
0.202398,300
0.202374,300
0.21,300
0.205928,300
0.21,300
0.21,300
0.206613,300
0.202355,300
0.202192,300
0.202312,300
0.205878,300
0.21,300
0.21,300
0.21,300
0.206735,300
0.21,300
0.203912,300
0.202509,300
0.202446,300
0.104447,300
0.104044,300
0.0980888,300
0.100938,300
0.106634,300
0.21,300
0.207373,300
0.201466,300
0.20224,300
0.202533,300
0.20247,300
0.21,300
0.205823,300
0.202384,300
0.205529,300
0.21,300
0.21,300
0.205127,300
0.21,300
0.204191,300
0.21,300
0.209329,300
0.201778,300
0.201905,300
0.208178,300
0.21,300
0.202676,300
0.0261389,307.696
0.0179824,308.428
0.0144444,339.915
0.0140578,317.046
0.0162428,313.491
0.0154084,308.406
0.0038654,307.424
0.0129629,308.253
0.0102166,300
0.0122433,300
0.00870173,300
-0.00815316,300
0.0198123,300
0.0214477,300
0.0161016,300
0.0200691,300
0.0212936,300
0.0526008,300
0.0509326,300
0.0548704,300
0.0539105,300
0.0508928,300
0.0434264,300
0.0480204,300
0.0603973,300
0.0627507,300
-0.0889749,300
-0.0823269,300
-0.0818868,300
-0.0823338,300
-0.0865013,300
-0.09,300
-0.0823061,300
-0.0824994,300
-0.08599,300
-0.0821853,300
-0.08178,300
-0.082519,300
-0.0819345,300
-0.0846401,300
0.201868,304.462
0.208424,302.205
0.202402,301.392
-0.00775166,307.701
-0.00732739,310.096
-0.00744791,310.464
0,339.931
-0.00746773,313.898
-0.00786045,313.006
-0.09,300
-0.09,300
-0.0892485,300
0.0644646,300
0.0694595,300
0.0639751,300
0.063016,300
0.21,300
0.204843,300
0.203396,300
0.202566,300
0.202516,300
0.202668,300
0.209745,300
0.202024,300
0.202182,300
0.21,300
0.0742869,300
0.0751762,300
0.0737952,300
0.0711583,300
0.202214,317.252
0.21,316.919
0.201243,316.767
0.202694,317.368
0.201451,317.342
0.205862,300
0.21,300
0.21,300
0.204653,300
0.21,300
-0.0816869,300
-0.0871196,300
-0.0820187,300
-0.09,300
0.0673521,300
0.0660895,300
0.0588399,300
-0.0823952,300
-0.0819904,300
-0.08911,300
-0.0882184,300
-0.09,300
-0.0820312,300
-0.0818232,300
-0.0827309,300
-0.0835454,300
-0.084937,300
-0.09,300
-0.09,300
0.0525885,325.832
0.0543393,317.748
0.052515,318.176
0.0348695,335.954
0.0318714,338.419
0.03,339.957
0.0377291,334.816
0.03,339.96
0.0325829,337.688
0.0372392,333.44
0.0370147,333.811
0.037093,333.113
0.0373065,333.377
0.0374677,333.129
0.202517,300
0.20847,300
-0.045784,300
-0.0457129,300
0.147363,300
0.031836,334.222
0.0373879,316.591
0.0532546,332.83
0.0507515,334.236
-0.0822367,300
-0.0818737,300
-0.0866335,300
-0.081719,300
0.0609674,313.65
-0.0822479,300
0,339.949
-0.000771702,337.156
-0.00602003,318.162
-0.0033651,327.769
-0.0792912,300
-0.0795477,300
-0.0803367,300
-0.0815244,300
-0.09,300
-0.0822607,300
-0.0814708,300
-0.0814254,300
-0.0822867,300
-0.0815571,300
-0.09,300
-0.00100276,304.917
0.195131,300
0.202289,300
0.200171,300
0.2082,300
0.201836,300.068
0.205902,300.231
0.202134,300.489
0.199808,313.062
0.207419,308.714
0.202943,305.214
0,339.935
0,339.931
-0.00440719,322.042
-0.000490282,338.156
0,339.951
-0.0085015,311.767
-0.00839683,311.599
-0.00815603,312.411
-0.00816897,311.69
-0.0769286,300
0.202178,300
0.203979,300
0.196194,300.035
0.195692,300.062
-0.0825822,300
-0.0820997,300
-0.0821334,300
-0.0823678,300
-0.0832358,300
-0.09,300
-0.0820571,300
-0.0813542,300
-0.0872676,300
-0.0809652,300
-0.0809267,300
-0.0764023,300
0.041151,300
0.0485216,300
0.056391,300
0.0497206,300
0.0523725,300
0.0490041,300
0.037325,334.658
0.189924,300
0.192147,300
0.206082,300
0.203474,300
0.21,300
0.204911,300
0.202304,300
0.0462462,319.51
0.0381884,319.008
-0.0622422,300
-0.0644362,300
-0.0719561,300
0.0384292,336.218
0.0384201,336.28
0.181426,300
0.178958,300
0.178884,300
0.186269,300
0.187488,300
0.138537,300
0.136823,300
0.148337,300
0.15076,300
0.150963,300
0.0391441,332.442
0.0399321,332.617
0.0372058,308.669
0.0466593,335.195
0.0445531,333.799
0.0521334,332.32
0.05475,332.764
0.04681,335.759
0.0601903,327.966
0.0383425,336.558
0.0431133,337.159
0.045,339.9
0.0449493,336.771
0.0441762,336.409
0.0466572,335.469
0.0441688,336.217
0.173159,300
0.0366989,306.309
0.114889,300
0.157176,300
0.146522,300
0.140039,300
-0.0741533,300
-0.0737529,300
0.201012,300
0.201751,300
0.209299,300
-0.063405,300
-0.0640151,300
-0.0577927,300
-0.0653419,300
-0.0796247,300
-0.0766056,300
-0.084771,300
-0.0819637,300
0.184601,300
0.050212,315.352
0.0452568,318.047
0.0437769,314.786
0.0567006,316.012
-0.0821153,300
-0.0826878,300
-0.0855569,300
-0.080312,300
0.0289592,300
0.0299801,300
0.0282101,300
0.026748,300
-0.0236985,300
-0.0266025,300
-0.0222041,300
-0.0181942,300
-0.0820047,300
-0.0817401,300
-0.0875912,300
-0.0820393,300
-0.09,300
-0.0816091,300
-0.081536,300
-0.0807005,300
-0.0814106,300
-0.0818589,300
0.198209,300
0.202768,300
0.202339,300
0.201493,300
0.203055,300
0.202254,300
0.202377,300
0.202363,300
0.204683,300
0.20293,300
0.21,300
0.201746,311.934
-0.0802704,300
-0.0807033,300
-0.0802484,300
-0.0811113,300
-0.0825017,300
-0.0835079,300
-0.0809748,300
-0.081934,300
-0.0809459,300
-0.0825444,300
-0.0761468,300
-0.0886689,300
-0.0819604,300
0.201921,301
0.0653028,323.075
0.12283,300
0.201693,300
0.204822,300
0.202867,300
0.201291,300
0.201369,300
0.21,300
0.202655,300
0.21,300
0.208513,300
0.203941,300
0.209296,300
0.200408,300
0.201017,300
0.199686,300
0.20131,300
0.202168,300
0.20261,300
0.202082,300
0.0308069,306.654
0.0369746,309.271
-0.00821603,300
0.066932,300
0.0441517,300
0.0423008,300
0.0426893,300
0.0366681,300
0.0399496,300
0.0352729,300
0.0415582,300
-0.0818106,300
-0.0737412,300
-0.0808569,300
-0.00782416,310.649
0,339.929
-0.00497465,322.15
-0.00785156,311.417
-0.0819001,300
-0.084038,300
-0.0820618,300
-0.088452,300
-0.09,300
-0.082004,300
0.0579106,300
0.201366,317.313
0.0616362,300
0.0667003,300
-0.0786204,300
-0.0727525,300
-0.0822958,300
-0.0806596,300
-0.0842788,300
-0.0775267,300
0.0636891,312.512
0.0657737,315.576
0.0392118,333.118
0.037339,335.64
0.0391827,333.785
-0.0354251,300
-0.0360843,300
0.140047,300
0.140915,300
0.142376,300
0.14849,300
0.14254,300
0.126723,300
0.132501,300
0.0422212,333.518
0.0483098,331.738
0.0601792,306.111
0.0598654,306.462
0.0711713,306.286
0.0613876,305.934
0.0712687,307.704
-0.0669747,300
-0.0700118,300
-0.0671321,300
-0.0722054,300
-0.0805407,300
-0.0746113,300
0.0765199,300
0.0656438,300
0.0606903,300
0.0571075,300
0.0500825,300
0.200496,317.406
0.201428,317.327
0.0360487,300
0.0427555,300
0.0673164,300
0.0655485,300
0.0710764,300
0.068598,300
-0.0767389,300
-0.0768969,300
-0.0798094,300
-0.0735901,300
-0.0779258,300
-0.0795492,300
-0.0739794,300
-0.0105016,307.918
0.194818,300.045
-0.077141,300
-0.0760292,300
-0.0790607,300
-0.074159,300
-0.0742095,300
-0.0737072,300
-0.0737084,300
-0.0794971,300
-0.0732485,300
-0.072828,300
-0.0809096,300
0.0225006,300
0.0305768,300
0.0335143,300
-0.00820028,300
0.0371929,304.123
0.200715,300
0.196791,300
0.195814,300
0.196341,300
0.19819,300
0.1933,300
0.201069,300
0.202422,300
0.19852,300
0.198793,300
0.110057,300
0.20104,300
0.195208,300
0.201641,300
0.195845,300
0.193923,300
0.103428,300
0.106989,300
0.0588968,328.795
0.193717,301.874
0.202977,304.971
-0.0146507,303.671
-0.0164833,301.585
-0.0159238,302.101
-0.0164385,301.58
-0.00884514,310.69
-0.00865122,309.025
-0.0738955,300
-0.0750182,300
-0.074608,300
-0.0749826,300
-0.074816,300
-0.0824059,300
-0.079734,300
-0.0787229,300
0.200716,305.118
0.195878,308.631
0.0664555,319.776
0.0647703,321.461
0.0665258,319.456
0.0660376,320.101
0.201194,300
0.200726,300
0.201437,300
0.195337,300
0.195707,300
0.201572,300
0.193577,300
0.194285,300
0.201648,300
0.201133,300
0.201628,300
0.202752,300
0.202197,300
0.21,300
0.0223952,302.239
0.0196681,302.004
0.0208026,300.641
-0.0749394,300
-0.0766076,300
-0.0735042,300
-0.0809749,300
-0.0743439,300
-0.0779196,300
-0.0230804,300
0.0284669,300
0.0461698,312.295
0.0599816,306.031
0.190265,300
0.191979,300
0.0423194,309.443
0.0423563,309.335
0.0423532,309.349
0.166312,300
0.158335,300
0.0408741,311.353
0.0411399,309.799
0.0436037,307.74
0.0365976,323.803
0.0434433,303.276
0.0438152,304.554
0.0455232,302.897
0.04538,302.597
0.0461945,329.752
0.045733,329.973
0.0457778,329.905
0.0414785,331.629
0.0398147,332.286
0.196217,300
0.185093,300
0.19487,300
0.174725,300
0.172242,300
0.200637,300
0.198029,300
0.197895,300
-0.0753363,300
-0.0651177,300
-0.0719361,300
-0.0818393,300
-0.0717816,300
-0.0737076,300
-0.0696497,300
0.194561,300
0.194209,300
0.193941,300
0.128606,300
0.143046,300
0.141296,300
0.110402,300
0.0470104,332.814
0.0479006,332.838
0.04657,332.828
0.046182,332.543
-0.0536525,300
-0.0588926,300
-0.0562607,300
0.0456281,332.297
0.0397528,334.051
0.042443,332.732
0.0580201,329.466
0.0471012,332.687
0.195787,300
0.0479157,318.143
0.0407495,313.614
0.0381857,318.729
0.0462756,311.552
0.044975,310.995
0.0542488,307.827
0.0189726,300.628
0.0394833,300
0.0299123,300
-0.0792525,300
-0.0162836,300.667
-0.0111188,306.205
-0.0158978,301.009
-0.0160398,301.255
-0.0129915,302.892
-0.0734758,300
-0.0816383,300
-0.0779552,300
-0.0798497,300
-0.0769061,300
-0.0781197,300
-0.0820017,300
-0.0768404,300
-0.0796445,300
-0.0875549,300
-0.0793878,300
-0.0728189,300
-0.0744135,300
-0.0772046,300
-0.0790017,300
-0.0738363,300
0.200178,300
0.199781,300
0.193377,300
-0.0095106,309.799
-0.016011,301.756
-0.012162,306.676
-0.0143917,304.085
-0.0108291,309.241
-0.0101317,309.75
-0.0159738,302.034
-0.00998853,310.377
-0.0117236,309.08
-0.0153283,302.585
-0.0135429,304.99
-0.0159222,301.988
-0.00908891,310.817
-0.00853339,311.9
-0.0160879,302.074
-0.0143428,302.393
0.202898,305.069
0.194729,300.003
0.194493,300.004
0.19386,300.003
0.193864,300.003
0.193902,300.003
0.195998,300
0.193579,300
0.194613,300.309
0.19491,300.191
0.193874,300.206
0.193748,301.652
0.20203,300
0.201977,300
0.19686,300
0.209702,300
0.198805,300
0.20187,300
0.198996,300
0.19698,300
0.193835,300
0.00971384,301.082
0.00867203,301.396
-0.013704,300.367
-0.0745818,300
-0.0724162,300
0.0225312,301.484
0.0220102,300.69
0.010138,300.652
0.0216259,301.062
-0.072276,300
-0.0817345,300
-0.0774993,300
-0.00879278,304.018
-0.0069568,302.698
-0.0154529,302.267
-0.0149121,302.804
-0.0813466,300
-0.0735809,300
-0.071474,300
-0.0731246,300
-0.0782226,300
-0.0734586,300
-0.0757743,300
-0.0167062,302.24
-0.00485899,300.721
-0.0112833,303.63
-0.0106082,301.712
-0.00609935,300.372
0.201412,304.547
-0.0786996,300
-0.072729,300
-0.0735344,300
-0.0770695,300
-0.0739239,300
-0.0766611,300
-0.0748391,300
-0.0735816,300
-0.0748406,300
-0.0818801,300
0.00928975,300.654
0.0320302,300.314
0.0319244,301.925
0.0343542,300.872
0.0158644,300.04
0.0155866,300.038
0.0334417,300.301
-0.071758,300
-0.0799206,300
-0.0716029,300
-0.0166285,300.404
-0.0130655,300.343
-4.78E-05,303.216
0.199429,300
0.1941,300
0.192775,300
0.198255,300
0.192731,300
0.19389,300
0.194944,300
0.202777,300
0.199943,300
0.201544,300
0.192662,300
0.193465,300
0.191598,300
0.198829,300
0.193469,301.853
0.193646,300.006
0.193561,300.17
0.198002,300.041
0.192255,300.032
0.189888,300
0.193324,303.816
0.192576,307.762
0.192839,307.963
0.194643,317.881
-0.0163746,300.62
-0.0105574,306.74
-0.01602,301.027
-0.0163505,301.568
-0.0737136,300
-0.0738491,300
-0.0736518,300
-0.0785233,300
-0.0769906,300
-0.0776741,300
-0.0789873,300
-0.074036,300
-0.0809429,300
-0.0226678,300.786
-0.00953099,309.62
-0.00917598,310.574
-0.0178513,301.807
-0.0192215,301.264
-0.0135887,307.929
-0.0195665,301.148
-0.0168584,304.481
-0.0174787,301.367
-0.0745731,300
-0.0796539,300
-0.0746075,300
-0.0735614,300
-0.0785914,300
-0.0727379,300
-0.0790244,300
0.19806,300
0.1935,300
0.194377,300
0.193791,300
0.195902,300
0.193795,300
0.196557,300
-0.0689671,300
-0.07361,300
-0.0727422,300
-0.0730933,300
-0.0732355,300
-0.0786594,300
-0.0766648,300
-0.0827194,300
-0.0871308,300
-0.0815559,300
-0.09,300
-0.0845258,300
-0.09,300
-0.0837197,300
-0.0814285,300
-0.0796635,300
-0.0715016,300
-0.0724951,300
0.0066089,301.551
0.00509287,303.538
-0.00200021,300.832
0.0110793,305.469
-0.00482984,300.456
0.0133978,301.243
-0.0776044,300
-0.0738875,300
-0.0226073,300.439
-0.0232136,300.273
-0.0719681,300
-0.0760835,300
0.05513,300
0.0453491,307.448
0.0465129,307.978
0.0475,332.523
-0.0634053,300
-0.0555204,300
-0.046764,300
0.0481386,306.208
0.0492438,306.074
0.0479068,331.819
0.0499914,328.759
0.0473739,329.381
0.048385,329.659
0.0465982,329.682
0.0356605,303.143
0.0333805,302.901
0.0348026,301.587
0.0237781,300.565
0.0503441,330.706
-0.0521374,300
-0.0445789,300
0.0973542,300
0.0898761,300
0.0938393,300
0.0928686,300
0.108492,300
0.103765,300
0.133377,300
0.131612,300
0.10046,300
0.157079,300
0.150812,300
0.193397,300
0.193735,300
0.174393,300
0.17615,300
-0.0645528,300
-0.0641299,300
-0.0639966,300
-0.0633459,300
-0.0737898,300
-0.0777389,300
-0.039995,300
-0.0364942,300
-0.0305774,300
-0.0237513,300
-0.0354676,300
0.190988,300
0.191793,300
0.192133,300
0.189824,300
0.193732,300
0.198325,300
0.200034,300
0.193647,300
0.16435,300
0.17124,300
0.0464679,329.885
0.0451145,331.554
0.0411704,332.529
0.172756,300
0.169002,300
0.0423699,309.329
0.0423675,309.327
0.0397775,315.055
0.0389393,317.698
0.0429066,311.95
0.0437123,313.023
0.0424782,309.179
0.0470907,303.05
0.0462853,303.744
0.0464287,302.946
0.0477032,302.924
0.0509527,304.498
0.0506849,303.793
0.182311,300
0.18085,300
0.178167,300
0.177598,300
0.183913,300
0.054216,315.93
0.0601032,305.982
0.0161766,300
0.0137899,300
0.0156641,300
0.0175179,300
-0.0146066,300
-0.019087,300
-0.066223,300
-0.0696818,300
-0.0769859,300
-0.0722382,300
-0.0660778,300
-0.0733277,300
-0.0659704,300
-0.0733468,300
-0.0727845,300
-0.0729012,300
-0.0767976,300
-0.0778514,300
0.190901,300
0.191247,300
0.199377,300
0.19099,300
0.194504,300.027
0.200462,300.002
0.195622,300.005
0.193656,300.005
0.189302,300
0.191701,300
0.19329,300
0.199586,300
0.194903,300.621
0.196762,300.78
0.19495,300.759
0.200475,303.836
0.194951,300.289
0.198532,300.464
0.193539,306.838
0.193768,309.142
0.193321,303.743
0.194499,301.509
0.193145,316.087
0.193181,315.377
0.19407,314.811
0.194353,315.563
0.193904,315.824
-0.0751929,300
-0.0795823,300
-0.0783784,300
0.0531906,329.823
0.0675005,318.498
0.0721188,315.042
0.0729074,314.487
0.0723957,305.659
-0.00471538,301.672
0.0972722,300
0.0939805,300
0.0970501,300
0.0983887,300
0.192256,300
0.192492,300
0.192293,300
0.192228,300
0.200626,300
0.194605,300
0.200165,300
0.193092,300
0.199872,300
0.194994,300
0.19304,300
0.194679,300
0.194555,300
0.0470345,302.965
0.0231662,300
-0.00400438,300
0.0199089,300
0.0239354,300
0.0344368,300
-0.0764946,300
-0.0813971,300
-0.0735488,300
-0.071305,300
-0.0701166,300
-0.0705441,300
-0.0756684,300
-0.0713676,300
0.0768578,300
0.0785716,300
0.0737856,300
0.0856048,300
0.0832369,300
0.0671432,300
0.074899,300
0.0707703,300
0.106843,300
0.0946465,300
0.0488587,300
-0.0784858,300
-0.0753574,300
-0.0785883,300
-0.0743085,300
-0.0759247,300
-0.073993,300
-0.0732748,300
0.0717979,305.363
0.0496241,331.918
0.0520021,329.967
0.0499773,330.341
0.0418456,332.275
0.0446602,331.419
-0.0290426,300
-0.0178197,300
-0.0141777,300
0.11814,300
0.118444,300
0.117277,300
0.118874,300
0.117505,300
0.130665,300
0.139895,300
0.141425,300
0.163053,300
0.154316,300
0.124897,300
-0.0100651,300
-0.00726505,300
-0.0135475,300
-0.0235448,300
-0.0137632,300
-0.0277067,300
-0.0320577,300
0.0526399,329.864
0.0543709,302.559
0.072219,305.521
0.0691835,302.358
0.0603021,305.896
-0.0378271,300
-0.0733911,300
-0.0570754,300
-0.0603715,300
0.0500856,300
0.0491743,300
0.0356553,300
0.0392177,300
0.0384767,300
0.0406877,300
0.0390252,300
0.0831946,300
0.0869142,300
0.0776223,300
0.0783265,300
0.0720282,300
0.0664662,300
0.0685319,300
0.193459,300.681
0.0652393,300
0.0880674,300
0.0770633,300
0.0506182,300
0.0524505,300
0.0536056,300
0.0553793,300
-0.0674921,300
-0.0701823,300
-0.069615,300
-0.0714069,300
-0.0773665,300
-0.0652741,300
-0.0642736,300
0.0203625,300
0.0387193,300
0.0433808,300
0.0471914,300
0.047334,302.877
0.0474755,302.636
0.0451809,302.091
0.0490665,300.763
0.190665,300
0.193612,300
0.193168,300
0.185394,300
0.190292,300
0.193365,300
0.193135,300
0.19395,300
0.182161,300
0.181979,300
0.183808,300
0.190301,300
0.191974,300
0.190957,300
-0.00317423,300.318
0.00840704,300.644
-0.0114548,301.156
-0.0117405,300.088
-0.0129599,300.335
-0.0144682,300.023
0.0761458,308.802
0.0738615,311.029
0.0764178,308.038
0.0774062,307.862
0.0569363,327.178
0.0540701,328.402
0.0556701,328.087
-0.0642112,300
-0.0666863,300
-0.0651611,300
-0.0725343,300
-0.0732826,300
-0.0758787,300
-0.0735825,300
-0.0706806,300
0.187394,302.813
0.184301,301.793
0.191967,300.061
0.184688,300.166
0.18468,300.096
0.187083,300.12
0.0673832,318.505
0.0744264,309.781
0.0703918,314.745
0.0729748,311.55
0.0742616,309.393
0.074478,309.903
0.0722652,313.102
0.185482,300
0.185486,300
0.201409,300.001
0.193047,300.002
0.192845,300.001
0.193635,300
0.193556,300
-0.0699496,300
-0.0820342,300
-0.0731831,300
-0.0657678,300
-0.0716434,300
-0.0700306,300
-0.0700862,300
-0.0711887,300
-0.0657635,300
-0.0658922,300
-0.0602962,300
-0.0685933,300
-0.0675687,300
-0.07183,300
-0.0658098,300
-0.0643233,300
-0.0209135,300
-0.0315368,300
-0.013062,300
0.0162791,300
-0.000379112,300
0.00418877,300
0.00292835,300
0.0110924,300
0.0027566,300
0.00547219,300
0.175294,300
0.174511,300
0.0598314,305.956
0.049222,308.963
0.0512393,306.1
0.0535,304.895
0.0530066,305.957
0.0423577,309.34
0.19021,300
0.198177,300
0.19143,300
0.190233,300
0.0532108,329.984
0.0506215,330.635
0.0546174,329.77
0.0545706,329.871
0.0470341,329.706
0.0463636,329.765
0.153627,300
0.15389,300
0.155449,300
0.156536,300
0.159599,300
0.164854,300
-0.0250726,300
-0.0638251,300
-0.0507825,300
-0.0516979,300
-0.0563321,300
-0.0514662,300
-0.0517764,300
-0.0736755,300
-0.0627922,300
-0.0640208,300
-0.0531955,300
0.176807,300
0.187092,300
0.194971,300
0.186298,300
0.193485,300
0.186765,300
0.174885,300
0.113233,300
0.120229,300
0.121185,300
0.123263,300
0.0127955,300.109
0.0131403,300.021
0.0132627,300.022
0.0134636,300.015
0.0222682,300.459
0.0455409,300.459
0.0451918,302.027
0.0371343,301.623
0.0588867,324.908
0.0567138,327.601
0.0593039,325.025
0.0560244,325.943
0.0630283,321.893
0.0514184,328.545
0.0531337,302.376
0.0535173,301.997
0.0683236,303.929
0.0494589,307.473
0.0511506,307.388
0.0539074,304.767
-0.0761446,300
-0.0741522,300
-0.0786621,300
-0.0182461,300.381
-0.0187321,300.098
-0.0150632,301.25
-0.025924,300.021
-0.0753177,300
-0.0759358,300
-0.0742664,300
-0.0740178,300
-0.00592032,300.372
-0.0688539,300
-0.0693525,300
-0.0680736,300
-0.0736377,300
-0.0639215,300
-0.0639085,300
-0.0733484,300
0.192093,300
0.185644,300
0.184155,300
0.186632,300
-0.0228091,300.38
-0.0198781,301.004
-0.0241806,300.142
-0.0256987,300.09
-0.0221744,300.721
-0.0231503,300.288
-0.0234602,300.239
-0.0233359,300.246
-0.0232419,300.264
-0.0249923,300.125
-0.0181007,301.566
-0.0258393,300.089
-0.0182536,301.889
-0.0258061,300.093
-0.00790995,310.424
-0.00492902,319.946
-0.0235013,300.244
-0.0200826,300.271
-0.0176146,301.415
0.192282,308.089
0.198299,314.333
0.195269,313.575
0.192053,307.525
0.193098,300
0.187883,300.001
0.193231,300.003
0.186593,300
0.190035,300
0.197875,300
0.192956,300
0.185816,300
0.187794,300
0.0151645,300.03
0.00872922,300.581
0.000775392,300.173
-0.0678942,300
0.0158542,300.031
0.0168374,300.031
0.0230373,300.557
0.0256668,300.086
-0.0677754,300
-0.0698016,300
-0.0740533,300
-0.0742399,300
-0.0785567,300
-0.0732602,300
-0.0169447,300.009
-0.0168996,300.009
-0.0168998,300.009
-0.0196457,300.948
-0.0659053,300
-0.0637437,300
-0.064553,300
-0.0746664,300
-0.074086,300
-0.0792962,300
-0.0788318,300
-0.0731141,300
-0.0667977,300
-0.0748075,300
-0.0668576,300
-0.0718397,300
-0.064394,300
-0.0683394,300
-0.0661438,300
-0.0666009,300
-0.0637696,300
-0.063396,300
-0.0637718,300
-0.0621912,300
-0.0645512,300
-0.0263608,300.068
-0.0214061,300.824
-0.0201339,300.883
-0.0312606,300.012
-0.031272,300.012
-0.0311882,300.016
-0.0312422,300.012
-0.0313035,300.012
-0.0169433,300.009
-0.0126664,300.005
-0.0211011,300.028
-0.0241217,300.004
0.190059,317.868
-0.0692999,300
-0.0674202,300
-0.0684779,300
-0.0703691,300
-0.0645459,300
-0.0652841,300
-0.0679903,300
-0.0701216,300
-0.0653229,300
-0.0661642,300
-0.0651573,300
0.0156906,300.031
-0.0218275,300.005
-0.0218496,300.014
-0.0209767,300.09
-0.0214623,300.235
-0.0274676,300.007
-0.025339,300.047
0.00434567,300.012
-0.00486411,300.005
-0.00851789,300.063
0.192442,300
0.188271,300
0.182979,300
0.184581,300
0.189473,300
0.185437,300
0.185902,300
0.185962,300
0.190039,300
0.184512,300.002
0.182255,300.03
0.185857,300.028
0.183675,300.02
0.186229,303.209
0.193619,301.884
0.184664,302.482
0.193701,301.967
0.17797,300.002
0.180821,300.022
0.184017,306.041
0.184816,310.104
0.188958,313.886
0.189787,317.159
0.188881,317.145
0.189494,317.099
0.189063,316.827
0.195284,317.221
-0.00146753,333.063
-0.0172158,301.503
-0.0267251,300.024
-0.0279556,300.017
-0.0261775,300.069
-0.0668539,300
-0.0673825,300
-0.0633582,300
-0.0698121,300
-0.0330466,300.032
-0.0278534,300.056
-0.0257931,300.095
-0.0251612,300.102
-0.0740695,300
-0.0722891,300
-0.0683603,300
-0.0797223,300
-0.0800313,300
-0.0659364,300
-0.0632493,300
-0.072454,300
-0.0627825,300
-0.0628493,300
-0.0692543,300
0.184622,300
0.188317,300
0.181908,300
0.000229368,300.014
0.000506361,300.068
0.00041006,300.018
0.00034169,300.019
-0.0669752,300
-0.0638439,300
-0.0638117,300
-0.0638419,300
-0.0667843,300
-0.0668227,300
-0.0692655,300
-0.0733498,300
-0.0731708,300
-0.0727207,300
-0.0823747,300
-0.073291,300
-0.080359,300
-0.0261876,300.008
-0.0261188,300.018
-0.0262559,300.007
-0.0262387,300.007
-0.0606336,300
-0.061323,300
0.0487114,300
0.0517316,300
0.0628614,300
0.0578101,300
0.000403374,300.014
0.0131514,300.015
0.175599,300
0.0538408,301.867
0.054992,300.513
0.0538341,301.778
0.0471977,302.012
0.0513528,300.508
0.0403224,300.049
0.038155,300.628
0.0259671,300.021
0.192547,300
0.150186,300
0.147797,300
0.14934,300
0.149539,300
0.149506,300
0.12102,300
0.116194,300
0.107987,300
0.108314,300
0.0823185,300
0.0824241,300
0.0828675,300
0.153038,300
0.150504,300
0.135928,300
0.140784,300
0.142664,300
0.130291,300
0.132596,300
0.132282,300
0.122494,300
0.169676,300
0.164814,300
0.164019,300
0.183448,300
0.175932,300
-0.062155,300
-0.0736612,300
-0.0499452,300
-0.0515597,300
-0.0510602,300
-0.0550994,300
-0.0482628,300
-0.0417985,300
-0.0449552,300
-0.0347048,300
-0.0362255,300
0.150588,300
0.149726,300
0.0545485,328.823
0.0585276,329.477
0.0548495,330.091
0.175049,300
0.183366,300
0.181352,300
0.184862,300
0.18865,300
0.189644,300
0.188729,300
0.0602639,301.801
0.0601502,305.875
0.166025,300
0.0252452,300
0.0220684,300
0.0375506,300
0.0273713,300
-0.00775161,300
0.00527564,300
0.0143827,300
-0.0583776,300
-0.0615257,300
-0.0532707,300
-0.0624247,300
-0.0608604,300
-0.0658111,300
-0.0726328,300
-0.0699806,300
-0.0693149,300
0.192188,300
0.0274413,300.235
0.0379892,300.022
0.0386202,300.069
0.031275,300.446
0.200356,300
0.196995,300
0.19485,300
0.194329,300
0.185501,300
0.190784,300
0.190883,300
0.192921,300
0.185664,300
0.182767,300
0.187207,300
0.181206,300
0.191009,300.001
0.183469,300.001
0.184279,300.001
0.191797,300.004
0.190913,300
0.190651,300
0.184409,300
0.184284,300
0.0793473,308.599
0.194088,300.004
0.190642,308.883
0.191958,314.961
0.1839,310.551
0.183665,304.653
-0.068583,300
-0.0703871,300
-0.0668616,300
-0.0657632,300
-0.0222702,300.003
0.0756402,304.61
0.0842104,301.924
0.102569,300
0.186893,300
0.188699,300
0.185091,300
0.180199,300
0.186919,300
0.185509,300
0.185754,300
0.183326,300
0.188746,300
0.182829,300
0.183799,300
0.190089,300
0.198102,300
0.190653,300
0.182928,300
0.201756,300
0.185219,300
0.0349281,300.271
0.0488215,300.238
0.0405653,302.04
0.0413085,300
0.0312939,300
-0.00325105,300
0.0116443,300
0.0582862,300
-0.0718855,300
-0.0693263,300
-0.06554,300
-0.062039,300
-0.066429,300
0.0763409,300
0.0625136,300
-0.0637887,300
0.0638177,300
0.0685102,300
0.192669,315.774
0.0828518,300
0.0386406,300
-0.072321,300
-0.0680709,300
-0.0617639,300
-0.059062,300
0.118068,300
0.118924,300
0.111533,300
0.127774,300
0.133289,300
0.148975,300
-0.00963847,300
-0.0573948,300
0.043294,300
0.0350259,300
0.0309487,300
0.0826355,300
0.0994086,300
0.0960074,300
0.0949734,300
0.104034,300
0.0839475,300
0.188592,315.975
0.18085,315.963
0.180744,316.776
0.0432116,300
0.0775757,300
0.0743989,300
0.0825534,300
0.0878034,300
0.068512,300
-0.0629399,300
0.103004,300
-0.0269066,300
-0.0273019,300
-0.0530672,300
-0.0579276,300
-0.0730079,300
-0.0676035,300
-0.0624337,300
-0.0620457,300
-0.063034,300
-0.0613973,300
-0.0689628,300
-0.0644656,300
-0.060677,300
-0.0656833,300
-0.0550758,300
-0.0618319,300
0.0224594,300
0.0261307,300
0.0257216,300
0.0362541,300
0.00744015,300
0.0172776,300
0.00191392,300
0.0505397,302.256
0.0603947,300.397
0.0601805,300.289
0.0532588,302.451
0.044838,300.009
0.0451374,300.116
0.0516899,300.204
0.0597863,300.201
0.182913,300
0.188071,300
0.181259,300
0.192895,300
0.186318,300
0.189657,300
0.186863,300
0.186019,300
0.187545,300
0.182644,300
0.185768,300
0.190719,300
0.180827,300
0.178939,300
0.054569,305.035
0.0620755,301.935
0.0803393,300.81
0.0755396,301.533
0.0801475,301.098
0.0735877,304.773
0.0867484,304.745
0.0810411,308.931
0.0877123,303.462
0.0855491,304.95
0.182516,300.408
0.18216,300.132
0.192434,300.228
-0.0232697,300.003
-0.0178001,300.016
-0.0226175,300.003
0.184294,302.431
0.0775919,307.907
0.0846692,304.517
0.0825109,306.628
0.182914,300
0.180543,300
0.185368,300
0.189232,300
0.17994,300
0.183085,300
0.178068,300.001
0.179252,300
0.17328,300
0.182609,300
0.187578,300
-0.0593613,300
-0.0683109,300
-0.0726438,300
0.0395748,300.027
0.191962,300
0.181616,300
0.181636,300
0.183646,300
-0.050771,300
-0.0510489,300
-0.0574712,300
-0.0551072,300
-0.0670668,300
-0.0648675,300
-0.063523,300
-0.0632097,300
-0.0491707,300
0.00189248,300
-0.00492438,300
-0.0168322,300
0.000158884,300
0.00881632,300
-0.0208376,300
-0.0305345,300
-0.0223805,300
0.175157,300
0.174029,300
0.162957,300
0.160164,300
0.158622,300
0.133769,300
0.142729,300
0.146505,300
0.178378,300
0.184478,300
0.178223,300
0.187931,300
0.179063,300
0.175481,300
0.182891,300
0.184174,300
0.181177,300
0.0641319,326.474
0.0614831,327.438
0.184684,300
0.188156,300
0.19121,300
0.177274,300
0.178944,300
0.132278,300
0.135268,300
0.0720214,300
0.0648863,300
0.0762739,300
0.119975,300
0.0519315,300.018
0.0521936,300.033
0.0661632,318.62
0.0691899,315.71
0.07105,315.768
0.0607948,322.998
0.0539832,301.81
0.055219,301.782
0.0632796,301.328
0.0640543,301.409
0.0618223,301.903
0.0598442,323.965
0.0715957,309.26
0.0726587,304.552
0.0778449,301.637
0.0734885,305.288
0.0785939,301.761
0.0785992,304.293
0.0793635,301.465
0.0750733,304.722
0.000336358,300.014
0.0495927,300
-0.0553266,300
-0.0563517,300
-0.0551232,300
-0.0528163,300
-0.060835,300
-0.0288563,300.016
-0.0363129,300
-0.0263277,300.007
-0.0363378,300
-0.0335045,300.006
-0.0346334,300.01
-0.0361612,300
-0.0648953,300
-0.0671989,300
-0.0654192,300
-0.0670914,300
-0.0735871,300
-0.0622301,300
-0.0629854,300
-0.0169211,300.009
-0.0272432,300
-0.0654624,300
-0.0673499,300
-0.0724514,300
-0.0676494,300
-0.0667148,300
-0.0637136,300
-0.0644075,300
-0.0656506,300
-0.0550917,300
-0.0628667,300
0.186581,300
0.178726,300
0.183109,300
0.180275,300
0.17835,300
0.191522,300
0.180435,301.548
0.181349,300.113
0.180631,300
0.182289,300
0.1787,300
0.184981,300
0.178858,300
0.181556,300.001
-0.0281455,300.054
-0.0610987,300
-0.0713017,300
-0.0636397,300
-0.0661841,300
-0.0637351,300
-0.0263929,300.074
-0.0313393,300.041
-0.0343162,300.006
-0.0305411,300.046
-0.0374006,300.001
-0.0364214,300.001
-0.0378261,300.001
-0.0356417,300.002
-0.0357129,300.002
-0.0299333,300.044
-0.0312928,300.008
-0.0281311,300.004
-0.0269697,300.022
0.179558,316.436
0.180435,315.897
0.179429,300.98
0.182645,303.242
0.176522,300.04
0.169316,300.077
0.17378,300.175
0.169112,300.046
0.173606,300.004
0.000346519,300.001
-0.00442639,300
-0.0142687,300.018
-0.0105691,300
0.00858859,300.009
0.00266429,300
0.0241862,300.021
-0.0610304,300
-0.0616469,300
-0.0671266,300
-0.0634016,300
-0.0652313,300
-0.0687994,300
-0.0632643,300
-0.0676561,300
0.179995,316.581
-0.0569112,300
-0.0518855,300
-0.0546448,300
-0.0526507,300
-0.0536081,300
-0.0553425,300
-0.052372,300
-0.0494413,300
-0.0630143,300
-0.0313194,300.012
0.17911,315.205
0.17887,309.328
-0.0522735,300
-0.0542263,300
-0.0512518,300
-0.0614203,300
-0.0627827,300
-0.0565092,300
-0.060002,300
-0.0509587,300
-0.0510409,300
-0.0634805,300
-0.0549361,300
-0.055826,300
-0.0543903,300
-0.0581566,300
-0.0556403,300
-0.05468,300
-0.0304334,300
-0.0332531,300
-0.0299564,300.003
-0.0256826,300
-0.00135713,300
0.000436084,300
0.0169345,300
0.0158021,300.031
-0.0206809,300.006
-0.0226342,300
-0.0229997,300
-0.0191649,300
-0.00892559,300
0.18095,300
-0.0504357,300
0.167088,300.002
0.166172,300.032
0.166089,300.001
0.176042,302.331
0.180502,306.24
0.181521,308.757
0.178797,316.041
0.172594,306.445
0.172357,309.937
-0.0309808,300.017
-0.0370374,300
-0.0354123,300
-0.039975,300
-0.050144,300
-0.0375507,300.001
-0.0438387,300
-0.0492388,300
-0.0477099,300
-0.0447441,300
-0.0597835,300
-0.0314313,300.012
-0.0321199,300.009
-0.0413403,300.002
-0.0457389,300
-0.0441537,300.002
-0.0440711,300
0.173037,300
0.176284,300
0.173177,300.178
0.173788,300.018
0.173942,300.007
0.174903,300.009
0.175156,300.007
0.173726,300.007
0.175577,300
-0.0513682,300
0.000345392,300.014
-0.00160607,300
0.00572703,300
0.0129275,300.015
0.0945075,300
0.0900699,300
0.0873567,300
-0.0602613,300
-0.0574463,300
-0.066389,300
-0.0547145,300
-0.0571405,300
-0.0505267,300
-0.0451997,300
-0.0505407,300
-0.0565891,300
-0.0637811,300
-0.0535238,300
-0.0643265,300
-0.0599471,300
-0.0607815,300
-0.0610307,300
-0.0621709,300
-0.0589049,300
-0.0371244,300
-0.0313818,300.012
-0.0277821,300.033
-0.0344621,300.006
-0.02732,300.017
-0.0253164,300.208
-0.0381803,300
-0.0267129,300.006
-0.0384689,300
-0.0422061,300
-0.0351805,300
-0.0322748,300
-0.035747,300
-0.0542584,300
-0.0652007,300
-0.0530931,300
-0.0533206,300
-0.05441,300
0.0697758,300
0.0695063,301.452
0.0701727,302.173
0.0857411,302.991
0.0561108,301.542
0.0653927,300.141
0.0666484,300.16
0.0403759,300.021
0.0475409,300.001
0.0521791,300.013
0.0527035,300.014
0.037552,300.019
0.0293724,300
0.0347092,300
0.0279661,300.009
0.180082,300
0.181787,300
0.183606,300
0.118896,300
0.112341,300
0.117139,300
0.129136,300
0.147729,300
0.139369,300
0.163113,300
0.173956,300
0.165541,300
0.159843,300
0.149745,300
-0.0146669,300
-0.0238353,300
-0.0272626,300
0.176966,300
0.174538,300
0.17241,300
0.066139,325.869
0.0602157,325.204
0.0585699,325.331
0.0573796,325.57
0.0595382,324.298
0.0587549,325.065
0.0591801,324.85
0.0588475,325.045
0.0584443,325.172
0.173037,300
0.172802,300
0.18138,300
0.170179,300
0.164035,300
0.165673,300
0.165186,300
0.16639,300
0.0661607,301.09
0.0676126,302.279
0.0703754,301.279
0.173974,300
0.165214,300
0.164074,300
0.0918769,302.213
0.0949674,300.68
0.089881,303.186
0.0645023,328.574
0.0762303,321.564
0.0661433,326.288
0.0691163,326.655
-0.00954905,300
-0.017,300
0.0173193,300
0.0168303,300
0.022592,300
0.0154238,300
-0.0262492,300.007
-0.0354032,300
-0.0444319,300
-0.0435333,300
-0.0435857,300
-0.0326318,300.011
-0.0606102,300
0.1776,300
0.182092,300
0.17608,300
0.172167,300
0.174599,300
0.168937,300
0.176563,300
0.170816,300
0.176939,300
0.17403,300
0.177099,300
0.174103,300
-0.0360294,300
0.0836591,308.851
0.174425,300
0.172984,300
0.173632,300
0.172026,300
0.174826,300
0.172087,300
0.17085,300
0.171144,300
0.172996,300
0.0649073,300.014
0.064658,300.014
0.0639905,300.054
0.063553,300.034
0.00637204,300
-0.00898724,300
-0.00728402,300
-0.0130308,300
0.0230655,300
0.0427189,300
0.0416343,300
0.0451781,300
-0.0652076,300
-0.0545286,300
-0.0558614,300
-0.0553654,300
-0.0543722,300
-0.0547785,300
-0.0539597,300
0.0937432,300
0.0938907,300
0.0959316,300
0.0704282,300
0.0921875,300
0.121043,300
0.164738,300
0.0978115,300
0.109077,300
0.117408,300
0.126192,300
0.135167,300
0.0920373,300
0.0978194,300
0.103894,300
0.0449452,300
0.0648827,300
-0.0610305,300
-0.053622,300
-0.0532809,300
-0.0474762,300
0.096705,300
0.0913996,300
0.0782418,300
-0.0486266,300
-0.0369729,300
-0.0512128,300
-0.0503578,300
-0.0496657,300
-0.0535082,300
-0.053369,300
-0.0579897,300
-0.0554669,300
-0.00550836,300
0.0059118,300
0.0101218,300
0.00555232,300
-0.0242639,300
-0.00943201,300
0.0513185,300.029
0.0519744,300.145
0.0755165,300.023
0.0649481,300.17
0.0648913,300.013
0.170318,300
0.169211,300
0.16482,300
0.166554,300
0.171994,300
0.171778,300
0.171485,300
0.18021,300
0.174459,300
0.173003,300
0.162546,300.001
0.0765214,321.363
0.0881171,310.333
-0.0444117,300
-0.042096,300
-0.0506332,300
-0.0508827,300
-0.045867,300
-0.0463642,300
-0.0488058,300
-0.0430719,300
0.167226,300
0.087489,305.067
0.0815146,309.038
0.0827369,307.089
0.0877516,306.385
0.07611,311.228
0.0941387,304.018
0.17881,300
0.178991,300
0.165489,300.001
0.179871,300
0.161149,300.001
0.162733,300.001
-0.0497861,300
-0.0513802,300
-0.0586113,300
-0.0564368,300
0.0323871,300
0.0393101,300.022
0.176859,300
0.176481,300
0.168879,300
0.167236,300
0.171198,300
-0.0644611,300
-0.0425099,300
-0.0431074,300
-0.0319739,300.03
-0.0366657,300.001
-0.0428956,300
-0.0354468,300.002
-0.031084,300.032
-0.042159,300
-0.0515688,300
-0.0432258,300
-0.0374012,300
-0.0481983,300
-0.0446589,300
-0.0403855,300
-0.0262913,300.007
-0.0354117,300
-0.0354939,300
0.0303602,300
0.0197747,300
-0.0332631,300
-0.0468801,300
0.067066,300.107
0.0803476,300.435
0.0793035,301.234
0.075924,300.871
0.0833262,300.395
0.0691776,301.063
0.079049,301.41
0.0763691,321.549
0.0767922,324.22
0.0699654,325.285
0.0763234,321.517
0.101395,301.227
0.0999064,300.58
0.0842448,300.711
0.0951592,300.368
0.0864731,301.55
0.0706101,300.27
0.0630572,300.235
0.0740364,300.265
0.0746659,300.079
0.133224,300
0.165034,300
0.169029,300
0.149429,300
0.0450685,300.005
-0.0598622,300
-0.050874,300
-0.0503338,300
-0.0508811,300
-0.0427902,300
-0.0560699,300
0.159482,300
0.175218,300
0.122508,300
0.141397,300
0.129872,300
0.145786,300
0.179143,300
0.0132493,300.014
0.0144323,300
0.0216823,300.01
0.025165,300
0.0331321,300
0.0436399,300
0.0536461,300.013
0.0574255,300
0.0600878,300.015
0.0639717,300.03
0.06306,300.043
0.0634809,300.016
0.0784838,300.328
0.0596509,300
0.058776,300
-0.0484021,300
-0.0390968,300
-0.0462942,300
-0.0409841,300
-0.045913,300
-0.0485292,300
-0.0449676,300
-0.0432082,300
-0.0519218,300
-0.0464571,300
-0.051714,300
-0.0582848,300
-0.0516204,300
-0.0527958,300
-0.0498324,300
-0.0683836,300
-0.069712,300
-0.0617708,300
-0.0642028,300
-0.0464557,300
-0.0491475,300
-0.0454828,300
-0.0594016,300
-0.0514817,300
-0.039596,300
-0.0395388,300
0.183895,300
0.172806,300
0.18606,300.01
0.192163,300.029
0.186097,300.007
0.187436,300.008
0.172899,300.001
0.176163,300
0.17419,300
0.17209,300
0.171867,300
0.170909,300
-0.0255984,300.088
-0.033583,300.004
-0.0456154,300.001
-0.0489168,300
-0.0471555,300
-0.0434259,300
-0.0316924,300.017
-0.0405895,300
-0.038574,300
-0.0319443,300.002
-0.0337205,300.013
-0.0342604,300.011
-0.0343998,300.003
-0.0351426,300.002
0.168654,312.253
0.168829,316.555
0.177136,316.304
-0.0501749,300
0.180524,300
0.177332,300
0.0112007,300
0.00824166,300
-0.0025959,300
0.000817239,300
0.0313486,300
0.0332005,300
-0.0468628,300
0.17966,302.505
0.173796,305.025
0.173148,302.543
0.173385,301.981
0.172138,309.615
-0.0489456,300
-0.0508594,300
-0.041742,300
-0.00679823,300
-0.014167,300
-0.0168502,300
-0.0152697,300
-0.0182706,300
-0.0175948,300
0.00677699,300
0.00207184,300
0.170801,300
0.172043,300
0.172495,300
0.171475,300
-0.0459336,300
-0.0498018,300
0.166411,300.058
0.169138,300.847
0.168509,302.371
0.166968,300.642
0.168353,300.672
0.170859,300.651
0.178339,316.524
0.17023,313.464
0.178027,316.279
0.163461,316.07
-0.0443107,300
-0.0426086,300
-0.0398725,300.001
-0.045472,300
-0.0470654,300
0.160806,300
0.159643,300
0.159686,300
0.168209,300
-0.0390077,300
-0.0409675,300
-0.0370773,300
-0.0355049,300
-0.0327343,300
-0.0349935,300
-0.0372534,300
0.112934,300
0.104273,300
0.0926962,300
-0.0400206,300
-0.0410366,300
-0.0594913,300
-0.0490896,300
-0.0301785,300
-0.0257909,300
-0.0273491,300
-0.0244746,300
-0.0195476,300.001
-0.0484188,300
-0.0495586,300
-0.0356219,300
-0.0325304,300
-0.0432781,300
-0.0348056,300
-0.0353433,300
-0.0349916,300
-0.0351852,300
-0.0349034,300
0.0382812,300
0.0397521,300
0.0463617,300
0.0449935,300
0.0829224,300.231
0.0993528,300.835
0.0925958,301.867
0.100031,300.496
0.0686907,300.094
0.0637232,300.001
0.063462,300.015
0.0578693,300
0.0537782,300
0.0226971,300
0.0240501,300
0.0259952,300
-0.00039156,300
0.00488486,300
0.0236367,300
0.0408747,300
0.0538042,300
0.168631,300
0.171237,300
0.173548,300
0.171567,300
0.164452,300
0.148225,300
0.157576,300
0.12529,300
0.112838,300
0.170732,300
0.170404,300
0.159657,300
0.0645335,300.013
0.0548308,300.013
0.0590304,300.003
0.0635556,300.001
0.0454979,300.005
0.0573951,300
0.14971,300
0.149769,300
0.1475,300
0.144823,300
0.134018,300
0.07866,300.02
0.0757181,300.184
0.0877428,300.125
0.0914958,300.219
0.083985,300.115
0.0844567,300.056
0.0980628,300.407
0.0952336,307.966
0.0920418,306.631
0.0986816,304.169
0.105499,300.634
0.0764114,321.499
0.0744919,315.646
0.0727773,317.398
0.0752525,318.758
0.0718694,317.124
0.0615985,323.318
0.0792075,315.564
0.0868566,311.309
0.0930701,300.696
0.0815538,301.276
0.0876492,301.318
0.0805944,303.124
0.088771,300.766
0.0688135,300.105
0.0659194,301.227
-0.0382969,300
-0.045338,300
0.0227372,300
0.00304357,300
-0.00926742,300
-0.0378219,300
-0.0432364,300
-0.0278,300
-0.0356489,300
-0.0536786,300
-0.0431318,300
0.159874,300
0.15994,300
0.162347,300
0.159846,300
0.160613,300
0.171338,300
0.160362,300
0.180766,300
0.159271,300.001
0.17164,300
0.175682,300
0.177203,300
0.178585,300
-0.0244875,300
-0.0313308,300
-0.0363793,300
-0.0366109,300
0.15907,300
0.159715,300.006
0.168427,300
0.0823225,300.029
0.169773,300
0.158963,300
0.160131,300
0.165213,300
0.160429,300
0.00582903,300
0.0418853,300
0.0283727,300
0.0210161,300
0.0325705,300
0.170706,300
0.0830384,300
0.0936364,300
0.078038,300
0.0720284,300
-0.0587194,300
-0.0583484,300
-0.0583786,300
-0.0594822,300
-0.0583114,300
-0.0476766,300
-0.0564615,300
0.0550763,300
0.0547278,300
0.0458224,300
0.121785,300
0.129312,300
0.13428,300
0.1443,300
0.0644297,300
0.0592058,300
0.0540345,300
0.0953223,300
0.07294,300
0.0412842,300
0.0137185,300
0.0147582,300
0.0591796,300
0.00165285,300
0.151212,300
0.15254,300
0.0896814,300.015
0.165293,300
0.163005,300
0.15855,300
0.103316,300.359
0.114593,300.2
0.157189,300
0.154841,300.001
0.155096,300.358
0.155656,300.396
0.154617,300.371
0.154576,300.365
-0.0358835,300
-0.0236271,300
-0.0194642,300
0.0922196,300.048
0.0840307,300.064
0.0947556,304.944
0.0917267,311.636
0.161012,300
0.160181,300
0.165359,300
0.150525,300.002
0.148658,300.002
0.159739,300.004
0.171078,300.008
0.158201,300.008
0.152836,300.006
0.170816,300
0.158557,300
0.163823,300
0.156996,300
0.164641,300
0.159599,300
0.163254,300
0.157437,300
0.000248759,300
0.0319163,300
-0.0368811,300
-0.0377413,300
-0.03877,300
0.0918524,300.386
0.0979512,300.404
0.0806667,301.306
0.0916224,300.149
0.0882471,314.689
0.0795606,321.639
0.0902655,315.421
0.0900959,320.745
0.082245,322.654
0.0897878,316.648
0.108092,300.975
0.114683,300.773
0.106365,303.283
0.112059,301.13
0.106542,300.063
0.104325,300.071
0.108723,300.061
0.0611906,300.206
0.132424,300
0.155519,300
0.158383,300
0.160245,300
0.0974059,300
0.0980629,300
0.171243,300
0.161041,300
0.0558842,300
0.0449625,300
0.0517421,300
-0.00687254,300
-0.0178347,300
-0.0153403,300
0.0632316,300.026
0.0957286,302.049
0.0884084,302.848
0.052247,300
0.0436774,300
-0.0424699,300
-0.0456699,300
-0.039132,300
-0.037378,300
-0.0124825,300.001
-0.0146303,300
-0.0097126,300
0.000160936,300.014
-0.00508648,300
-0.0229698,300
-0.0414535,300
-0.0386419,300
-0.0433131,300
-0.0370218,300
-0.0282182,300
-0.0333566,300
-0.0371233,300
-0.0384059,300
-0.0382679,300
-0.0413416,300
-0.0457657,300
-0.0323849,300
0.164569,309.563
0.167905,305.465
0.16702,316.928
0.16402,314.513
0.16564,316.948
0.164109,317.345
0.145744,300.001
0.158065,300
0.158251,300
0.158925,300
-0.0440541,300
-0.0437614,300
-0.0327038,300.012
-0.0380731,300
-0.0370796,300
-0.0451723,300
-0.034603,300
0.164815,300
0.162048,300
0.174536,300
0.1634,300
0.00624813,300
-0.00888119,300
-0.0124792,300
0.0465639,300
0.0467319,300
0.0471156,300
0.0480613,300
0.0458514,300.003
0.0426649,300
0.0397261,300
0.025824,300
0.0263242,300
0.0265491,300
0.0264238,300
0.0265961,300
0.0263804,300
-0.0408213,300
-0.0361811,300
-0.0190555,300
-0.0234546,300
-0.0314629,300
0.0189586,300
0.0256112,300
0.0614475,300
0.0610871,300
0.0593055,300
0.0619167,300
0.00133499,300
0.160485,300
-0.0193327,300
-0.0196036,300
-0.020118,300
-0.0169523,300
-0.0353897,300
0.156571,308.342
0.156652,308.989
0.158443,308.522
0.168655,308.028
0.154831,301.347
0.154444,300.413
0.167454,300.771
0.156837,308.055
0.158343,300
0.156987,300
0.155209,300.039
0.145537,300.022
0.143463,300.014
0.155671,316.127
0.149596,314.817
0.158856,309.21
0.150714,315.424
0.158349,305.979
0.15824,301.888
0.168086,302.086
0.150555,312.565
0.14964,300.015
-0.0199238,300
-0.0291329,300
-0.0318238,300
-0.0328334,300
-0.0307194,300
-0.0278099,300
-0.0265429,300
-0.0166641,300
-0.0256257,300
-0.0359327,300
-0.0362788,300
-0.0356661,300
-0.0447027,300
-0.0321766,300
0.0487149,300
0.107181,300.95
0.108307,301.269
0.0479307,300
0.00526226,300
0.0222866,300
0.00148454,300
0.0220622,300
0.00180964,300
-0.0012187,300
0.0234776,300
0.0254012,300
0.0612577,300
0.0668592,300
0.129836,300
0.121783,300
0.106497,300
0.101493,300
0.151922,300
0.152244,300
0.142734,300
0.144856,300
0.146127,300
0.142757,300
0.146817,300
0.146821,300
0.144269,300
0.0750329,300
0.0625041,300
0.0788772,300
0.0790932,300
0.0789022,300
0.107841,300.039
0.106819,300.039
0.0792545,300
0.0828558,300.001
0.0779134,300.001
0.0792075,300.013
0.0654438,300.013
0.12126,300.11
0.136962,300.029
0.0977599,318.082
0.102658,308.132
0.095894,315.451
0.0993537,317.272
0.103611,315.807
0.101984,317.124
-0.0317667,300
-0.0106736,300
0.0269835,300
0.0233728,300
0.0336898,300
0.0253319,300
0.0151676,300
0.0165364,300
0.00786162,300
0.0101881,300
0.159537,300
0.168709,300
0.147452,300
0.157148,300
0.14683,300
-0.0192714,300
0.139977,300.017
0.144115,300.004
0.13491,300.001
0.168641,300.07
0.160099,300.021
0.146306,300
0.13366,300
0.132207,300.001
0.1508,300
0.146358,300
0.156101,300
0.0991186,300.033
0.0997106,300.01
0.0972326,300.131
0.106805,300.032
0.0789816,300.044
0.0759536,300.232
0.0769687,300.014
0.102235,305.01
-0.0232126,300
0.154344,300
0.153085,300
0.157405,300
0.153815,300
0.146863,300
0.159365,300
0.155607,300
0.153415,300
0.0714877,300
0.0666049,300
0.0328543,300
0.0395523,300
0.0474307,300
0.0447942,300
0.0554445,300
0.0781272,300
0.0841265,300
0.12066,300
0.120162,300
0.120079,300
0.120301,300
0.119996,300
0.107803,300
0.105999,300
0.119565,300
0.107099,300
0.101289,300
0.104542,300
0.087688,300
0.0985541,300
0.10196,300
0.0931414,300
0.0898143,300
0.0717755,300
0.0610772,300
0.0388437,300
-0.0165855,300
-0.00191613,300
0.000709993,300
0.0230893,300
0.145599,300
0.151131,300
0.146323,300
0.146166,300
0.0927904,300.004
0.0959616,300.001
0.0945053,300.001
0.147,300
0.147477,300
0.148119,300
0.146092,300
0.114996,300.004
0.113067,300.004
0.106257,316.771
0.0637895,300.015
0.0934027,300.004
0.094048,300.009
0.0955131,300.001
0.114511,300.044
0.104181,300.351
0.113507,300.014
0.108493,300.002
0.113507,300.003
0.130219,300.001
0.107001,300.022
0.116102,300.074
0.103805,300.411
0.11089,300.641
0.110327,300.717
0.111643,300.792
0.140708,300
0.151868,300
0.143643,300
0.158396,300.049
0.145199,300.037
0.156651,300.568
0.150303,300.114
0.152303,301.574
0.154192,300.068
-0.0134383,300
-0.0145749,300
0.146032,300
0.14478,300
0.146119,300
0.147144,300
0.144129,300
0.0149733,300
0.00570921,300
0.00229902,300
0.0194904,300
0.0269374,300
0.0506759,300
0.067143,300
0.107111,315.077
0.0997689,305.064
0.139499,300.004
0.128387,300.021
0.117855,300.003
0.109954,300.037
0.129438,300.408
0.129533,300.433
0.129324,300.958
0.129957,300.489
0.128879,300.444
0.12919,300.413
0.129403,300.419
0.0896141,300.049
0.0956971,300.012
0.104688,300.036
0.0940286,300.089
0.108287,300.007
0.1148,300.002
0.0790805,300
0.0892837,300
0.125392,300
0.140319,300
0.134715,300
0.137451,300
0.137527,300
0.137133,300
0.128868,300
0.137971,300
0.137886,300
0.14699,300
0.0610004,300
0.0770078,300
0.0667594,300
0.069582,300
0.00881534,300
0.0192992,300
0.00599049,300
0.00122136,300
0.0455593,300
0.0248386,300
0.0287743,300
-0.0309712,300
-0.0274138,300
-0.0232247,300
-0.0298241,300
-0.0147604,300
-0.0148007,300
-0.0128228,300
-0.0125055,300
-0.0159222,300
-0.0255363,300
0.0283575,300
0.0902188,300
-0.0224835,300
-0.0207894,300
-0.0345975,300
-0.0223954,300
-0.0188054,300
-0.0186503,300
-0.027668,300
-0.0334053,300
-0.0340347,300
-0.0277422,300
-0.0298745,300
0.144528,314.045
0.146305,300
0.148334,300
0.146731,300.001
0.145982,302.124
0.155918,307.993
-0.0196475,300
-0.0221378,300
0.158355,300
0.165199,300
0.158766,300
0.155883,300
0.156612,300
0.156148,300
0.013672,300
0.00564251,300
0.0388558,300
0.00864284,300
0.00705856,300
-0.0156518,300
0.000491898,300
-0.015294,300
-0.00625496,300
0.0385656,300
0.0280766,300
0.0462997,300
0.0270397,300
0.0449324,300
-0.00713086,300
-0.00141482,300
-0.0167612,300
-0.0217732,300
0.144,304.237
0.12955,306.957
0.14062,312.323
0.155553,308.374
0.139109,300
0.117901,300.002
0.140442,300.001
0.151673,302.861
0.145759,313.883
0.138878,307.361
0.129945,300.007
0.129966,300.003
0.12279,300.01
0.124481,300.022
-0.0141762,300
-0.0145169,300
-0.0100753,300
0.00061477,300
-0.0138102,300
-0.0106137,300
0.000873606,300
-0.00591981,300
-0.0139252,300
-0.00537858,300
0.0954532,300
0.0850683,300
0.0612667,300
0.0558376,300
0.0537825,300
0.0448221,300
0.0412264,300
0.0433678,300
0.0458511,300
0.0472996,300
0.0353406,300
0.0803975,300
0.0798531,300
0.0806639,300
0.132477,300
0.127785,300
0.124177,300
0.141507,300
0.137404,300
0.107597,300
0.117754,300
0.111766,300
0.0795776,300
0.0787622,300
0.113454,300.002
0.101225,300.005
0.154444,300.365
0.142459,300.052
0.129816,300.407
0.144743,300.279
0.114802,302.101
0.126278,306.487
0.119899,318.228
0.117299,317.309
0.112657,309.276
0.12476,311.672
0.120442,317.02
0.130844,315.976
0.123312,318.487
0.128961,312.386
0.13542,312.108
0.069378,300
0.0774167,300
0.163049,300.707
0.168954,300.333
0.164878,300.202
0.131625,300
0.0984552,300.001
0.112301,300
0.103052,314.692
0.117255,305.387
0.11866,303.598
0.119621,303.504
0.124703,300.11
0.11786,300.491
0.12081,303.09
0.126376,300.311
0.132517,300.088
0.127492,300.063
0.133787,300.141
0.149468,300
0.143064,300
0.143255,300
0.145377,300
0.158604,300
0.138462,300
0.142523,300
0.150976,300
0.139222,300
0.141242,300
0.136832,300
0.145133,300
0.148074,315.77
0.140647,314.51
0.13838,318.267
0.105142,300
0.118074,300
0.119559,300
0.11087,300
0.111191,300
0.115596,300
0.119823,300
0.0806233,300
0.0815394,300
0.0824627,300
0.0819673,300
0.0514983,300
0.0468245,300
0.127399,307.714
0.138487,313.67
0.132499,300
0.129944,300
0.135394,300
0.131292,300
0.134128,300
0.148869,300
0.138648,300
0.094476,300.002
0.134271,300.894
0.124153,302.82
0.136511,301.082
0.121018,304.118
0.13748,300.759
0.127836,300.132
0.134962,300.808
0.135036,301.538
0.134203,309.102
0.11962,303.904
0.118253,315.248
0.146588,300
0.158621,300
0.128022,300.006
0.11316,300
0.118253,300
0.130116,300
0.126176,300
0.137307,300
0.129299,300
0.115716,300.001
0.0131413,300
0.132674,300
0.129932,300
0.129272,300
0.127559,300
0.0288731,300
-0.019401,300
0.0613174,300
0.0720514,300
0.0525418,300
0.0944225,300
0.0926469,300
0.0870391,300
0.0946319,300
0.094162,300
0.0930285,300
0.124032,300
0.115958,300
-0.000344465,300
0.00663859,300
0.0142378,300
0.00975396,300
0.010559,300
0.0275688,300
0.0734216,300
0.0774884,300
0.0743298,300
0.090291,300
0.0694609,300
0.0934086,300
0.00619546,300
-0.00315599,300
0.00471858,300
0.0126332,300
-0.0151886,300
0.135522,300.88
0.130865,300
0.130004,300.004
-0.00207874,300
-0.00207749,300
-0.00239954,300
-0.00330761,300
-0.00274352,300
0.0414826,300
0.0225577,300
0.0350379,300
0.0472485,300
0.0501965,300
0.0498026,300
0.0211418,300
0.0937852,300
0.0696658,300
0.057676,300
0.0791032,300
0.0225114,300
0.0252324,300
0.0254467,300
0.0381195,300
0.0381833,300
0.0382463,300
0.0383619,300
0.037931,300
0.0531447,300
0.0617458,300
0.0627531,300
0.0779627,300
0.0385183,300
0.126326,300
0.0994705,300
0.09936,300
0.0835712,300
0.110419,300
0.107033,300
0.145513,300
0.132608,300
0.131481,300
0.0916887,300
0.0908304,300
0.0753726,300
0.0625565,300
0.10038,300
0.0901146,300
0.0942817,300
0.103539,300
0.0820041,300
0.128922,300
0.144603,300
0.130503,300
0.129294,300
0.132169,300
0.126899,300
0.117068,300
0.130895,300
0.138194,300
0.123177,300
0.123723,300
0.145085,300
0.144686,300
0.101616,300
0.132957,300
0.141398,300
0.129303,300
0.125788,300
0.12272,300
0.106659,300
0.126052,300
0.100532,300
0.119165,300
0.113498,300
0.102498,300
0.116349,300
0.127137,300
0.094369,300
0.0963792,300
0.0694043,300
0.068965,300
0.0696226,300
0.0697927,300
0.09777,300
0.0876544,300
0.0876847,300
0.0826708,300
0.0383164,300
0.0790665,300
0.0809581,300
0.07153,300
0.0697162,300
0.09136,300
0.0911977,300
0.115363,300
0.110828,300
0.124965,300
0.11208,300
0.0923841,300
0.11807,300
0.113501,300
0.0916159,300
0.0382723,300
0.0463108,300
0.0500883,300
0.070257,300
0.105593,300
0.0704602,300
0.113111,300
0.117909,300
0.102226,300
0.120378,300
0.106258,300
0.0820237,300
0.0932593,300
0.0505405,300
0.0305357,300
-0.0482407,300
0.0352528,300
-0.0723352,300
