X,Y,Z_Plane,Temperature_3D,Temperature_2D,Temp_Difference
0.095,0.005,10,332.906,342.104,-9.198
0.095,-5.49E-34,10,334.117,342.165,-8.048
0.1,-5.78E-34,10,333.577,342.135,-8.558
0.1,0.005,10,332.6,342.084,-9.484
0.1,0.01,10,331.474,342.026,-10.552
0.095,0.01,10,331.77,342.045,-10.275
0.1,0.015,10,330.417,341.969,-11.552
0.095,0.015,10,330.704,341.989,-11.285
0.1,0.02,10,329.425,341.915,-12.49
0.095,0.02,10,329.704,341.934,-12.23
0.1,0.025,10,328.495,341.862,-13.367
0.095,0.025,10,328.765,341.882,-13.117
0.1,0.03,10,327.623,341.812,-14.189
0.095,0.03,10,327.885,341.832,-13.947
0.1,0.035,10,326.806,341.764,-14.958
0.095,0.035,10,327.061,341.783,-14.722
0.1,0.04,10,326.043,341.718,-15.675
0.095,0.04,10,326.291,341.737,-15.446
0.1,0.045,10,325.332,341.674,-16.342
0.095,0.045,10,325.573,341.693,-16.12
0.1,0.05,10,324.67,341.632,-16.962
0.095,0.05,10,324.905,341.651,-16.746
0.1,0.055,10,324.057,341.592,-17.535
0.095,0.055,10,324.285,341.611,-17.326
0.1,0.06,10,323.49,341.554,-18.064
0.095,0.06,10,323.714,341.574,-17.86
0.1,0.065,10,322.969,341.518,-18.549
0.095,0.065,10,323.188,341.538,-18.35
0.1,0.07,10,322.493,341.484,-18.991
0.095,0.07,10,322.707,341.504,-18.797
0.1,0.075,10,322.061,341.453,-19.392
0.095,0.075,10,322.271,341.472,-19.201
0.1,0.08,10,321.672,341.423,-19.751
0.095,0.08,10,321.878,341.443,-19.565
0.1,0.085,10,321.324,341.396,-20.072
0.095,0.085,10,321.527,341.415,-19.888
0.1,0.09,10,321.018,341.37,-20.352
0.095,0.09,10,321.218,341.389,-20.171
0.1,0.095,10,320.752,341.347,-20.595
0.095,0.095,10,320.95,341.366,-20.416
0.1,0.1,10,320.63,341.335,-20.705
0.095,0.1,10,320.722,341.345,-20.623
0.09,0.005,10,333.172,342.121,-8.949
0.09,-5.20E-34,10,334.385,342.182,-7.797
0.09,0.01,10,332.031,342.063,-10.032
0.09,0.015,10,330.959,342.006,-11.047
0.09,0.02,10,329.952,341.952,-12
0.09,0.025,10,329.006,341.9,-12.894
0.09,0.03,10,328.119,341.849,-13.73
0.09,0.035,10,327.289,341.801,-14.512
0.09,0.04,10,326.512,341.755,-15.243
0.09,0.045,10,325.788,341.711,-15.923
0.09,0.05,10,325.115,341.669,-16.554
0.09,0.055,10,324.49,341.629,-17.139
0.09,0.06,10,323.914,341.591,-17.677
0.09,0.065,10,323.384,341.555,-18.171
0.09,0.07,10,322.899,341.521,-18.622
0.09,0.075,10,322.459,341.49,-19.031
0.09,0.08,10,322.063,341.46,-19.397
0.09,0.085,10,321.709,341.432,-19.723
0.09,0.09,10,321.397,341.407,-20.01
0.09,0.095,10,321.127,341.383,-20.256
0.09,0.1,10,320.898,341.362,-20.464
0.085,0.005,10,333.401,342.137,-8.736
0.085,-4.91E-34,10,334.616,342.198,-7.582
0.085,0.01,10,332.257,342.078,-9.821
0.085,0.015,10,331.181,342.022,-10.841
0.085,0.02,10,330.168,341.967,-11.799
0.085,0.025,10,329.217,341.915,-12.698
0.085,0.03,10,328.325,341.865,-13.54
0.085,0.035,10,327.489,341.816,-14.327
0.085,0.04,10,326.707,341.77,-15.063
0.085,0.045,10,325.978,341.726,-15.748
0.085,0.05,10,325.3,341.684,-16.384
0.085,0.055,10,324.672,341.644,-16.972
0.085,0.06,10,324.091,341.606,-17.515
0.085,0.065,10,323.557,341.571,-18.014
0.085,0.07,10,323.069,341.537,-18.468
0.085,0.075,10,322.626,341.505,-18.879
0.085,0.08,10,322.226,341.475,-19.249
0.085,0.085,10,321.87,341.448,-19.578
0.085,0.09,10,321.556,341.422,-19.866
0.085,0.095,10,321.284,341.399,-20.115
0.085,0.1,10,321.053,341.377,-20.324
0.08,0.005,10,333.597,342.151,-8.554
0.08,-4.62E-34,10,334.812,342.211,-7.399
0.08,0.01,10,332.451,342.092,-9.641
0.08,0.015,10,331.371,342.035,-10.664
0.08,0.02,10,330.355,341.981,-11.626
0.08,0.025,10,329.4,341.928,-12.528
0.08,0.03,10,328.503,341.878,-13.375
0.08,0.035,10,327.663,341.83,-14.167
0.08,0.04,10,326.877,341.784,-14.907
0.08,0.045,10,326.143,341.74,-15.597
0.08,0.05,10,325.461,341.698,-16.237
0.08,0.055,10,324.829,341.658,-16.829
0.08,0.06,10,324.244,341.62,-17.376
0.08,0.065,10,323.707,341.584,-17.877
0.08,0.07,10,323.216,341.55,-18.334
0.08,0.075,10,322.77,341.518,-18.748
0.08,0.08,10,322.368,341.489,-19.121
0.08,0.085,10,322.01,341.461,-19.451
0.08,0.09,10,321.694,341.435,-19.741
0.08,0.095,10,321.42,341.412,-19.992
0.08,0.1,10,321.187,341.39,-20.203
0.075,0.005,10,333.761,342.162,-8.401
0.075,-4.33E-34,10,334.976,342.223,-7.247
0.075,0.01,10,332.613,342.103,-9.49
0.075,0.015,10,331.531,342.047,-10.516
0.075,0.02,10,330.512,341.992,-11.48
0.075,0.025,10,329.553,341.94,-12.387
0.075,0.03,10,328.653,341.89,-13.237
0.075,0.035,10,327.809,341.841,-14.032
0.075,0.04,10,327.02,341.795,-14.775
0.075,0.045,10,326.283,341.751,-15.468
0.075,0.05,10,325.597,341.709,-16.112
0.075,0.055,10,324.962,341.669,-16.707
0.075,0.06,10,324.375,341.631,-17.256
0.075,0.065,10,323.835,341.595,-17.76
0.075,0.07,10,323.341,341.561,-18.22
0.075,0.075,10,322.893,341.53,-18.637
0.075,0.08,10,322.489,341.5,-19.011
0.075,0.085,10,322.128,341.472,-19.344
0.075,0.09,10,321.81,341.447,-19.637
0.075,0.095,10,321.535,341.423,-19.888
0.075,0.1,10,321.301,341.402,-20.101
0.07,0.005,10,333.893,342.171,-8.278
0.07,-4.04E-34,10,335.109,342.232,-7.123
0.07,0.01,10,332.744,342.113,-9.369
0.07,0.015,10,331.66,342.056,-10.396
0.07,0.02,10,330.639,342.002,-11.363
0.07,0.025,10,329.678,341.949,-12.271
0.07,0.03,10,328.775,341.899,-13.124
0.07,0.035,10,327.928,341.851,-13.923
0.07,0.04,10,327.136,341.804,-14.668
0.07,0.045,10,326.397,341.76,-15.363
0.07,0.05,10,325.709,341.718,-16.009
0.07,0.055,10,325.071,341.678,-16.607
0.07,0.06,10,324.481,341.64,-17.159
0.07,0.065,10,323.939,341.604,-17.665
0.07,0.07,10,323.443,341.571,-18.128
0.07,0.075,10,322.993,341.539,-18.546
0.07,0.08,10,322.587,341.509,-18.922
0.07,0.085,10,322.225,341.482,-19.257
0.07,0.09,10,321.906,341.456,-19.55
0.07,0.095,10,321.63,341.432,-19.802
0.07,0.1,10,321.395,341.411,-20.016
0.065,0.005,10,333.995,342.178,-8.183
0.065,-3.76E-34,10,335.212,342.239,-7.027
0.065,0.01,10,332.846,342.12,-9.274
0.065,0.015,10,331.761,342.063,-10.302
0.065,0.02,10,330.738,342.009,-11.271
0.065,0.025,10,329.775,341.956,-12.181
0.065,0.03,10,328.87,341.906,-13.036
0.065,0.035,10,328.021,341.858,-13.837
0.065,0.04,10,327.227,341.812,-14.585
0.065,0.045,10,326.486,341.767,-15.281
0.065,0.05,10,325.795,341.725,-15.93
0.065,0.055,10,325.155,341.685,-16.53
0.065,0.06,10,324.564,341.647,-17.083
0.065,0.065,10,324.02,341.612,-17.592
0.065,0.07,10,323.523,341.578,-18.055
0.065,0.075,10,323.071,341.546,-18.475
0.065,0.08,10,322.664,341.516,-18.852
0.065,0.085,10,322.301,341.489,-19.188
0.065,0.09,10,321.981,341.463,-19.482
0.065,0.095,10,321.703,341.44,-19.737
0.065,0.1,10,321.468,341.418,-19.95
0.06,0.005,10,334.068,342.184,-8.116
0.06,-3.47E-34,10,335.284,342.244,-6.96
0.06,0.01,10,332.918,342.125,-9.207
0.06,0.015,10,331.832,342.068,-10.236
0.06,0.02,10,330.808,342.014,-11.206
0.06,0.025,10,329.844,341.962,-12.118
0.06,0.03,10,328.938,341.911,-12.973
0.06,0.035,10,328.088,341.863,-13.775
0.06,0.04,10,327.292,341.817,-14.525
0.06,0.045,10,326.549,341.773,-15.224
0.06,0.05,10,325.857,341.731,-15.874
0.06,0.055,10,325.216,341.691,-16.475
0.06,0.06,10,324.623,341.653,-17.03
0.06,0.065,10,324.078,341.617,-17.539
0.06,0.07,10,323.58,341.583,-18.003
0.06,0.075,10,323.127,341.551,-18.424
0.06,0.08,10,322.719,341.521,-18.802
0.06,0.085,10,322.355,341.494,-19.139
0.06,0.09,10,322.034,341.468,-19.434
0.06,0.095,10,321.756,341.445,-19.689
0.06,0.1,10,321.52,341.423,-19.903
0.055,0.005,10,334.111,342.187,-8.076
0.055,-3.18E-34,10,335.328,342.247,-6.919
0.055,0.01,10,332.961,342.128,-9.167
0.055,0.015,10,331.875,342.072,-10.197
0.055,0.02,10,330.85,342.017,-11.167
0.055,0.025,10,329.885,341.965,-12.08
0.055,0.03,10,328.978,341.914,-12.936
0.055,0.035,10,328.127,341.866,-13.739
0.055,0.04,10,327.331,341.82,-14.489
0.055,0.045,10,326.587,341.776,-15.189
0.055,0.05,10,325.895,341.734,-15.839
0.055,0.055,10,325.252,341.694,-16.442
0.055,0.06,10,324.659,341.656,-16.997
0.055,0.065,10,324.113,341.62,-17.507
0.055,0.07,10,323.614,341.586,-17.972
0.055,0.075,10,323.16,341.554,-18.394
0.055,0.08,10,322.752,341.525,-18.773
0.055,0.085,10,322.387,341.497,-19.11
0.055,0.09,10,322.066,341.471,-19.405
0.055,0.095,10,321.787,341.448,-19.661
0.055,0.1,10,321.551,341.426,-19.875
0.05,0.005,10,334.126,342.188,-8.062
0.05,-2.89E-34,10,335.342,342.249,-6.907
0.05,0.01,10,332.975,342.129,-9.154
0.05,0.015,10,331.889,342.073,-10.184
0.05,0.02,10,330.864,342.018,-11.154
0.05,0.025,10,329.899,341.966,-12.067
0.05,0.03,10,328.992,341.915,-12.923
0.05,0.035,10,328.14,341.867,-13.727
0.05,0.04,10,327.344,341.821,-14.477
0.05,0.045,10,326.599,341.777,-15.178
0.05,0.05,10,325.907,341.735,-15.828
0.05,0.055,10,325.264,341.695,-16.431
0.05,0.06,10,324.671,341.657,-16.986
0.05,0.065,10,324.125,341.621,-17.496
0.05,0.07,10,323.625,341.587,-17.962
0.05,0.075,10,323.172,341.555,-18.383
0.05,0.08,10,322.763,341.526,-18.763
0.05,0.085,10,322.398,341.498,-19.1
0.05,0.09,10,322.077,341.472,-19.395
0.05,0.095,10,321.798,341.449,-19.651
0.05,0.1,10,321.561,341.427,-19.866
0.045,0.005,10,334.111,342.187,-8.076
0.045,-2.60E-34,10,335.328,342.247,-6.919
0.045,0.01,10,332.961,342.128,-9.167
0.045,0.015,10,331.875,342.072,-10.197
0.045,0.02,10,330.85,342.017,-11.167
0.045,0.025,10,329.885,341.965,-12.08
0.045,0.03,10,328.978,341.914,-12.936
0.045,0.035,10,328.127,341.866,-13.739
0.045,0.04,10,327.331,341.82,-14.489
0.045,0.045,10,326.587,341.776,-15.189
0.045,0.05,10,325.895,341.734,-15.839
0.045,0.055,10,325.252,341.694,-16.442
0.045,0.06,10,324.659,341.656,-16.997
0.045,0.065,10,324.113,341.62,-17.507
0.045,0.07,10,323.614,341.586,-17.972
0.045,0.075,10,323.16,341.554,-18.394
0.045,0.08,10,322.752,341.525,-18.773
0.045,0.085,10,322.387,341.497,-19.11
0.045,0.09,10,322.066,341.471,-19.405
0.045,0.095,10,321.787,341.448,-19.661
0.045,0.1,10,321.551,341.426,-19.875
0.04,0.005,10,334.068,342.184,-8.116
0.04,-2.31E-34,10,335.284,342.244,-6.96
0.04,0.01,10,332.918,342.125,-9.207
0.04,0.015,10,331.832,342.068,-10.236
0.04,0.02,10,330.808,342.014,-11.206
0.04,0.025,10,329.844,341.962,-12.118
0.04,0.03,10,328.938,341.911,-12.973
0.04,0.035,10,328.088,341.863,-13.775
0.04,0.04,10,327.292,341.817,-14.525
0.04,0.045,10,326.549,341.773,-15.224
0.04,0.05,10,325.857,341.731,-15.874
0.04,0.055,10,325.216,341.691,-16.475
0.04,0.06,10,324.623,341.653,-17.03
0.04,0.065,10,324.078,341.617,-17.539
0.04,0.07,10,323.58,341.583,-18.003
0.04,0.075,10,323.127,341.551,-18.424
0.04,0.08,10,322.719,341.521,-18.802
0.04,0.085,10,322.355,341.494,-19.139
0.04,0.09,10,322.034,341.468,-19.434
0.04,0.095,10,321.756,341.445,-19.689
0.04,0.1,10,321.52,341.423,-19.903
0.035,0.005,10,333.995,342.178,-8.183
0.035,-2.02E-34,10,335.212,342.239,-7.027
0.035,0.01,10,332.846,342.12,-9.274
0.035,0.015,10,331.761,342.063,-10.302
0.035,0.02,10,330.738,342.009,-11.271
0.035,0.025,10,329.775,341.956,-12.181
0.035,0.03,10,328.87,341.906,-13.036
0.035,0.035,10,328.021,341.858,-13.837
0.035,0.04,10,327.227,341.812,-14.585
0.035,0.045,10,326.486,341.767,-15.281
0.035,0.05,10,325.795,341.725,-15.93
0.035,0.055,10,325.155,341.685,-16.53
0.035,0.06,10,324.564,341.647,-17.083
0.035,0.065,10,324.02,341.612,-17.592
0.035,0.07,10,323.523,341.578,-18.055
0.035,0.075,10,323.071,341.546,-18.475
0.035,0.08,10,322.664,341.516,-18.852
0.035,0.085,10,322.301,341.489,-19.188
0.035,0.09,10,321.981,341.463,-19.482
0.035,0.095,10,321.703,341.44,-19.737
0.035,0.1,10,321.468,341.418,-19.95
0.03,-1.73E-34,10,335.109,342.232,-7.123
0.03,0.005,10,333.893,342.171,-8.278
0.03,0.01,10,332.744,342.113,-9.369
0.03,0.015,10,331.66,342.056,-10.396
0.03,0.02,10,330.639,342.002,-11.363
0.03,0.025,10,329.678,341.949,-12.271
0.03,0.03,10,328.775,341.899,-13.124
0.03,0.035,10,327.928,341.851,-13.923
0.03,0.04,10,327.136,341.804,-14.668
0.03,0.045,10,326.397,341.76,-15.363
0.03,0.05,10,325.709,341.718,-16.009
0.03,0.055,10,325.071,341.678,-16.607
0.03,0.06,10,324.481,341.64,-17.159
0.03,0.065,10,323.939,341.604,-17.665
0.03,0.07,10,323.443,341.571,-18.128
0.03,0.075,10,322.993,341.539,-18.546
0.03,0.08,10,322.587,341.509,-18.922
0.03,0.085,10,322.225,341.482,-19.257
0.03,0.09,10,321.906,341.456,-19.55
0.03,0.095,10,321.63,341.432,-19.802
0.03,0.1,10,321.395,341.411,-20.016
0.025,-1.44E-34,10,334.976,342.223,-7.247
0.025,0.005,10,333.761,342.162,-8.401
0.025,0.01,10,332.613,342.103,-9.49
0.025,0.015,10,331.531,342.047,-10.516
0.025,0.02,10,330.512,341.992,-11.48
0.025,0.025,10,329.553,341.94,-12.387
0.025,0.03,10,328.653,341.89,-13.237
0.025,0.035,10,327.809,341.841,-14.032
0.025,0.04,10,327.02,341.795,-14.775
0.025,0.045,10,326.283,341.751,-15.468
0.025,0.05,10,325.597,341.709,-16.112
0.025,0.055,10,324.962,341.669,-16.707
0.025,0.06,10,324.375,341.631,-17.256
0.025,0.065,10,323.835,341.595,-17.76
0.025,0.07,10,323.341,341.561,-18.22
0.025,0.075,10,322.893,341.53,-18.637
0.025,0.08,10,322.489,341.5,-19.011
0.025,0.085,10,322.128,341.472,-19.344
0.025,0.09,10,321.811,341.447,-19.636
0.025,0.095,10,321.535,341.423,-19.888
0.025,0.1,10,321.301,341.402,-20.101
0.02,-1.16E-34,10,334.812,342.211,-7.399
0.02,0.005,10,333.597,342.151,-8.554
0.02,0.01,10,332.451,342.092,-9.641
0.02,0.015,10,331.371,342.035,-10.664
0.02,0.02,10,330.355,341.981,-11.626
0.02,0.025,10,329.4,341.928,-12.528
0.02,0.03,10,328.503,341.878,-13.375
0.02,0.035,10,327.663,341.83,-14.167
0.02,0.04,10,326.877,341.784,-14.907
0.02,0.045,10,326.143,341.74,-15.597
0.02,0.05,10,325.461,341.698,-16.237
0.02,0.055,10,324.829,341.658,-16.829
0.02,0.06,10,324.244,341.62,-17.376
0.02,0.065,10,323.707,341.584,-17.877
0.02,0.07,10,323.216,341.55,-18.334
0.02,0.075,10,322.77,341.518,-18.748
0.02,0.08,10,322.368,341.489,-19.121
0.02,0.085,10,322.01,341.461,-19.451
0.02,0.09,10,321.694,341.435,-19.741
0.02,0.095,10,321.42,341.412,-19.992
0.02,0.1,10,321.187,341.39,-20.203
0.015,-8.67E-35,10,334.616,342.198,-7.582
0.015,0.005,10,333.401,342.137,-8.736
0.015,0.01,10,332.257,342.078,-9.821
0.015,0.015,10,331.181,342.022,-10.841
0.015,0.02,10,330.168,341.967,-11.799
0.015,0.025,10,329.217,341.915,-12.698
0.015,0.03,10,328.325,341.865,-13.54
0.015,0.035,10,327.489,341.816,-14.327
0.015,0.04,10,326.708,341.77,-15.062
0.015,0.045,10,325.978,341.726,-15.748
0.015,0.05,10,325.3,341.684,-16.384
0.015,0.055,10,324.672,341.644,-16.972
0.015,0.06,10,324.091,341.606,-17.515
0.015,0.065,10,323.557,341.571,-18.014
0.015,0.07,10,323.069,341.537,-18.468
0.015,0.075,10,322.626,341.505,-18.879
0.015,0.08,10,322.226,341.475,-19.249
0.015,0.085,10,321.87,341.448,-19.578
0.015,0.09,10,321.556,341.422,-19.866
0.015,0.095,10,321.284,341.399,-20.115
0.015,0.1,10,321.053,341.377,-20.324
0.01,-5.78E-35,10,334.385,342.182,-7.797
0.01,0.005,10,333.172,342.121,-8.949
0.01,0.01,10,332.031,342.063,-10.032
0.01,0.015,10,330.959,342.006,-11.047
0.01,0.02,10,329.952,341.952,-12
0.01,0.025,10,329.006,341.9,-12.894
0.01,0.03,10,328.119,341.849,-13.73
0.01,0.035,10,327.289,341.801,-14.512
0.01,0.04,10,326.512,341.755,-15.243
0.01,0.045,10,325.788,341.711,-15.923
0.01,0.05,10,325.115,341.669,-16.554
0.01,0.055,10,324.49,341.629,-17.139
0.01,0.06,10,323.914,341.591,-17.677
0.01,0.065,10,323.384,341.555,-18.171
0.01,0.07,10,322.899,341.521,-18.622
0.01,0.075,10,322.459,341.49,-19.031
0.01,0.08,10,322.063,341.46,-19.397
0.01,0.085,10,321.709,341.432,-19.723
0.01,0.09,10,321.397,341.407,-20.01
0.01,0.095,10,321.127,341.383,-20.256
0.01,0.1,10,320.898,341.362,-20.464
0.005,-2.89E-35,10,334.117,342.165,-8.048
0.005,0.005,10,332.906,342.104,-9.198
0.005,0.01,10,331.77,342.045,-10.275
0.005,0.015,10,330.704,341.989,-11.285
0.005,0.02,10,329.704,341.934,-12.23
0.005,0.025,10,328.765,341.882,-13.117
0.005,0.03,10,327.885,341.832,-13.947
0.005,0.035,10,327.061,341.783,-14.722
0.005,0.04,10,326.291,341.737,-15.446
0.005,0.045,10,325.573,341.693,-16.12
0.005,0.05,10,324.905,341.651,-16.746
0.005,0.055,10,324.285,341.611,-17.326
0.005,0.06,10,323.714,341.574,-17.86
0.005,0.065,10,323.188,341.538,-18.35
0.005,0.07,10,322.707,341.504,-18.797
0.005,0.075,10,322.271,341.472,-19.201
0.005,0.08,10,321.878,341.443,-19.565
0.005,0.085,10,321.527,341.415,-19.888
0.005,0.09,10,321.218,341.389,-20.171
0.005,0.095,10,320.95,341.366,-20.416
0.005,0.1,10,320.723,341.345,-20.622
-5.51E-19,0.005,10,332.6,342.084,-9.484
0,0,10,333.577,342.135,-8.558
-1.10E-18,0.01,10,331.474,342.026,-10.552
-1.65E-18,0.015,10,330.417,341.969,-11.552
-2.20E-18,0.02,10,329.425,341.915,-12.49
-2.76E-18,0.025,10,328.495,341.862,-13.367
-3.31E-18,0.03,10,327.623,341.812,-14.189
-3.86E-18,0.035,10,326.806,341.764,-14.958
-4.41E-18,0.04,10,326.043,341.718,-15.675
-4.96E-18,0.045,10,325.332,341.674,-16.342
-5.51E-18,0.05,10,324.67,341.632,-16.962
-6.06E-18,0.055,10,324.057,341.592,-17.535
-6.61E-18,0.06,10,323.49,341.554,-18.064
-7.16E-18,0.065,10,322.969,341.518,-18.549
-7.72E-18,0.07,10,322.493,341.484,-18.991
-8.27E-18,0.075,10,322.061,341.453,-19.392
-8.82E-18,0.08,10,321.672,341.423,-19.751
-9.37E-18,0.085,10,321.324,341.396,-20.072
-9.92E-18,0.09,10,321.018,341.37,-20.352
-1.05E-17,0.095,10,320.752,341.347,-20.595
-1.39E-17,0.1,10,320.63,341.335,-20.705
0.095,0.005,20,333.328,342.104,-8.776
0.095,-5.49E-34,20,334.541,342.165,-7.624
0.1,-5.78E-34,20,333.999,342.135,-8.136
0.1,0.005,20,333.018,342.084,-9.066
0.1,0.01,20,331.886,342.026,-10.14
0.095,0.01,20,332.187,342.045,-9.858
0.1,0.015,20,330.822,341.969,-11.147
0.095,0.015,20,331.113,341.989,-10.876
0.1,0.02,20,329.822,341.915,-12.093
0.095,0.02,20,330.104,341.934,-11.83
0.1,0.025,20,328.882,341.862,-12.98
0.095,0.025,20,329.156,341.882,-12.726
0.1,0.03,20,328,341.812,-13.812
0.095,0.03,20,328.266,341.832,-13.566
0.1,0.035,20,327.174,341.764,-14.59
0.095,0.035,20,327.432,341.783,-14.351
0.1,0.04,20,326.401,341.718,-15.317
0.095,0.04,20,326.652,341.737,-15.085
0.1,0.045,20,325.681,341.674,-15.993
0.095,0.045,20,325.925,341.693,-15.768
0.1,0.05,20,325.01,341.632,-16.622
0.095,0.05,20,325.248,341.651,-16.403
0.095,0.055,20,324.621,341.611,-16.99
0.1,0.055,20,324.389,341.592,-17.203
0.1,0.06,20,323.815,341.554,-17.739
0.095,0.06,20,324.041,341.574,-17.533
0.1,0.065,20,323.287,341.518,-18.231
0.095,0.065,20,323.509,341.538,-18.029
0.1,0.07,20,322.805,341.484,-18.679
0.095,0.07,20,323.022,341.504,-18.482
0.1,0.075,20,322.367,341.453,-19.086
0.095,0.075,20,322.579,341.472,-18.893
0.1,0.08,20,321.972,341.423,-19.451
0.095,0.08,20,322.181,341.443,-19.262
0.1,0.085,20,321.62,341.396,-19.776
0.095,0.085,20,321.825,341.415,-19.59
0.1,0.09,20,321.309,341.37,-20.061
0.095,0.09,20,321.512,341.389,-19.877
0.1,0.095,20,321.04,341.347,-20.307
0.095,0.095,20,321.24,341.366,-20.126
0.1,0.1,20,320.916,341.335,-20.419
0.095,0.1,20,321.01,341.345,-20.335
0.09,0.005,20,333.597,342.121,-8.524
0.09,-5.20E-34,20,334.812,342.182,-7.37
0.09,0.01,20,332.451,342.063,-9.612
0.09,0.015,20,331.371,342.006,-10.635
0.09,0.02,20,330.355,341.952,-11.597
0.09,0.025,20,329.4,341.9,-12.5
0.09,0.03,20,328.503,341.849,-13.346
0.09,0.035,20,327.663,341.801,-14.138
0.09,0.04,20,326.877,341.755,-14.878
0.09,0.045,20,326.143,341.711,-15.568
0.09,0.05,20,325.461,341.669,-16.208
0.09,0.055,20,324.829,341.629,-16.8
0.09,0.06,20,324.244,341.591,-17.347
0.09,0.065,20,323.707,341.555,-17.848
0.09,0.07,20,323.216,341.521,-18.305
0.09,0.075,20,322.77,341.49,-18.72
0.09,0.08,20,322.368,341.46,-19.092
0.09,0.085,20,322.01,341.432,-19.422
0.09,0.09,20,321.694,341.407,-19.713
0.09,0.095,20,321.42,341.383,-19.963
0.09,0.1,20,321.187,341.362,-20.175
0.085,0.005,20,333.83,342.137,-8.307
0.085,-4.91E-34,20,335.046,342.198,-7.152
0.085,0.01,20,332.68,342.078,-9.398
0.085,0.015,20,331.596,342.022,-10.426
0.085,0.02,20,330.575,341.967,-11.392
0.085,0.025,20,329.614,341.915,-12.301
0.085,0.03,20,328.712,341.865,-13.153
0.085,0.035,20,327.866,341.816,-13.95
0.085,0.04,20,327.075,341.77,-14.695
0.085,0.045,20,326.336,341.726,-15.39
0.085,0.05,20,325.649,341.684,-16.035
0.085,0.055,20,325.012,341.644,-16.632
0.085,0.06,20,324.424,341.606,-17.182
0.085,0.065,20,323.883,341.571,-17.688
0.085,0.07,20,323.388,341.537,-18.149
0.085,0.075,20,322.939,341.505,-18.566
0.085,0.08,20,322.534,341.475,-18.941
0.085,0.085,20,322.173,341.448,-19.275
0.085,0.09,20,321.855,341.422,-19.567
0.085,0.095,20,321.579,341.399,-19.82
0.085,0.1,20,321.344,341.377,-20.033
0.08,0.005,20,334.028,342.151,-8.123
0.08,-4.62E-34,20,335.245,342.211,-6.966
0.08,0.01,20,332.877,342.092,-9.215
0.08,0.015,20,331.789,342.035,-10.246
0.08,0.02,20,330.764,341.981,-11.217
0.08,0.025,20,329.799,341.928,-12.129
0.08,0.03,20,328.892,341.878,-12.986
0.08,0.035,20,328.042,341.83,-13.788
0.08,0.04,20,327.246,341.784,-14.538
0.08,0.045,20,326.503,341.74,-15.237
0.08,0.05,20,325.812,341.698,-15.886
0.08,0.055,20,325.172,341.658,-16.486
0.08,0.06,20,324.58,341.62,-17.04
0.08,0.065,20,324.035,341.584,-17.549
0.08,0.07,20,323.538,341.55,-18.012
0.08,0.075,20,323.086,341.518,-18.432
0.08,0.08,20,322.678,341.489,-18.811
0.08,0.085,20,322.315,341.461,-19.146
0.08,0.09,20,321.994,341.435,-19.441
0.08,0.095,20,321.717,341.412,-19.695
0.08,0.1,20,321.481,341.39,-19.909
0.075,0.005,20,334.194,342.162,-7.968
0.075,-4.33E-34,20,335.412,342.223,-6.811
0.075,0.01,20,333.041,342.103,-9.062
0.075,0.015,20,331.951,342.047,-10.096
0.075,0.02,20,330.923,341.992,-11.069
0.075,0.025,20,329.954,341.94,-11.986
0.075,0.03,20,329.044,341.89,-12.846
0.075,0.035,20,328.19,341.841,-13.651
0.075,0.04,20,327.391,341.795,-14.404
0.075,0.045,20,326.645,341.751,-15.106
0.075,0.05,20,325.951,341.709,-15.758
0.075,0.055,20,325.307,341.669,-16.362
0.075,0.06,20,324.712,341.631,-16.919
0.075,0.065,20,324.164,341.595,-17.431
0.075,0.07,20,323.664,341.561,-17.897
0.075,0.075,20,323.21,341.53,-18.32
0.075,0.08,20,322.8,341.5,-18.7
0.075,0.085,20,322.435,341.472,-19.037
0.075,0.09,20,322.113,341.447,-19.334
0.075,0.095,20,321.833,341.423,-19.59
0.075,0.1,20,321.596,341.402,-19.806
0.07,0.005,20,334.328,342.171,-7.843
0.07,-4.04E-34,20,335.546,342.232,-6.686
0.07,0.01,20,333.174,342.113,-8.939
0.07,0.015,20,332.082,342.056,-9.974
0.07,0.02,20,331.052,342.002,-10.95
0.07,0.025,20,330.081,341.949,-11.868
0.07,0.03,20,329.168,341.899,-12.731
0.07,0.035,20,328.311,341.851,-13.54
0.07,0.04,20,327.509,341.804,-14.295
0.07,0.045,20,326.76,341.76,-15
0.07,0.05,20,326.064,341.718,-15.654
0.07,0.055,20,325.417,341.678,-16.261
0.07,0.06,20,324.82,341.64,-16.82
0.07,0.065,20,324.27,341.604,-17.334
0.07,0.07,20,323.768,341.571,-17.803
0.07,0.075,20,323.311,341.539,-18.228
0.07,0.08,20,322.9,341.509,-18.609
0.07,0.085,20,322.533,341.482,-18.949
0.07,0.09,20,322.21,341.456,-19.246
0.07,0.095,20,321.929,341.432,-19.503
0.07,0.1,20,321.691,341.411,-19.72
0.065,0.005,20,334.432,342.178,-7.746
0.065,-3.76E-34,20,335.65,342.239,-6.589
0.065,0.01,20,333.277,342.12,-8.843
0.065,0.015,20,332.184,342.063,-9.879
0.065,0.02,20,331.152,342.009,-10.857
0.065,0.025,20,330.179,341.956,-11.777
0.065,0.03,20,329.264,341.906,-12.642
0.065,0.035,20,328.405,341.858,-13.453
0.065,0.04,20,327.601,341.812,-14.211
0.065,0.045,20,326.85,341.767,-14.917
0.065,0.05,20,326.151,341.725,-15.574
0.065,0.055,20,325.503,341.685,-16.182
0.065,0.06,20,324.904,341.647,-16.743
0.065,0.065,20,324.353,341.612,-17.259
0.065,0.07,20,323.849,341.578,-17.729
0.065,0.075,20,323.391,341.546,-18.155
0.065,0.08,20,322.978,341.516,-18.538
0.065,0.085,20,322.61,341.489,-18.879
0.065,0.09,20,322.285,341.463,-19.178
0.065,0.095,20,322.004,341.44,-19.436
0.065,0.1,20,321.765,341.418,-19.653
0.06,0.005,20,334.506,342.184,-7.678
0.06,-3.47E-34,20,335.724,342.244,-6.52
0.06,0.01,20,333.35,342.125,-8.775
0.06,0.015,20,332.256,342.068,-9.812
0.06,0.02,20,331.223,342.014,-10.791
0.06,0.025,20,330.249,341.962,-11.713
0.06,0.03,20,329.333,341.911,-12.578
0.06,0.035,20,328.472,341.863,-13.391
0.06,0.04,20,327.667,341.817,-14.15
0.06,0.045,20,326.915,341.773,-14.858
0.06,0.05,20,326.214,341.731,-15.517
0.06,0.055,20,325.564,341.691,-16.127
0.06,0.06,20,324.964,341.653,-16.689
0.06,0.065,20,324.411,341.617,-17.206
0.06,0.07,20,323.906,341.583,-17.677
0.06,0.075,20,323.447,341.551,-18.104
0.06,0.08,20,323.034,341.521,-18.487
0.06,0.085,20,322.664,341.494,-18.83
0.06,0.09,20,322.339,341.468,-19.129
0.06,0.095,20,322.057,341.445,-19.388
0.06,0.1,20,321.818,341.423,-19.605
0.055,0.005,20,334.55,342.187,-7.637
0.055,-3.18E-34,20,335.768,342.247,-6.479
0.055,0.01,20,333.394,342.128,-8.734
0.055,0.015,20,332.299,342.072,-9.773
0.055,0.02,20,331.266,342.017,-10.751
0.055,0.025,20,330.291,341.965,-11.674
0.055,0.03,20,329.374,341.914,-12.54
0.055,0.035,20,328.513,341.866,-13.353
0.055,0.04,20,327.706,341.82,-14.114
0.055,0.045,20,326.953,341.776,-14.823
0.055,0.05,20,326.252,341.734,-15.482
0.055,0.055,20,325.601,341.694,-16.093
0.055,0.06,20,325,341.656,-16.656
0.055,0.065,20,324.447,341.62,-17.173
0.055,0.07,20,323.941,341.586,-17.645
0.055,0.075,20,323.481,341.554,-18.073
0.055,0.08,20,323.067,341.525,-18.458
0.055,0.085,20,322.697,341.497,-18.8
0.055,0.09,20,322.372,341.471,-19.099
0.055,0.095,20,322.089,341.448,-19.359
0.055,0.1,20,321.849,341.426,-19.577
0.05,0.005,20,334.564,342.188,-7.624
0.05,-2.89E-34,20,335.783,342.249,-6.466
0.05,0.01,20,333.408,342.129,-8.721
0.05,0.015,20,332.314,342.073,-9.759
0.05,0.02,20,331.28,342.018,-10.738
0.05,0.025,20,330.305,341.966,-11.661
0.05,0.03,20,329.387,341.915,-12.528
0.05,0.035,20,328.526,341.867,-13.341
0.05,0.04,20,327.719,341.821,-14.102
0.05,0.045,20,326.966,341.777,-14.811
0.05,0.05,20,326.264,341.735,-15.471
0.05,0.055,20,325.613,341.695,-16.082
0.05,0.06,20,325.012,341.657,-16.645
0.05,0.065,20,324.458,341.621,-17.163
0.05,0.07,20,323.952,341.587,-17.635
0.05,0.075,20,323.493,341.555,-18.062
0.05,0.08,20,323.078,341.526,-18.448
0.05,0.085,20,322.708,341.498,-18.79
0.05,0.09,20,322.382,341.472,-19.09
0.05,0.095,20,322.1,341.449,-19.349
0.05,0.1,20,321.86,341.427,-19.567
0.045,-2.60E-34,20,335.768,342.247,-6.479
0.045,0.005,20,334.55,342.187,-7.637
0.045,0.01,20,333.394,342.128,-8.734
0.045,0.015,20,332.299,342.072,-9.773
0.045,0.02,20,331.266,342.017,-10.751
0.045,0.025,20,330.291,341.965,-11.674
0.045,0.03,20,329.374,341.914,-12.54
0.045,0.035,20,328.513,341.866,-13.353
0.045,0.04,20,327.706,341.82,-14.114
0.045,0.045,20,326.953,341.776,-14.823
0.045,0.05,20,326.252,341.734,-15.482
0.045,0.055,20,325.601,341.694,-16.093
0.045,0.06,20,325,341.656,-16.656
0.045,0.065,20,324.447,341.62,-17.173
0.045,0.07,20,323.941,341.586,-17.645
0.045,0.075,20,323.481,341.554,-18.073
0.045,0.08,20,323.067,341.525,-18.458
0.045,0.085,20,322.697,341.497,-18.8
0.045,0.09,20,322.372,341.471,-19.099
0.045,0.095,20,322.089,341.448,-19.359
0.045,0.1,20,321.849,341.426,-19.577
0.04,-2.31E-34,20,335.724,342.244,-6.52
0.04,0.005,20,334.506,342.184,-7.678
0.04,0.01,20,333.35,342.125,-8.775
0.04,0.015,20,332.256,342.068,-9.812
0.04,0.02,20,331.223,342.014,-10.791
0.04,0.025,20,330.249,341.962,-11.713
0.04,0.03,20,329.333,341.911,-12.578
0.04,0.035,20,328.472,341.863,-13.391
0.04,0.04,20,327.667,341.817,-14.15
0.04,0.045,20,326.915,341.773,-14.858
0.04,0.05,20,326.214,341.731,-15.517
0.04,0.055,20,325.564,341.691,-16.127
0.04,0.06,20,324.964,341.653,-16.689
0.04,0.065,20,324.411,341.617,-17.206
0.04,0.07,20,323.906,341.583,-17.677
0.04,0.075,20,323.447,341.551,-18.104
0.04,0.08,20,323.034,341.521,-18.487
0.04,0.085,20,322.664,341.494,-18.83
0.04,0.09,20,322.339,341.468,-19.129
0.04,0.095,20,322.057,341.445,-19.388
0.04,0.1,20,321.818,341.423,-19.605
0.035,-2.02E-34,20,335.65,342.239,-6.589
0.035,0.005,20,334.432,342.178,-7.746
0.035,0.01,20,333.277,342.12,-8.843
0.035,0.015,20,332.184,342.063,-9.879
0.035,0.02,20,331.152,342.009,-10.857
0.035,0.025,20,330.179,341.956,-11.777
0.035,0.03,20,329.264,341.906,-12.642
0.035,0.035,20,328.405,341.858,-13.453
0.035,0.04,20,327.601,341.812,-14.211
0.035,0.045,20,326.85,341.767,-14.917
0.035,0.05,20,326.151,341.725,-15.574
0.035,0.055,20,325.503,341.685,-16.182
0.035,0.06,20,324.904,341.647,-16.743
0.035,0.065,20,324.353,341.612,-17.259
0.035,0.07,20,323.849,341.578,-17.729
0.035,0.075,20,323.391,341.546,-18.155
0.035,0.08,20,322.978,341.516,-18.538
0.035,0.085,20,322.61,341.489,-18.879
0.035,0.09,20,322.285,341.463,-19.178
0.035,0.095,20,322.004,341.44,-19.436
0.035,0.1,20,321.765,341.418,-19.653
0.03,-1.73E-34,20,335.546,342.232,-6.686
0.03,0.005,20,334.328,342.171,-7.843
0.03,0.01,20,333.174,342.113,-8.939
0.03,0.015,20,332.082,342.056,-9.974
0.03,0.02,20,331.052,342.002,-10.95
0.03,0.025,20,330.081,341.949,-11.868
0.03,0.03,20,329.168,341.899,-12.731
0.03,0.035,20,328.311,341.851,-13.54
0.03,0.04,20,327.509,341.804,-14.295
0.03,0.045,20,326.76,341.76,-15
0.03,0.05,20,326.064,341.718,-15.654
0.03,0.055,20,325.417,341.678,-16.261
0.03,0.06,20,324.82,341.64,-16.82
0.03,0.065,20,324.27,341.604,-17.334
0.03,0.07,20,323.768,341.571,-17.803
0.03,0.075,20,323.311,341.539,-18.228
0.03,0.08,20,322.9,341.509,-18.609
0.03,0.085,20,322.533,341.482,-18.949
0.03,0.09,20,322.21,341.456,-19.246
0.03,0.095,20,321.929,341.432,-19.503
0.03,0.1,20,321.691,341.411,-19.72
0.025,-1.44E-34,20,335.412,342.223,-6.811
0.025,0.005,20,334.194,342.162,-7.968
0.025,0.01,20,333.041,342.103,-9.062
0.025,0.015,20,331.951,342.047,-10.096
0.025,0.02,20,330.923,341.992,-11.069
0.025,0.025,20,329.954,341.94,-11.986
0.025,0.03,20,329.044,341.89,-12.846
0.025,0.035,20,328.19,341.841,-13.651
0.025,0.04,20,327.391,341.795,-14.404
0.025,0.045,20,326.645,341.751,-15.106
0.025,0.05,20,325.951,341.709,-15.758
0.025,0.055,20,325.307,341.669,-16.362
0.025,0.06,20,324.712,341.631,-16.919
0.025,0.065,20,324.164,341.595,-17.431
0.025,0.07,20,323.664,341.561,-17.897
0.025,0.075,20,323.21,341.53,-18.32
0.025,0.08,20,322.8,341.5,-18.7
0.025,0.085,20,322.435,341.472,-19.037
0.025,0.09,20,322.113,341.447,-19.334
0.025,0.095,20,321.833,341.423,-19.59
0.025,0.1,20,321.596,341.402,-19.806
0.02,-1.16E-34,20,335.245,342.211,-6.966
0.02,0.005,20,334.028,342.151,-8.123
0.02,0.01,20,332.877,342.092,-9.215
0.02,0.015,20,331.789,342.035,-10.246
0.02,0.02,20,330.764,341.981,-11.217
0.02,0.025,20,329.799,341.928,-12.129
0.02,0.03,20,328.892,341.878,-12.986
0.02,0.035,20,328.042,341.83,-13.788
0.02,0.04,20,327.246,341.784,-14.538
0.02,0.045,20,326.503,341.74,-15.237
0.02,0.05,20,325.813,341.698,-15.885
0.02,0.055,20,325.172,341.658,-16.486
0.02,0.06,20,324.58,341.62,-17.04
0.02,0.065,20,324.035,341.584,-17.549
0.02,0.07,20,323.538,341.55,-18.012
0.02,0.075,20,323.086,341.518,-18.432
0.02,0.08,20,322.678,341.489,-18.811
0.02,0.085,20,322.315,341.461,-19.146
0.02,0.09,20,321.994,341.435,-19.441
0.02,0.095,20,321.717,341.412,-19.695
0.02,0.1,20,321.481,341.39,-19.909
0.015,-8.67E-35,20,335.046,342.198,-7.152
0.015,0.005,20,333.83,342.137,-8.307
0.015,0.01,20,332.68,342.078,-9.398
0.015,0.015,20,331.596,342.022,-10.426
0.015,0.02,20,330.575,341.967,-11.392
0.015,0.025,20,329.614,341.915,-12.301
0.015,0.03,20,328.712,341.865,-13.153
0.015,0.035,20,327.866,341.816,-13.95
0.015,0.04,20,327.075,341.77,-14.695
0.015,0.045,20,326.336,341.726,-15.39
0.015,0.05,20,325.649,341.684,-16.035
0.015,0.055,20,325.012,341.644,-16.632
0.015,0.06,20,324.424,341.606,-17.182
0.015,0.065,20,323.883,341.571,-17.688
0.015,0.07,20,323.388,341.537,-18.149
0.015,0.075,20,322.939,341.505,-18.566
0.015,0.08,20,322.534,341.475,-18.941
0.015,0.085,20,322.173,341.448,-19.275
0.015,0.09,20,321.855,341.422,-19.567
0.015,0.095,20,321.579,341.399,-19.82
0.015,0.1,20,321.344,341.377,-20.033
0.01,-5.78E-35,20,334.812,342.182,-7.37
0.01,0.005,20,333.597,342.121,-8.524
0.01,0.01,20,332.451,342.063,-9.612
0.01,0.015,20,331.371,342.006,-10.635
0.01,0.02,20,330.355,341.952,-11.597
0.01,0.025,20,329.4,341.9,-12.5
0.01,0.03,20,328.503,341.849,-13.346
0.01,0.035,20,327.663,341.801,-14.138
0.01,0.04,20,326.877,341.755,-14.878
0.01,0.045,20,326.143,341.711,-15.568
0.01,0.05,20,325.461,341.669,-16.208
0.01,0.055,20,324.829,341.629,-16.8
0.01,0.06,20,324.244,341.591,-17.347
0.01,0.065,20,323.707,341.555,-17.848
0.01,0.07,20,323.216,341.521,-18.305
0.01,0.075,20,322.77,341.49,-18.72
0.01,0.08,20,322.368,341.46,-19.092
0.01,0.085,20,322.01,341.432,-19.422
0.01,0.09,20,321.694,341.407,-19.713
0.01,0.095,20,321.42,341.383,-19.963
0.01,0.1,20,321.187,341.362,-20.175
0.005,-2.89E-35,20,334.541,342.165,-7.624
0.005,0.005,20,333.328,342.104,-8.776
0.005,0.01,20,332.187,342.045,-9.858
0.005,0.015,20,331.113,341.989,-10.876
0.005,0.02,20,330.104,341.934,-11.83
0.005,0.025,20,329.156,341.882,-12.726
0.005,0.03,20,328.266,341.832,-13.566
0.005,0.035,20,327.432,341.783,-14.351
0.005,0.04,20,326.652,341.737,-15.085
0.005,0.045,20,325.925,341.693,-15.768
0.005,0.05,20,325.248,341.651,-16.403
0.005,0.055,20,324.621,341.611,-16.99
0.005,0.06,20,324.041,341.574,-17.533
0.005,0.065,20,323.509,341.538,-18.029
0.005,0.07,20,323.022,341.504,-18.482
0.005,0.075,20,322.579,341.472,-18.893
0.005,0.08,20,322.181,341.443,-19.262
0.005,0.085,20,321.825,341.415,-19.59
0.005,0.09,20,321.512,341.389,-19.877
0.005,0.095,20,321.24,341.366,-20.126
0.005,0.1,20,321.01,341.345,-20.335
-5.51E-19,0.005,20,333.018,342.084,-9.066
0,0,20,333.999,342.135,-8.136
-1.10E-18,0.01,20,331.886,342.026,-10.14
-1.65E-18,0.015,20,330.822,341.969,-11.147
-2.20E-18,0.02,20,329.822,341.915,-12.093
-2.76E-18,0.025,20,328.882,341.862,-12.98
-3.31E-18,0.03,20,328,341.812,-13.812
-3.86E-18,0.035,20,327.174,341.764,-14.59
-4.41E-18,0.04,20,326.401,341.718,-15.317
-4.96E-18,0.045,20,325.681,341.674,-15.993
-5.51E-18,0.05,20,325.01,341.632,-16.622
-6.06E-18,0.055,20,324.389,341.592,-17.203
-6.61E-18,0.06,20,323.815,341.554,-17.739
-7.16E-18,0.065,20,323.287,341.518,-18.231
-7.72E-18,0.07,20,322.805,341.484,-18.679
-8.27E-18,0.075,20,322.367,341.453,-19.086
-8.82E-18,0.08,20,321.972,341.423,-19.451
-9.37E-18,0.085,20,321.62,341.396,-19.776
-9.92E-18,0.09,20,321.309,341.37,-20.061
-1.05E-17,0.095,20,321.04,341.347,-20.307
-1.39E-17,0.1,20,320.916,341.335,-20.419
0.095,0.005,30,333.621,342.104,-8.483
0.095,-5.49E-34,30,334.835,342.165,-7.33
0.1,-5.78E-34,30,334.291,342.135,-7.844
0.1,0.005,30,333.309,342.084,-8.775
0.1,0.01,30,332.175,342.026,-9.851
0.095,0.01,30,332.478,342.045,-9.567
0.1,0.015,30,331.106,341.969,-10.863
0.095,0.015,30,331.4,341.989,-10.589
0.1,0.02,30,330.101,341.915,-11.814
0.095,0.02,30,330.386,341.934,-11.548
0.1,0.025,30,329.155,341.862,-12.707
0.095,0.025,30,329.432,341.882,-12.45
0.1,0.03,30,328.267,341.812,-13.545
0.095,0.03,30,328.536,341.832,-13.296
0.1,0.035,30,327.435,341.764,-14.329
0.095,0.035,30,327.696,341.783,-14.087
0.1,0.04,30,326.656,341.718,-15.062
0.095,0.04,30,326.91,341.737,-14.827
0.1,0.045,30,325.93,341.674,-15.744
0.095,0.045,30,326.176,341.693,-15.517
0.1,0.05,30,325.254,341.632,-16.378
0.095,0.05,30,325.494,341.651,-16.157
0.095,0.055,30,324.861,341.611,-16.75
0.1,0.055,30,324.627,341.592,-16.965
0.1,0.06,30,324.047,341.554,-17.507
0.095,0.06,30,324.276,341.574,-17.298
0.1,0.065,30,323.515,341.518,-18.003
0.095,0.065,30,323.738,341.538,-17.8
0.1,0.07,30,323.028,341.484,-18.456
0.095,0.07,30,323.247,341.504,-18.257
0.1,0.075,30,322.585,341.453,-18.868
0.095,0.075,30,322.8,341.472,-18.672
0.1,0.08,30,322.187,341.423,-19.236
0.095,0.08,30,322.398,341.443,-19.045
0.1,0.085,30,321.831,341.396,-19.565
0.095,0.085,30,322.039,341.415,-19.376
0.1,0.09,30,321.518,341.37,-19.852
0.095,0.09,30,321.723,341.389,-19.666
0.1,0.095,30,321.246,341.347,-20.101
0.095,0.095,30,321.448,341.366,-19.918
0.1,0.1,30,321.121,341.335,-20.214
0.095,0.1,30,321.215,341.345,-20.13
0.09,0.005,30,333.893,342.121,-8.228
0.09,-5.20E-34,30,335.109,342.182,-7.073
0.09,0.01,30,332.744,342.063,-9.319
0.09,0.015,30,331.66,342.006,-10.346
0.09,0.02,30,330.639,341.952,-11.313
0.09,0.025,30,329.678,341.9,-12.222
0.09,0.03,30,328.775,341.849,-13.074
0.09,0.035,30,327.928,341.801,-13.873
0.09,0.04,30,327.136,341.755,-14.619
0.09,0.045,30,326.397,341.711,-15.314
0.09,0.05,30,325.709,341.669,-15.96
0.09,0.055,30,325.071,341.629,-16.558
0.09,0.06,30,324.481,341.591,-17.11
0.09,0.065,30,323.939,341.555,-17.616
0.09,0.07,30,323.443,341.521,-18.078
0.09,0.075,30,322.993,341.49,-18.497
0.09,0.08,30,322.587,341.46,-18.873
0.09,0.085,30,322.225,341.432,-19.207
0.09,0.09,30,321.906,341.407,-19.501
0.09,0.095,30,321.63,341.383,-19.753
0.09,0.1,30,321.395,341.362,-19.967
0.085,0.005,30,334.128,342.137,-8.009
0.085,-4.91E-34,30,335.345,342.198,-6.853
0.085,0.01,30,332.976,342.078,-9.102
0.085,0.015,30,331.888,342.022,-10.134
0.085,0.02,30,330.861,341.967,-11.106
0.085,0.025,30,329.894,341.915,-12.021
0.085,0.03,30,328.986,341.865,-12.879
0.085,0.035,30,328.134,341.816,-13.682
0.085,0.04,30,327.336,341.77,-14.434
0.085,0.045,30,326.592,341.726,-15.134
0.085,0.05,30,325.899,341.684,-15.785
0.085,0.055,30,325.256,341.644,-16.388
0.085,0.06,30,324.662,341.606,-16.944
0.085,0.065,30,324.116,341.571,-17.455
0.085,0.07,30,323.617,341.537,-17.92
0.085,0.075,30,323.163,341.505,-18.342
0.085,0.08,30,322.755,341.475,-18.72
0.085,0.085,30,322.39,341.448,-19.058
0.085,0.09,30,322.069,341.422,-19.353
0.085,0.095,30,321.79,341.399,-19.609
0.085,0.1,30,321.553,341.377,-19.824
0.08,0.005,30,334.328,342.151,-7.823
0.08,-4.62E-34,30,335.546,342.211,-6.665
0.08,0.01,30,333.174,342.092,-8.918
0.08,0.015,30,332.082,342.035,-9.953
0.08,0.02,30,331.052,341.981,-10.929
0.08,0.025,30,330.081,341.928,-11.847
0.08,0.03,30,329.168,341.878,-12.71
0.08,0.035,30,328.311,341.83,-13.519
0.08,0.04,30,327.509,341.784,-14.275
0.08,0.045,30,326.76,341.74,-14.98
0.08,0.05,30,326.064,341.698,-15.634
0.08,0.055,30,325.417,341.658,-16.241
0.08,0.06,30,324.82,341.62,-16.8
0.08,0.065,30,324.27,341.584,-17.314
0.08,0.07,30,323.768,341.55,-17.782
0.08,0.075,30,323.311,341.518,-18.207
0.08,0.08,30,322.9,341.489,-18.589
0.08,0.085,30,322.533,341.461,-18.928
0.08,0.09,30,322.21,341.435,-19.225
0.08,0.095,30,321.929,341.412,-19.483
0.08,0.1,30,321.691,341.39,-19.699
0.075,0.005,30,334.496,342.162,-7.666
0.075,-4.33E-34,30,335.714,342.223,-6.509
0.075,0.01,30,333.34,342.103,-8.763
0.075,0.015,30,332.246,342.047,-9.801
0.075,0.02,30,331.212,341.992,-10.78
0.075,0.025,30,330.238,341.94,-11.702
0.075,0.03,30,329.321,341.89,-12.569
0.075,0.035,30,328.461,341.841,-13.38
0.075,0.04,30,327.656,341.795,-14.139
0.075,0.045,30,326.903,341.751,-14.848
0.075,0.05,30,326.203,341.709,-15.506
0.075,0.055,30,325.553,341.669,-16.116
0.075,0.06,30,324.953,341.631,-16.678
0.075,0.065,30,324.401,341.595,-17.194
0.075,0.07,30,323.896,341.561,-17.665
0.075,0.075,30,323.437,341.53,-18.093
0.075,0.08,30,323.023,341.5,-18.477
0.075,0.085,30,322.654,341.472,-18.818
0.075,0.09,30,322.329,341.447,-19.118
0.075,0.095,30,322.047,341.423,-19.376
0.075,0.1,30,321.808,341.402,-19.594
0.07,0.005,30,334.631,342.171,-7.54
0.07,-4.04E-34,30,335.85,342.232,-6.382
0.07,0.01,30,333.474,342.113,-8.639
0.07,0.015,30,332.378,342.056,-9.678
0.07,0.02,30,331.343,342.002,-10.659
0.07,0.025,30,330.366,341.949,-11.583
0.07,0.03,30,329.447,341.899,-12.452
0.07,0.035,30,328.583,341.851,-13.268
0.07,0.04,30,327.775,341.804,-14.029
0.07,0.045,30,327.02,341.76,-14.74
0.07,0.05,30,326.317,341.718,-15.401
0.07,0.055,30,325.665,341.678,-16.013
0.07,0.06,30,325.062,341.64,-16.578
0.07,0.065,30,324.507,341.604,-17.097
0.07,0.07,30,324,341.571,-17.571
0.07,0.075,30,323.54,341.539,-17.999
0.07,0.08,30,323.124,341.509,-18.385
0.07,0.085,30,322.754,341.482,-18.728
0.07,0.09,30,322.427,341.456,-19.029
0.07,0.095,30,322.144,341.432,-19.288
0.07,0.1,30,321.904,341.411,-19.507
0.065,0.005,30,334.736,342.178,-7.442
0.065,-3.76E-34,30,335.955,342.239,-6.284
0.065,0.01,30,333.578,342.12,-8.542
0.065,0.015,30,332.481,342.063,-9.582
0.065,0.02,30,331.444,342.009,-10.565
0.065,0.025,30,330.465,341.956,-11.491
0.065,0.03,30,329.544,341.906,-12.362
0.065,0.035,30,328.678,341.858,-13.18
0.065,0.04,30,327.868,341.812,-13.944
0.065,0.045,30,327.111,341.767,-14.656
0.065,0.05,30,326.406,341.725,-15.319
0.065,0.055,30,325.751,341.685,-15.934
0.065,0.06,30,325.147,341.647,-16.5
0.065,0.065,30,324.59,341.612,-17.022
0.065,0.07,30,324.082,341.578,-17.496
0.065,0.075,30,323.619,341.546,-17.927
0.065,0.08,30,323.203,341.516,-18.313
0.065,0.085,30,322.831,341.489,-18.658
0.065,0.09,30,322.504,341.463,-18.959
0.065,0.095,30,322.219,341.44,-19.221
0.065,0.1,30,321.978,341.418,-19.44
0.06,-3.47E-34,30,336.03,342.244,-6.214
0.06,0.005,30,334.81,342.184,-7.374
0.06,0.01,30,333.652,342.125,-8.473
0.06,0.015,30,332.554,342.068,-9.514
0.06,0.02,30,331.516,342.014,-10.498
0.06,0.025,30,330.536,341.962,-11.426
0.06,0.03,30,329.613,341.911,-12.298
0.06,0.035,30,328.746,341.863,-13.117
0.06,0.04,30,327.934,341.817,-13.883
0.06,0.045,30,327.176,341.773,-14.597
0.06,0.05,30,326.469,341.731,-15.262
0.06,0.055,30,325.813,341.691,-15.878
0.06,0.06,30,325.207,341.653,-16.446
0.06,0.065,30,324.65,341.617,-16.967
0.06,0.07,30,324.14,341.583,-17.443
0.06,0.075,30,323.677,341.551,-17.874
0.06,0.08,30,323.259,341.521,-18.262
0.06,0.085,30,322.886,341.494,-18.608
0.06,0.09,30,322.558,341.468,-18.91
0.06,0.095,30,322.273,341.445,-19.172
0.06,0.1,30,322.032,341.423,-19.391
0.055,-3.18E-34,30,336.074,342.247,-6.173
0.055,0.005,30,334.855,342.187,-7.332
0.055,0.01,30,333.696,342.128,-8.432
0.055,0.015,30,332.598,342.072,-9.474
0.055,0.02,30,331.559,342.017,-10.458
0.055,0.025,30,330.578,341.965,-11.387
0.055,0.03,30,329.654,341.914,-12.26
0.055,0.035,30,328.787,341.866,-13.079
0.055,0.04,30,327.974,341.82,-13.846
0.055,0.045,30,327.214,341.776,-14.562
0.055,0.05,30,326.507,341.734,-15.227
0.055,0.055,30,325.851,341.694,-15.843
0.055,0.06,30,325.244,341.656,-16.412
0.055,0.065,30,324.685,341.62,-16.935
0.055,0.07,30,324.175,341.586,-17.411
0.055,0.075,30,323.711,341.554,-17.843
0.055,0.08,30,323.293,341.525,-18.232
0.055,0.085,30,322.92,341.497,-18.577
0.055,0.09,30,322.591,341.471,-18.88
0.055,0.095,30,322.306,341.448,-19.142
0.055,0.1,30,322.064,341.426,-19.362
0.05,-2.89E-34,30,336.089,342.249,-6.16
0.05,0.005,30,334.87,342.188,-7.318
0.05,0.01,30,333.711,342.129,-8.418
0.05,0.015,30,332.612,342.073,-9.461
0.05,0.02,30,331.573,342.018,-10.445
0.05,0.025,30,330.592,341.966,-11.374
0.05,0.03,30,329.668,341.915,-12.247
0.05,0.035,30,328.8,341.867,-13.067
0.05,0.04,30,327.987,341.821,-13.834
0.05,0.045,30,327.227,341.777,-14.55
0.05,0.05,30,326.52,341.735,-15.215
0.05,0.055,30,325.863,341.695,-15.832
0.05,0.06,30,325.256,341.657,-16.401
0.05,0.065,30,324.697,341.621,-16.924
0.05,0.07,30,324.187,341.587,-17.4
0.05,0.075,30,323.722,341.555,-17.833
0.05,0.08,30,323.304,341.526,-18.222
0.05,0.085,30,322.931,341.498,-18.567
0.05,0.09,30,322.602,341.472,-18.87
0.05,0.095,30,322.316,341.449,-19.133
0.05,0.1,30,322.074,341.427,-19.353
0.045,-2.60E-34,30,336.074,342.247,-6.173
0.045,0.005,30,334.855,342.187,-7.332
0.045,0.01,30,333.696,342.128,-8.432
0.045,0.015,30,332.598,342.072,-9.474
0.045,0.02,30,331.559,342.017,-10.458
0.045,0.025,30,330.578,341.965,-11.387
0.045,0.03,30,329.654,341.914,-12.26
0.045,0.035,30,328.787,341.866,-13.079
0.045,0.04,30,327.974,341.82,-13.846
0.045,0.045,30,327.214,341.776,-14.562
0.045,0.05,30,326.507,341.734,-15.227
0.045,0.055,30,325.851,341.694,-15.843
0.045,0.06,30,325.244,341.656,-16.412
0.045,0.065,30,324.685,341.62,-16.935
0.045,0.07,30,324.175,341.586,-17.411
0.045,0.075,30,323.711,341.554,-17.843
0.045,0.08,30,323.293,341.525,-18.232
0.045,0.085,30,322.92,341.497,-18.577
0.045,0.09,30,322.591,341.471,-18.88
0.045,0.095,30,322.306,341.448,-19.142
0.045,0.1,30,322.064,341.426,-19.362
0.04,-2.31E-34,30,336.03,342.244,-6.214
0.04,0.005,30,334.81,342.184,-7.374
0.04,0.01,30,333.652,342.125,-8.473
0.04,0.015,30,332.554,342.068,-9.514
0.04,0.02,30,331.516,342.014,-10.498
0.04,0.025,30,330.536,341.962,-11.426
0.04,0.03,30,329.613,341.911,-12.298
0.04,0.035,30,328.746,341.863,-13.117
0.04,0.04,30,327.934,341.817,-13.883
0.04,0.045,30,327.176,341.773,-14.597
0.04,0.05,30,326.469,341.731,-15.262
0.04,0.055,30,325.813,341.691,-15.878
0.04,0.06,30,325.207,341.653,-16.446
0.04,0.065,30,324.65,341.617,-16.967
0.04,0.07,30,324.14,341.583,-17.443
0.04,0.075,30,323.677,341.551,-17.874
0.04,0.08,30,323.259,341.521,-18.262
0.04,0.085,30,322.886,341.494,-18.608
0.04,0.09,30,322.558,341.468,-18.91
0.04,0.095,30,322.273,341.445,-19.172
0.04,0.1,30,322.032,341.423,-19.391
0.035,-2.02E-34,30,335.955,342.239,-6.284
0.035,0.005,30,334.736,342.178,-7.442
0.035,0.01,30,333.578,342.12,-8.542
0.035,0.015,30,332.481,342.063,-9.582
0.035,0.02,30,331.444,342.009,-10.565
0.035,0.025,30,330.465,341.956,-11.491
0.035,0.03,30,329.544,341.906,-12.362
0.035,0.035,30,328.678,341.858,-13.18
0.035,0.04,30,327.868,341.812,-13.944
0.035,0.045,30,327.111,341.767,-14.656
0.035,0.05,30,326.406,341.725,-15.319
0.035,0.055,30,325.751,341.685,-15.934
0.035,0.06,30,325.147,341.647,-16.5
0.035,0.065,30,324.59,341.612,-17.022
0.035,0.07,30,324.082,341.578,-17.496
0.035,0.075,30,323.62,341.546,-17.926
0.035,0.08,30,323.203,341.516,-18.313
0.035,0.085,30,322.831,341.489,-18.658
0.035,0.09,30,322.504,341.463,-18.959
0.035,0.095,30,322.219,341.44,-19.221
0.035,0.1,30,321.978,341.418,-19.44
0.03,-1.73E-34,30,335.85,342.232,-6.382
0.03,0.005,30,334.631,342.171,-7.54
0.03,0.01,30,333.474,342.113,-8.639
0.03,0.015,30,332.378,342.056,-9.678
0.03,0.02,30,331.343,342.002,-10.659
0.03,0.025,30,330.366,341.949,-11.583
0.03,0.03,30,329.447,341.899,-12.452
0.03,0.035,30,328.583,341.851,-13.268
0.03,0.04,30,327.775,341.804,-14.029
0.03,0.045,30,327.02,341.76,-14.74
0.03,0.05,30,326.317,341.718,-15.401
0.03,0.055,30,325.665,341.678,-16.013
0.03,0.06,30,325.062,341.64,-16.578
0.03,0.065,30,324.507,341.604,-17.097
0.03,0.07,30,324,341.571,-17.571
0.03,0.075,30,323.54,341.539,-17.999
0.03,0.08,30,323.124,341.509,-18.385
0.03,0.085,30,322.754,341.482,-18.728
0.03,0.09,30,322.427,341.456,-19.029
0.03,0.095,30,322.144,341.432,-19.288
0.03,0.1,30,321.904,341.411,-19.507
0.025,-1.44E-34,30,335.714,342.223,-6.509
0.025,0.005,30,334.496,342.162,-7.666
0.025,0.01,30,333.34,342.103,-8.763
0.025,0.015,30,332.246,342.047,-9.801
0.025,0.02,30,331.212,341.992,-10.78
0.025,0.025,30,330.238,341.94,-11.702
0.025,0.03,30,329.321,341.89,-12.569
0.025,0.035,30,328.461,341.841,-13.38
0.025,0.04,30,327.656,341.795,-14.139
0.025,0.045,30,326.903,341.751,-14.848
0.025,0.05,30,326.203,341.709,-15.506
0.025,0.055,30,325.553,341.669,-16.116
0.025,0.06,30,324.953,341.631,-16.678
0.025,0.065,30,324.401,341.595,-17.194
0.025,0.07,30,323.896,341.561,-17.665
0.025,0.075,30,323.437,341.53,-18.093
0.025,0.08,30,323.023,341.5,-18.477
0.025,0.085,30,322.654,341.472,-18.818
0.025,0.09,30,322.329,341.447,-19.118
0.025,0.095,30,322.047,341.423,-19.376
0.025,0.1,30,321.808,341.402,-19.594
0.02,-1.16E-34,30,335.546,342.211,-6.665
0.02,0.005,30,334.328,342.151,-7.823
0.02,0.01,30,333.174,342.092,-8.918
0.02,0.015,30,332.082,342.035,-9.953
0.02,0.02,30,331.052,341.981,-10.929
0.02,0.025,30,330.081,341.928,-11.847
0.02,0.03,30,329.168,341.878,-12.71
0.02,0.035,30,328.311,341.83,-13.519
0.02,0.04,30,327.509,341.784,-14.275
0.02,0.045,30,326.76,341.74,-14.98
0.02,0.05,30,326.064,341.698,-15.634
0.02,0.055,30,325.417,341.658,-16.241
0.02,0.06,30,324.82,341.62,-16.8
0.02,0.065,30,324.27,341.584,-17.314
0.02,0.07,30,323.768,341.55,-17.782
0.02,0.075,30,323.311,341.518,-18.207
0.02,0.08,30,322.9,341.489,-18.589
0.02,0.085,30,322.533,341.461,-18.928
0.02,0.09,30,322.21,341.435,-19.225
0.02,0.095,30,321.929,341.412,-19.483
0.02,0.1,30,321.691,341.39,-19.699
0.015,-8.67E-35,30,335.345,342.198,-6.853
0.015,0.005,30,334.128,342.137,-8.009
0.015,0.01,30,332.976,342.078,-9.102
0.015,0.015,30,331.888,342.022,-10.134
0.015,0.02,30,330.861,341.967,-11.106
0.015,0.025,30,329.894,341.915,-12.021
0.015,0.03,30,328.986,341.865,-12.879
0.015,0.035,30,328.134,341.816,-13.682
0.015,0.04,30,327.336,341.77,-14.434
0.015,0.045,30,326.592,341.726,-15.134
0.015,0.05,30,325.899,341.684,-15.785
0.015,0.055,30,325.256,341.644,-16.388
0.015,0.06,30,324.662,341.606,-16.944
0.015,0.065,30,324.116,341.571,-17.455
0.015,0.07,30,323.617,341.537,-17.92
0.015,0.075,30,323.163,341.505,-18.342
0.015,0.08,30,322.755,341.475,-18.72
0.015,0.085,30,322.39,341.448,-19.058
0.015,0.09,30,322.069,341.422,-19.353
0.015,0.095,30,321.79,341.399,-19.609
0.015,0.1,30,321.553,341.377,-19.824
0.01,-5.78E-35,30,335.109,342.182,-7.073
0.01,0.005,30,333.893,342.121,-8.228
0.01,0.01,30,332.744,342.063,-9.319
0.01,0.015,30,331.66,342.006,-10.346
0.01,0.02,30,330.639,341.952,-11.313
0.01,0.025,30,329.678,341.9,-12.222
0.01,0.03,30,328.775,341.849,-13.074
0.01,0.035,30,327.928,341.801,-13.873
0.01,0.04,30,327.136,341.755,-14.619
0.01,0.045,30,326.397,341.711,-15.314
0.01,0.05,30,325.709,341.669,-15.96
0.01,0.055,30,325.071,341.629,-16.558
0.01,0.06,30,324.481,341.591,-17.11
0.01,0.065,30,323.939,341.555,-17.616
0.01,0.07,30,323.443,341.521,-18.078
0.01,0.075,30,322.993,341.49,-18.497
0.01,0.08,30,322.587,341.46,-18.873
0.01,0.085,30,322.225,341.432,-19.207
0.01,0.09,30,321.906,341.407,-19.501
0.01,0.095,30,321.63,341.383,-19.753
0.01,0.1,30,321.395,341.362,-19.967
0.005,-2.89E-35,30,334.835,342.165,-7.33
0.005,0.005,30,333.621,342.104,-8.483
0.005,0.01,30,332.478,342.045,-9.567
0.005,0.015,30,331.4,341.989,-10.589
0.005,0.02,30,330.386,341.934,-11.548
0.005,0.025,30,329.432,341.882,-12.45
0.005,0.03,30,328.536,341.832,-13.296
0.005,0.035,30,327.696,341.783,-14.087
0.005,0.04,30,326.91,341.737,-14.827
0.005,0.045,30,326.176,341.693,-15.517
0.005,0.05,30,325.494,341.651,-16.157
0.005,0.055,30,324.861,341.611,-16.75
0.005,0.06,30,324.276,341.574,-17.298
0.005,0.065,30,323.738,341.538,-17.8
0.005,0.07,30,323.247,341.504,-18.257
0.005,0.075,30,322.8,341.472,-18.672
0.005,0.08,30,322.398,341.443,-19.045
0.005,0.085,30,322.039,341.415,-19.376
0.005,0.09,30,321.723,341.389,-19.666
0.005,0.095,30,321.448,341.366,-19.918
0.005,0.1,30,321.215,341.345,-20.13
-5.51E-19,0.005,30,333.309,342.084,-8.775
0,0,30,334.291,342.135,-7.844
-1.10E-18,0.01,30,332.175,342.026,-9.851
-1.65E-18,0.015,30,331.106,341.969,-10.863
-2.20E-18,0.02,30,330.101,341.915,-11.814
-2.76E-18,0.025,30,329.155,341.862,-12.707
-3.31E-18,0.03,30,328.267,341.812,-13.545
-3.86E-18,0.035,30,327.435,341.764,-14.329
-4.41E-18,0.04,30,326.656,341.718,-15.062
-4.96E-18,0.045,30,325.93,341.674,-15.744
-5.51E-18,0.05,30,325.254,341.632,-16.378
-6.06E-18,0.055,30,324.627,341.592,-16.965
-6.61E-18,0.06,30,324.047,341.554,-17.507
-7.16E-18,0.065,30,323.515,341.518,-18.003
-7.72E-18,0.07,30,323.028,341.484,-18.456
-8.27E-18,0.075,30,322.585,341.453,-18.868
-8.82E-18,0.08,30,322.187,341.423,-19.236
-9.37E-18,0.085,30,321.831,341.396,-19.565
-9.92E-18,0.09,30,321.518,341.37,-19.852
-1.05E-17,0.095,30,321.246,341.347,-20.101
-1.39E-17,0.1,30,321.121,341.335,-20.214
0.095,0.005,40,333.795,342.104,-8.309
0.095,-5.49E-34,40,335.009,342.165,-7.156
0.1,-5.78E-34,40,334.464,342.135,-7.671
0.1,0.005,40,333.481,342.084,-8.603
0.1,0.01,40,332.345,342.026,-9.681
0.095,0.01,40,332.65,342.045,-9.395
0.1,0.015,40,331.275,341.969,-10.694
0.095,0.015,40,331.57,341.989,-10.419
0.1,0.02,40,330.267,341.915,-11.648
0.095,0.02,40,330.553,341.934,-11.381
0.1,0.025,40,329.318,341.862,-12.544
0.095,0.025,40,329.596,341.882,-12.286
0.1,0.03,40,328.427,341.812,-13.385
0.095,0.03,40,328.697,341.832,-13.135
0.1,0.035,40,327.591,341.764,-14.173
0.095,0.035,40,327.853,341.783,-13.93
0.1,0.04,40,326.809,341.718,-14.909
0.095,0.04,40,327.064,341.737,-14.673
0.1,0.045,40,326.079,341.674,-15.595
0.095,0.045,40,326.327,341.693,-15.366
0.1,0.05,40,325.4,341.632,-16.232
0.095,0.05,40,325.641,341.651,-16.01
0.095,0.055,40,325.005,341.611,-16.606
0.1,0.055,40,324.769,341.592,-16.823
0.1,0.06,40,324.187,341.554,-17.367
0.095,0.06,40,324.417,341.574,-17.157
0.1,0.065,40,323.652,341.518,-17.866
0.095,0.065,40,323.876,341.538,-17.662
0.1,0.07,40,323.162,341.484,-18.322
0.095,0.07,40,323.382,341.504,-18.122
0.1,0.075,40,322.717,341.453,-18.736
0.095,0.075,40,322.933,341.472,-18.539
0.1,0.08,40,322.316,341.423,-19.107
0.095,0.08,40,322.528,341.443,-18.915
0.1,0.085,40,321.959,341.396,-19.437
0.095,0.085,40,322.167,341.415,-19.248
0.1,0.09,40,321.643,341.37,-19.727
0.095,0.09,40,321.849,341.389,-19.54
0.1,0.095,40,321.37,341.347,-19.977
0.095,0.095,40,321.573,341.366,-19.793
0.1,0.1,40,321.244,341.335,-20.091
0.095,0.1,40,321.339,341.345,-20.006
0.09,0.005,40,334.068,342.121,-8.053
0.09,-5.20E-34,40,335.284,342.182,-6.898
0.09,0.01,40,332.918,342.063,-9.145
0.09,0.015,40,331.832,342.006,-10.174
0.09,0.02,40,330.808,341.952,-11.144
0.09,0.025,40,329.844,341.9,-12.056
0.09,0.03,40,328.938,341.849,-12.911
0.09,0.035,40,328.088,341.801,-13.713
0.09,0.04,40,327.292,341.755,-14.463
0.09,0.045,40,326.549,341.711,-15.162
0.09,0.05,40,325.857,341.669,-15.812
0.09,0.055,40,325.216,341.629,-16.413
0.09,0.06,40,324.623,341.591,-16.968
0.09,0.065,40,324.078,341.555,-17.477
0.09,0.07,40,323.58,341.521,-17.941
0.09,0.075,40,323.127,341.49,-18.363
0.09,0.08,40,322.719,341.46,-18.741
0.09,0.085,40,322.355,341.432,-19.077
0.09,0.09,40,322.034,341.407,-19.373
0.09,0.095,40,321.756,341.383,-19.627
0.09,0.1,40,321.52,341.362,-19.842
0.085,0.005,40,334.304,342.137,-7.833
0.085,-4.91E-34,40,335.522,342.198,-6.676
0.085,0.01,40,333.151,342.078,-8.927
0.085,0.015,40,332.06,342.022,-9.962
0.085,0.02,40,331.031,341.967,-10.936
0.085,0.025,40,330.061,341.915,-11.854
0.085,0.03,40,329.15,341.865,-12.715
0.085,0.035,40,328.294,341.816,-13.522
0.085,0.04,40,327.493,341.77,-14.277
0.085,0.045,40,326.745,341.726,-14.981
0.085,0.05,40,326.048,341.684,-15.636
0.085,0.055,40,325.402,341.644,-16.242
0.085,0.06,40,324.805,341.606,-16.801
0.085,0.065,40,324.257,341.571,-17.314
0.085,0.07,40,323.754,341.537,-17.783
0.085,0.075,40,323.298,341.505,-18.207
0.085,0.08,40,322.887,341.475,-18.588
0.085,0.085,40,322.521,341.448,-18.927
0.085,0.09,40,322.197,341.422,-19.225
0.085,0.095,40,321.917,341.399,-19.482
0.085,0.1,40,321.679,341.377,-19.698
0.08,0.005,40,334.506,342.151,-7.645
0.08,-4.62E-34,40,335.724,342.211,-6.487
0.08,0.01,40,333.35,342.092,-8.742
0.08,0.015,40,332.256,342.035,-9.779
0.08,0.02,40,331.223,341.981,-10.758
0.08,0.025,40,330.249,341.928,-11.679
0.08,0.03,40,329.333,341.878,-12.545
0.08,0.035,40,328.472,341.83,-13.358
0.08,0.04,40,327.667,341.784,-14.117
0.08,0.045,40,326.915,341.74,-14.825
0.08,0.05,40,326.214,341.698,-15.484
0.08,0.055,40,325.564,341.658,-16.094
0.08,0.06,40,324.964,341.62,-16.656
0.08,0.065,40,324.411,341.584,-17.173
0.08,0.07,40,323.906,341.55,-17.644
0.08,0.075,40,323.447,341.518,-18.071
0.08,0.08,40,323.034,341.489,-18.455
0.08,0.085,40,322.664,341.461,-18.797
0.08,0.09,40,322.339,341.435,-19.096
0.08,0.095,40,322.057,341.412,-19.355
0.08,0.1,40,321.818,341.39,-19.572
0.075,0.005,40,334.674,342.162,-7.488
0.075,-4.33E-34,40,335.893,342.223,-6.33
0.075,0.01,40,333.517,342.103,-8.586
0.075,0.015,40,332.42,342.047,-9.627
0.075,0.02,40,331.384,341.992,-10.608
0.075,0.025,40,330.407,341.94,-11.533
0.075,0.03,40,329.487,341.89,-12.403
0.075,0.035,40,328.623,341.841,-13.218
0.075,0.04,40,327.814,341.795,-13.981
0.075,0.045,40,327.058,341.751,-14.693
0.075,0.05,40,326.354,341.709,-15.355
0.075,0.055,40,325.701,341.669,-15.968
0.075,0.06,40,325.098,341.631,-16.533
0.075,0.065,40,324.542,341.595,-17.053
0.075,0.07,40,324.035,341.561,-17.526
0.075,0.075,40,323.573,341.53,-17.957
0.075,0.08,40,323.158,341.5,-18.342
0.075,0.085,40,322.786,341.472,-18.686
0.075,0.09,40,322.46,341.447,-18.987
0.075,0.095,40,322.176,341.423,-19.247
0.075,0.1,40,321.935,341.402,-19.467
0.07,-4.04E-34,40,336.03,342.232,-6.202
0.07,0.005,40,334.81,342.171,-7.361
0.07,0.01,40,333.652,342.113,-8.461
0.07,0.015,40,332.554,342.056,-9.502
0.07,0.02,40,331.516,342.002,-10.486
0.07,0.025,40,330.536,341.949,-11.413
0.07,0.03,40,329.613,341.899,-12.286
0.07,0.035,40,328.746,341.851,-13.105
0.07,0.04,40,327.934,341.804,-13.87
0.07,0.045,40,327.176,341.76,-14.584
0.07,0.05,40,326.469,341.718,-15.249
0.07,0.055,40,325.813,341.678,-15.865
0.07,0.06,40,325.207,341.64,-16.433
0.07,0.065,40,324.65,341.604,-16.954
0.07,0.07,40,324.14,341.571,-17.431
0.07,0.075,40,323.677,341.539,-17.862
0.07,0.08,40,323.259,341.509,-18.25
0.07,0.085,40,322.886,341.482,-18.596
0.07,0.09,40,322.558,341.456,-18.898
0.07,0.095,40,322.273,341.432,-19.159
0.07,0.1,40,322.032,341.411,-19.379
0.065,-3.76E-34,40,336.135,342.239,-6.104
0.065,0.005,40,334.916,342.178,-7.262
0.065,0.01,40,333.756,342.12,-8.364
0.065,0.015,40,332.657,342.063,-9.406
0.065,0.02,40,331.617,342.009,-10.392
0.065,0.025,40,330.635,341.956,-11.321
0.065,0.03,40,329.711,341.906,-12.195
0.065,0.035,40,328.842,341.858,-13.016
0.065,0.04,40,328.028,341.812,-13.784
0.065,0.045,40,327.267,341.767,-14.5
0.065,0.05,40,326.558,341.725,-15.167
0.065,0.055,40,325.901,341.685,-15.784
0.065,0.06,40,325.293,341.647,-16.354
0.065,0.065,40,324.733,341.612,-16.879
0.065,0.07,40,324.222,341.578,-17.356
0.065,0.075,40,323.757,341.546,-17.789
0.065,0.08,40,323.338,341.516,-18.178
0.065,0.085,40,322.964,341.489,-18.525
0.065,0.09,40,322.635,341.463,-18.828
0.065,0.095,40,322.349,341.44,-19.091
0.065,0.1,40,322.107,341.418,-19.311
0.06,-3.47E-34,40,336.21,342.244,-6.034
0.06,0.005,40,334.99,342.184,-7.194
0.06,0.01,40,333.831,342.125,-8.294
0.06,0.015,40,332.73,342.068,-9.338
0.06,0.02,40,331.689,342.014,-10.325
0.06,0.025,40,330.706,341.962,-11.256
0.06,0.03,40,329.78,341.911,-12.131
0.06,0.035,40,328.91,341.863,-12.953
0.06,0.04,40,328.094,341.817,-13.723
0.06,0.045,40,327.332,341.773,-14.441
0.06,0.05,40,326.622,341.731,-15.109
0.06,0.055,40,325.963,341.691,-15.728
0.06,0.06,40,325.354,341.653,-16.299
0.06,0.065,40,324.793,341.617,-16.824
0.06,0.07,40,324.28,341.583,-17.303
0.06,0.075,40,323.815,341.551,-17.736
0.06,0.08,40,323.395,341.521,-18.126
0.06,0.085,40,323.02,341.494,-18.474
0.06,0.09,40,322.69,341.468,-18.778
0.06,0.095,40,322.403,341.445,-19.042
0.06,0.1,40,322.16,341.423,-19.263
0.055,-3.18E-34,40,336.255,342.247,-5.992
0.055,0.005,40,335.035,342.187,-7.152
0.055,0.01,40,333.875,342.128,-8.253
0.055,0.015,40,332.774,342.072,-9.298
0.055,0.02,40,331.733,342.017,-10.284
0.055,0.025,40,330.749,341.965,-11.216
0.055,0.03,40,329.822,341.914,-12.092
0.055,0.035,40,328.951,341.866,-12.915
0.055,0.04,40,328.134,341.82,-13.686
0.055,0.045,40,327.371,341.776,-14.405
0.055,0.05,40,326.66,341.734,-15.074
0.055,0.055,40,326,341.694,-15.694
0.055,0.06,40,325.39,341.656,-16.266
0.055,0.065,40,324.829,341.62,-16.791
0.055,0.07,40,324.316,341.586,-17.27
0.055,0.075,40,323.849,341.554,-17.705
0.055,0.08,40,323.429,341.525,-18.096
0.055,0.085,40,323.053,341.497,-18.444
0.055,0.09,40,322.723,341.471,-18.748
0.055,0.095,40,322.436,341.448,-19.012
0.055,0.1,40,322.192,341.426,-19.234
0.05,-2.89E-34,40,336.27,342.249,-5.979
0.05,0.005,40,335.05,342.188,-7.138
0.05,0.01,40,333.89,342.129,-8.239
0.05,0.015,40,332.789,342.073,-9.284
0.05,0.02,40,331.747,342.018,-10.271
0.05,0.025,40,330.763,341.966,-11.203
0.05,0.03,40,329.836,341.915,-12.079
0.05,0.035,40,328.964,341.867,-12.903
0.05,0.04,40,328.148,341.821,-13.673
0.05,0.045,40,327.384,341.777,-14.393
0.05,0.05,40,326.673,341.735,-15.062
0.05,0.055,40,326.013,341.695,-15.682
0.05,0.06,40,325.402,341.657,-16.255
0.05,0.065,40,324.841,341.621,-16.78
0.05,0.07,40,324.327,341.587,-17.26
0.05,0.075,40,323.861,341.555,-17.694
0.05,0.08,40,323.44,341.526,-18.086
0.05,0.085,40,323.064,341.498,-18.434
0.05,0.09,40,322.734,341.472,-18.738
0.05,0.095,40,322.447,341.449,-19.002
0.05,0.1,40,322.203,341.427,-19.224
0.045,-2.60E-34,40,336.255,342.247,-5.992
0.045,0.005,40,335.035,342.187,-7.152
0.045,0.01,40,333.875,342.128,-8.253
0.045,0.015,40,332.774,342.072,-9.298
0.045,0.02,40,331.733,342.017,-10.284
0.045,0.025,40,330.749,341.965,-11.216
0.045,0.03,40,329.822,341.914,-12.092
0.045,0.035,40,328.951,341.866,-12.915
0.045,0.04,40,328.134,341.82,-13.686
0.045,0.045,40,327.371,341.776,-14.405
0.045,0.05,40,326.66,341.734,-15.074
0.045,0.055,40,326,341.694,-15.694
0.045,0.06,40,325.39,341.656,-16.266
0.045,0.065,40,324.829,341.62,-16.791
0.045,0.07,40,324.316,341.586,-17.27
0.045,0.075,40,323.849,341.554,-17.705
0.045,0.08,40,323.429,341.525,-18.096
0.045,0.085,40,323.053,341.497,-18.444
0.045,0.09,40,322.723,341.471,-18.748
0.045,0.095,40,322.436,341.448,-19.012
0.045,0.1,40,322.192,341.426,-19.234
0.04,-2.31E-34,40,336.21,342.244,-6.034
0.04,0.005,40,334.99,342.184,-7.194
0.04,0.01,40,333.831,342.125,-8.294
0.04,0.015,40,332.73,342.068,-9.338
0.04,0.02,40,331.689,342.014,-10.325
0.04,0.025,40,330.706,341.962,-11.256
0.04,0.03,40,329.78,341.911,-12.131
0.04,0.035,40,328.91,341.863,-12.953
0.04,0.04,40,328.094,341.817,-13.723
0.04,0.045,40,327.332,341.773,-14.441
0.04,0.05,40,326.622,341.731,-15.109
0.04,0.055,40,325.963,341.691,-15.728
0.04,0.06,40,325.354,341.653,-16.299
0.04,0.065,40,324.793,341.617,-16.824
0.04,0.07,40,324.28,341.583,-17.303
0.04,0.075,40,323.815,341.551,-17.736
0.04,0.08,40,323.395,341.521,-18.126
0.04,0.085,40,323.02,341.494,-18.474
0.04,0.09,40,322.69,341.468,-18.778
0.04,0.095,40,322.403,341.445,-19.042
0.04,0.1,40,322.16,341.423,-19.263
0.035,-2.02E-34,40,336.135,342.239,-6.104
0.035,0.005,40,334.916,342.178,-7.262
0.035,0.01,40,333.756,342.12,-8.364
0.035,0.015,40,332.657,342.063,-9.406
0.035,0.02,40,331.617,342.009,-10.392
0.035,0.025,40,330.635,341.956,-11.321
0.035,0.03,40,329.711,341.906,-12.195
0.035,0.035,40,328.842,341.858,-13.016
0.035,0.04,40,328.028,341.812,-13.784
0.035,0.045,40,327.267,341.767,-14.5
0.035,0.05,40,326.558,341.725,-15.167
0.035,0.055,40,325.901,341.685,-15.784
0.035,0.06,40,325.293,341.647,-16.354
0.035,0.065,40,324.733,341.612,-16.879
0.035,0.07,40,324.222,341.578,-17.356
0.035,0.075,40,323.757,341.546,-17.789
0.035,0.08,40,323.338,341.516,-18.178
0.035,0.085,40,322.964,341.489,-18.525
0.035,0.09,40,322.635,341.463,-18.828
0.035,0.095,40,322.349,341.44,-19.091
0.035,0.1,40,322.107,341.418,-19.311
0.03,-1.73E-34,40,336.03,342.232,-6.202
0.03,0.005,40,334.81,342.171,-7.361
0.03,0.01,40,333.652,342.113,-8.461
0.03,0.015,40,332.554,342.056,-9.502
0.03,0.02,40,331.516,342.002,-10.486
0.03,0.025,40,330.536,341.949,-11.413
0.03,0.03,40,329.613,341.899,-12.286
0.03,0.035,40,328.746,341.851,-13.105
0.03,0.04,40,327.934,341.804,-13.87
0.03,0.045,40,327.176,341.76,-14.584
0.03,0.05,40,326.469,341.718,-15.249
0.03,0.055,40,325.813,341.678,-15.865
0.03,0.06,40,325.207,341.64,-16.433
0.03,0.065,40,324.65,341.604,-16.954
0.03,0.07,40,324.14,341.571,-17.431
0.03,0.075,40,323.677,341.539,-17.862
0.03,0.08,40,323.259,341.509,-18.25
0.03,0.085,40,322.886,341.482,-18.596
0.03,0.09,40,322.558,341.456,-18.898
0.03,0.095,40,322.273,341.432,-19.159
0.03,0.1,40,322.032,341.411,-19.379
0.025,-1.44E-34,40,335.893,342.223,-6.33
0.025,0.005,40,334.674,342.162,-7.488
0.025,0.01,40,333.517,342.103,-8.586
0.025,0.015,40,332.42,342.047,-9.627
0.025,0.02,40,331.384,341.992,-10.608
0.025,0.025,40,330.407,341.94,-11.533
0.025,0.03,40,329.487,341.89,-12.403
0.025,0.035,40,328.623,341.841,-13.218
0.025,0.04,40,327.814,341.795,-13.981
0.025,0.045,40,327.058,341.751,-14.693
0.025,0.05,40,326.354,341.709,-15.355
0.025,0.055,40,325.701,341.669,-15.968
0.025,0.06,40,325.098,341.631,-16.533
0.025,0.065,40,324.542,341.595,-17.053
0.025,0.07,40,324.035,341.561,-17.526
0.025,0.075,40,323.573,341.53,-17.957
0.025,0.08,40,323.158,341.5,-18.342
0.025,0.085,40,322.786,341.472,-18.686
0.025,0.09,40,322.46,341.447,-18.987
0.025,0.095,40,322.176,341.423,-19.247
0.025,0.1,40,321.935,341.402,-19.467
0.02,-1.16E-34,40,335.724,342.211,-6.487
0.02,0.005,40,334.506,342.151,-7.645
0.02,0.01,40,333.35,342.092,-8.742
0.02,0.015,40,332.256,342.035,-9.779
0.02,0.02,40,331.223,341.981,-10.758
0.02,0.025,40,330.249,341.928,-11.679
0.02,0.03,40,329.333,341.878,-12.545
0.02,0.035,40,328.472,341.83,-13.358
0.02,0.04,40,327.667,341.784,-14.117
0.02,0.045,40,326.915,341.74,-14.825
0.02,0.05,40,326.214,341.698,-15.484
0.02,0.055,40,325.564,341.658,-16.094
0.02,0.06,40,324.964,341.62,-16.656
0.02,0.065,40,324.411,341.584,-17.173
0.02,0.07,40,323.906,341.55,-17.644
0.02,0.075,40,323.447,341.518,-18.071
0.02,0.08,40,323.034,341.489,-18.455
0.02,0.085,40,322.665,341.461,-18.796
0.02,0.09,40,322.339,341.435,-19.096
0.02,0.095,40,322.057,341.412,-19.355
0.02,0.1,40,321.818,341.39,-19.572
0.015,-8.67E-35,40,335.522,342.198,-6.676
0.015,0.005,40,334.304,342.137,-7.833
0.015,0.01,40,333.151,342.078,-8.927
0.015,0.015,40,332.06,342.022,-9.962
0.015,0.02,40,331.031,341.967,-10.936
0.015,0.025,40,330.061,341.915,-11.854
0.015,0.03,40,329.15,341.865,-12.715
0.015,0.035,40,328.294,341.816,-13.522
0.015,0.04,40,327.493,341.77,-14.277
0.015,0.045,40,326.745,341.726,-14.981
0.015,0.05,40,326.048,341.684,-15.636
0.015,0.055,40,325.402,341.644,-16.242
0.015,0.06,40,324.806,341.606,-16.8
0.015,0.065,40,324.257,341.571,-17.314
0.015,0.07,40,323.754,341.537,-17.783
0.015,0.075,40,323.298,341.505,-18.207
0.015,0.08,40,322.887,341.475,-18.588
0.015,0.085,40,322.521,341.448,-18.927
0.015,0.09,40,322.197,341.422,-19.225
0.015,0.095,40,321.917,341.399,-19.482
0.015,0.1,40,321.679,341.377,-19.698
0.01,-5.78E-35,40,335.284,342.182,-6.898
0.01,0.005,40,334.068,342.121,-8.053
0.01,0.01,40,332.918,342.063,-9.145
0.01,0.015,40,331.832,342.006,-10.174
0.01,0.02,40,330.808,341.952,-11.144
0.01,0.025,40,329.844,341.9,-12.056
0.01,0.03,40,328.938,341.849,-12.911
0.01,0.035,40,328.088,341.801,-13.713
0.01,0.04,40,327.292,341.755,-14.463
0.01,0.045,40,326.549,341.711,-15.162
0.01,0.05,40,325.857,341.669,-15.812
0.01,0.055,40,325.216,341.629,-16.413
0.01,0.06,40,324.623,341.591,-16.968
0.01,0.065,40,324.078,341.555,-17.477
0.01,0.07,40,323.58,341.521,-17.941
0.01,0.075,40,323.127,341.49,-18.363
0.01,0.08,40,322.719,341.46,-18.741
0.01,0.085,40,322.355,341.432,-19.077
0.01,0.09,40,322.034,341.407,-19.373
0.01,0.095,40,321.756,341.383,-19.627
0.01,0.1,40,321.52,341.362,-19.842
0.005,-2.89E-35,40,335.009,342.165,-7.156
0.005,0.005,40,333.795,342.104,-8.309
0.005,0.01,40,332.65,342.045,-9.395
0.005,0.015,40,331.57,341.989,-10.419
0.005,0.02,40,330.553,341.934,-11.381
0.005,0.025,40,329.596,341.882,-12.286
0.005,0.03,40,328.697,341.832,-13.135
0.005,0.035,40,327.853,341.783,-13.93
0.005,0.04,40,327.064,341.737,-14.673
0.005,0.045,40,326.327,341.693,-15.366
0.005,0.05,40,325.641,341.651,-16.01
0.005,0.055,40,325.005,341.611,-16.606
0.005,0.06,40,324.417,341.574,-17.157
0.005,0.065,40,323.876,341.538,-17.662
0.005,0.07,40,323.382,341.504,-18.122
0.005,0.075,40,322.933,341.472,-18.539
0.005,0.08,40,322.528,341.443,-18.915
0.005,0.085,40,322.167,341.415,-19.248
0.005,0.09,40,321.849,341.389,-19.54
0.005,0.095,40,321.573,341.366,-19.793
0.005,0.1,40,321.339,341.345,-20.006
-5.51E-19,0.005,40,333.481,342.084,-8.603
0,0,40,334.464,342.135,-7.671
-1.10E-18,0.01,40,332.345,342.026,-9.681
-1.65E-18,0.015,40,331.275,341.969,-10.694
-2.20E-18,0.02,40,330.267,341.915,-11.648
-2.76E-18,0.025,40,329.318,341.862,-12.544
-3.31E-18,0.03,40,328.427,341.812,-13.385
-3.86E-18,0.035,40,327.591,341.764,-14.173
-4.41E-18,0.04,40,326.809,341.718,-14.909
-4.96E-18,0.045,40,326.079,341.674,-15.595
-5.51E-18,0.05,40,325.4,341.632,-16.232
-6.06E-18,0.055,40,324.769,341.592,-16.823
-6.61E-18,0.06,40,324.187,341.554,-17.367
-7.16E-18,0.065,40,323.652,341.518,-17.866
-7.72E-18,0.07,40,323.162,341.484,-18.322
-8.27E-18,0.075,40,322.717,341.453,-18.736
-8.82E-18,0.08,40,322.316,341.423,-19.107
-9.37E-18,0.085,40,321.959,341.396,-19.437
-9.92E-18,0.09,40,321.643,341.37,-19.727
-1.05E-17,0.095,40,321.37,341.347,-19.977
-1.39E-17,0.1,40,321.244,341.335,-20.091
0.095,0.005,Mid,333.852,342.104,-8.252
0.095,0,Mid,335.066,342.165,-7.099
0.1,-5.49E-34,Mid,334.521,342.135,-7.614
0.1,0.005,Mid,333.538,342.084,-8.546
0.1,0.01,Mid,332.402,342.026,-9.624
0.095,0.01,Mid,332.707,342.045,-9.338
0.1,0.015,Mid,331.331,341.969,-10.638
0.095,0.015,Mid,331.627,341.989,-10.362
0.1,0.02,Mid,330.322,341.915,-11.593
0.095,0.02,Mid,330.609,341.934,-11.325
0.1,0.025,Mid,329.372,341.862,-12.49
0.095,0.025,Mid,329.651,341.882,-12.231
0.1,0.03,Mid,328.48,341.812,-13.332
0.095,0.03,Mid,328.75,341.832,-13.082
0.1,0.035,Mid,327.643,341.764,-14.121
0.095,0.035,Mid,327.906,341.783,-13.877
0.1,0.04,Mid,326.86,341.718,-14.858
0.095,0.04,Mid,327.115,341.737,-14.622
0.1,0.045,Mid,326.129,341.674,-15.545
0.095,0.045,Mid,326.377,341.693,-15.316
0.1,0.05,Mid,325.448,341.632,-16.184
0.095,0.05,Mid,325.69,341.651,-15.961
0.1,0.055,Mid,324.817,341.592,-16.775
0.095,0.055,Mid,325.053,341.611,-16.558
0.1,0.06,Mid,324.234,341.554,-17.32
0.095,0.06,Mid,324.464,341.574,-17.11
0.1,0.065,Mid,323.697,341.518,-17.821
0.095,0.065,Mid,323.923,341.538,-17.615
0.1,0.07,Mid,323.207,341.484,-18.277
0.095,0.07,Mid,323.427,341.504,-18.077
0.1,0.075,Mid,322.761,341.453,-18.692
0.095,0.075,Mid,322.977,341.472,-18.495
0.1,0.08,Mid,322.359,341.423,-19.064
0.095,0.08,Mid,322.572,341.443,-18.871
0.1,0.085,Mid,322.001,341.396,-19.395
0.095,0.085,Mid,322.21,341.415,-19.205
0.1,0.09,Mid,321.685,341.37,-19.685
0.095,0.09,Mid,321.892,341.389,-19.497
0.1,0.095,Mid,321.411,341.347,-19.936
0.095,0.095,Mid,321.615,341.366,-19.751
0.1,0.1,Mid,321.285,341.335,-20.05
0.095,0.1,Mid,321.381,341.345,-19.964
0.09,-5.20E-34,Mid,334.126,342.182,-8.056
0.09,0.005,Mid,335.342,342.121,-6.779
0.09,0.01,Mid,332.975,342.063,-9.088
0.09,0.015,Mid,331.889,342.006,-10.117
0.09,0.02,Mid,330.864,341.952,-11.088
0.09,0.025,Mid,329.899,341.9,-12.001
0.09,0.03,Mid,328.992,341.849,-12.857
0.09,0.035,Mid,328.14,341.801,-13.661
0.09,0.04,Mid,327.344,341.755,-14.411
0.09,0.045,Mid,326.599,341.711,-15.112
0.09,0.05,Mid,325.907,341.669,-15.762
0.09,0.055,Mid,325.264,341.629,-16.365
0.09,0.06,Mid,324.671,341.591,-16.92
0.09,0.065,Mid,324.125,341.555,-17.43
0.09,0.07,Mid,323.625,341.521,-17.896
0.09,0.075,Mid,323.172,341.49,-18.318
0.09,0.08,Mid,322.763,341.46,-18.697
0.09,0.085,Mid,322.398,341.432,-19.034
0.09,0.09,Mid,322.077,341.407,-19.33
0.09,0.095,Mid,321.798,341.383,-19.585
0.09,0.1,Mid,321.561,341.362,-19.801
0.085,-4.91E-34,Mid,334.363,342.198,-7.835
0.085,0.005,Mid,335.58,342.137,-6.557
0.085,0.01,Mid,333.209,342.078,-8.869
0.085,0.015,Mid,332.118,342.022,-9.904
0.085,0.02,Mid,331.088,341.967,-10.879
0.085,0.025,Mid,330.117,341.915,-11.798
0.085,0.03,Mid,329.204,341.865,-12.661
0.085,0.035,Mid,328.347,341.816,-13.469
0.085,0.04,Mid,327.545,341.77,-14.225
0.085,0.045,Mid,326.796,341.726,-14.93
0.085,0.05,Mid,326.098,341.684,-15.586
0.085,0.055,Mid,325.451,341.644,-16.193
0.085,0.06,Mid,324.853,341.606,-16.753
0.085,0.065,Mid,324.303,341.571,-17.268
0.085,0.07,Mid,323.8,341.537,-17.737
0.085,0.075,Mid,323.343,341.505,-18.162
0.085,0.08,Mid,322.932,341.475,-18.543
0.085,0.085,Mid,322.564,341.448,-18.884
0.085,0.09,Mid,322.24,341.422,-19.182
0.085,0.095,Mid,321.96,341.399,-19.439
0.085,0.1,Mid,321.721,341.377,-19.656
0.08,-4.62E-34,Mid,334.564,342.211,-7.647
0.08,0.005,Mid,335.783,342.151,-6.368
0.08,0.01,Mid,333.408,342.092,-8.684
0.08,0.015,Mid,332.314,342.035,-9.721
0.08,0.02,Mid,331.28,341.981,-10.701
0.08,0.025,Mid,330.305,341.928,-11.623
0.08,0.03,Mid,329.387,341.878,-12.491
0.08,0.035,Mid,328.526,341.83,-13.304
0.08,0.04,Mid,327.719,341.784,-14.065
0.08,0.045,Mid,326.966,341.74,-14.774
0.08,0.05,Mid,326.264,341.698,-15.434
0.08,0.055,Mid,325.613,341.658,-16.045
0.08,0.06,Mid,325.012,341.62,-16.608
0.08,0.065,Mid,324.458,341.584,-17.126
0.08,0.07,Mid,323.952,341.55,-17.598
0.08,0.075,Mid,323.493,341.518,-18.025
0.08,0.08,Mid,323.078,341.489,-18.411
0.08,0.085,Mid,322.708,341.461,-18.753
0.08,0.09,Mid,322.382,341.435,-19.053
0.08,0.095,Mid,322.1,341.412,-19.312
0.08,0.1,Mid,321.86,341.39,-19.53
0.075,-4.33E-34,Mid,335.952,342.223,-6.271
0.075,0.005,Mid,334.733,342.162,-7.429
0.075,0.01,Mid,333.575,342.103,-8.528
0.075,0.015,Mid,332.478,342.047,-9.569
0.075,0.02,Mid,331.441,341.992,-10.551
0.075,0.025,Mid,330.463,341.94,-11.477
0.075,0.03,Mid,329.542,341.89,-12.348
0.075,0.035,Mid,328.677,341.841,-13.164
0.075,0.04,Mid,327.867,341.795,-13.928
0.075,0.045,Mid,327.11,341.751,-14.641
0.075,0.05,Mid,326.405,341.709,-15.304
0.075,0.055,Mid,325.751,341.669,-15.918
0.075,0.06,Mid,325.146,341.631,-16.485
0.075,0.065,Mid,324.59,341.595,-17.005
0.075,0.07,Mid,324.081,341.561,-17.48
0.075,0.075,Mid,323.619,341.53,-17.911
0.075,0.08,Mid,323.202,341.5,-18.298
0.075,0.085,Mid,322.831,341.472,-18.641
0.075,0.09,Mid,322.503,341.447,-18.944
0.075,0.095,Mid,322.219,341.423,-19.204
0.075,0.1,Mid,321.978,341.402,-19.424
0.07,-4.04E-34,Mid,336.089,342.232,-6.143
0.07,0.005,Mid,334.87,342.171,-7.301
0.07,0.01,Mid,333.711,342.113,-8.402
0.07,0.015,Mid,332.612,342.056,-9.444
0.07,0.02,Mid,331.573,342.002,-10.429
0.07,0.025,Mid,330.592,341.949,-11.357
0.07,0.03,Mid,329.668,341.899,-12.231
0.07,0.035,Mid,328.8,341.851,-13.051
0.07,0.04,Mid,327.987,341.804,-13.817
0.07,0.045,Mid,327.227,341.76,-14.533
0.07,0.05,Mid,326.52,341.718,-15.198
0.07,0.055,Mid,325.863,341.678,-15.815
0.07,0.06,Mid,325.256,341.64,-16.384
0.07,0.065,Mid,324.697,341.604,-16.907
0.07,0.07,Mid,324.187,341.571,-17.384
0.07,0.075,Mid,323.722,341.539,-17.817
0.07,0.08,Mid,323.304,341.509,-18.205
0.07,0.085,Mid,322.931,341.482,-18.551
0.07,0.09,Mid,322.602,341.456,-18.854
0.07,0.095,Mid,322.316,341.432,-19.116
0.07,0.1,Mid,322.074,341.411,-19.337
0.065,-3.76E-34,Mid,336.195,342.239,-6.044
0.065,0.005,Mid,334.975,342.178,-7.203
0.065,0.01,Mid,333.815,342.12,-8.305
0.065,0.015,Mid,332.715,342.063,-9.348
0.065,0.02,Mid,331.675,342.009,-10.334
0.065,0.025,Mid,330.692,341.956,-11.264
0.065,0.03,Mid,329.766,341.906,-12.14
0.065,0.035,Mid,328.896,341.858,-12.962
0.065,0.04,Mid,328.081,341.812,-13.731
0.065,0.045,Mid,327.319,341.767,-14.448
0.065,0.05,Mid,326.609,341.725,-15.116
0.065,0.055,Mid,325.95,341.685,-15.735
0.065,0.06,Mid,325.341,341.647,-16.306
0.065,0.065,Mid,324.781,341.612,-16.831
0.065,0.07,Mid,324.269,341.578,-17.309
0.065,0.075,Mid,323.803,341.546,-17.743
0.065,0.08,Mid,323.383,341.516,-18.133
0.065,0.085,Mid,323.009,341.489,-18.48
0.065,0.09,Mid,322.679,341.463,-18.784
0.065,0.095,Mid,322.392,341.44,-19.048
0.065,0.1,Mid,322.149,341.418,-19.269
0.06,-3.47E-34,Mid,336.27,342.244,-5.974
0.06,0.005,Mid,335.05,342.184,-7.134
0.06,0.01,Mid,333.89,342.125,-8.235
0.06,0.015,Mid,332.789,342.068,-9.279
0.06,0.02,Mid,331.747,342.014,-10.267
0.06,0.025,Mid,330.763,341.962,-11.199
0.06,0.03,Mid,329.836,341.911,-12.075
0.06,0.035,Mid,328.964,341.863,-12.899
0.06,0.04,Mid,328.148,341.817,-13.669
0.06,0.045,Mid,327.384,341.773,-14.389
0.06,0.05,Mid,326.673,341.731,-15.058
0.06,0.055,Mid,326.013,341.691,-15.678
0.06,0.06,Mid,325.402,341.653,-16.251
0.06,0.065,Mid,324.841,341.617,-16.776
0.06,0.07,Mid,324.327,341.583,-17.256
0.06,0.075,Mid,323.861,341.551,-17.69
0.06,0.08,Mid,323.44,341.521,-18.081
0.06,0.085,Mid,323.064,341.494,-18.43
0.06,0.09,Mid,322.734,341.468,-18.734
0.06,0.095,Mid,322.447,341.445,-18.998
0.06,0.1,Mid,322.203,341.423,-19.22
0.055,-3.18E-34,Mid,336.315,342.247,-5.932
0.055,0.005,Mid,335.095,342.187,-7.092
0.055,0.01,Mid,333.934,342.128,-8.194
0.055,0.015,Mid,332.833,342.072,-9.239
0.055,0.02,Mid,331.79,342.017,-10.227
0.055,0.025,Mid,330.806,341.965,-11.159
0.055,0.03,Mid,329.878,341.914,-12.036
0.055,0.035,Mid,329.005,341.866,-12.861
0.055,0.04,Mid,328.188,341.82,-13.632
0.055,0.045,Mid,327.423,341.776,-14.353
0.055,0.05,Mid,326.711,341.734,-15.023
0.055,0.055,Mid,326.05,341.694,-15.644
0.055,0.06,Mid,325.439,341.656,-16.217
0.055,0.065,Mid,324.877,341.62,-16.743
0.055,0.07,Mid,324.363,341.586,-17.223
0.055,0.075,Mid,323.895,341.554,-17.659
0.055,0.08,Mid,323.474,341.525,-18.051
0.055,0.085,Mid,323.098,341.497,-18.399
0.055,0.09,Mid,322.767,341.471,-18.704
0.055,0.095,Mid,322.479,341.448,-18.969
0.055,0.1,Mid,322.235,341.426,-19.191
0.05,-2.89E-34,Mid,336.33,342.249,-5.919
0.05,0.005,Mid,335.11,342.188,-7.078
0.05,0.01,Mid,333.949,342.129,-8.18
0.05,0.015,Mid,332.848,342.073,-9.225
0.05,0.02,Mid,331.805,342.018,-10.213
0.05,0.025,Mid,330.82,341.966,-11.146
0.05,0.03,Mid,329.892,341.915,-12.023
0.05,0.035,Mid,329.019,341.867,-12.848
0.05,0.04,Mid,328.201,341.821,-13.62
0.05,0.045,Mid,327.436,341.777,-14.341
0.05,0.05,Mid,326.724,341.735,-15.011
0.05,0.055,Mid,326.063,341.695,-15.632
0.05,0.06,Mid,325.451,341.657,-16.206
0.05,0.065,Mid,324.889,341.621,-16.732
0.05,0.07,Mid,324.374,341.587,-17.213
0.05,0.075,Mid,323.907,341.555,-17.648
0.05,0.08,Mid,323.485,341.526,-18.041
0.05,0.085,Mid,323.109,341.498,-18.389
0.05,0.09,Mid,322.778,341.472,-18.694
0.05,0.095,Mid,322.49,341.449,-18.959
0.05,0.1,Mid,322.246,341.427,-19.181
0.045,-2.60E-34,Mid,336.315,342.247,-5.932
0.045,0.005,Mid,335.095,342.187,-7.092
0.045,0.01,Mid,333.934,342.128,-8.194
0.045,0.015,Mid,332.833,342.072,-9.239
0.045,0.02,Mid,331.79,342.017,-10.227
0.045,0.025,Mid,330.806,341.965,-11.159
0.045,0.03,Mid,329.878,341.914,-12.036
0.045,0.035,Mid,329.005,341.866,-12.861
0.045,0.04,Mid,328.188,341.82,-13.632
0.045,0.045,Mid,327.423,341.776,-14.353
0.045,0.05,Mid,326.711,341.734,-15.023
0.045,0.055,Mid,326.05,341.694,-15.644
0.045,0.06,Mid,325.439,341.656,-16.217
0.045,0.065,Mid,324.877,341.62,-16.743
0.045,0.07,Mid,324.363,341.586,-17.223
0.045,0.075,Mid,323.895,341.554,-17.659
0.045,0.08,Mid,323.474,341.525,-18.051
0.045,0.085,Mid,323.098,341.497,-18.399
0.045,0.09,Mid,322.767,341.471,-18.704
0.045,0.095,Mid,322.479,341.448,-18.969
0.045,0.1,Mid,322.235,341.426,-19.191
0.04,-2.31E-34,Mid,336.27,342.244,-5.974
0.04,0.005,Mid,335.05,342.184,-7.134
0.04,0.01,Mid,333.89,342.125,-8.235
0.04,0.015,Mid,332.789,342.068,-9.279
0.04,0.02,Mid,331.747,342.014,-10.267
0.04,0.025,Mid,330.763,341.962,-11.199
0.04,0.03,Mid,329.836,341.911,-12.075
0.04,0.035,Mid,328.964,341.863,-12.899
0.04,0.04,Mid,328.148,341.817,-13.669
0.04,0.045,Mid,327.384,341.773,-14.389
0.04,0.05,Mid,326.673,341.731,-15.058
0.04,0.055,Mid,326.013,341.691,-15.678
0.04,0.06,Mid,325.402,341.653,-16.251
0.04,0.065,Mid,324.841,341.617,-16.776
0.04,0.07,Mid,324.327,341.583,-17.256
0.04,0.075,Mid,323.861,341.551,-17.69
0.04,0.08,Mid,323.44,341.521,-18.081
0.04,0.085,Mid,323.064,341.494,-18.43
0.04,0.09,Mid,322.734,341.468,-18.734
0.04,0.095,Mid,322.447,341.445,-18.998
0.04,0.1,Mid,322.203,341.423,-19.22
0.035,-2.02E-34,Mid,336.195,342.239,-6.044
0.035,0.005,Mid,334.975,342.178,-7.203
0.035,0.01,Mid,333.815,342.12,-8.305
0.035,0.015,Mid,332.715,342.063,-9.348
0.035,0.02,Mid,331.675,342.009,-10.334
0.035,0.025,Mid,330.692,341.956,-11.264
0.035,0.03,Mid,329.766,341.906,-12.14
0.035,0.035,Mid,328.896,341.858,-12.962
0.035,0.04,Mid,328.081,341.812,-13.731
0.035,0.045,Mid,327.319,341.767,-14.448
0.035,0.05,Mid,326.609,341.725,-15.116
0.035,0.055,Mid,325.95,341.685,-15.735
0.035,0.06,Mid,325.341,341.647,-16.306
0.035,0.065,Mid,324.781,341.612,-16.831
0.035,0.07,Mid,324.269,341.578,-17.309
0.035,0.075,Mid,323.803,341.546,-17.743
0.035,0.08,Mid,323.383,341.516,-18.133
0.035,0.085,Mid,323.009,341.489,-18.48
0.035,0.09,Mid,322.679,341.463,-18.784
0.035,0.095,Mid,322.392,341.44,-19.048
0.035,0.1,Mid,322.149,341.418,-19.269
0.03,-1.73E-34,Mid,336.089,342.232,-6.143
0.03,0.005,Mid,334.87,342.171,-7.301
0.03,0.01,Mid,333.711,342.113,-8.402
0.03,0.015,Mid,332.612,342.056,-9.444
0.03,0.02,Mid,331.573,342.002,-10.429
0.03,0.025,Mid,330.592,341.949,-11.357
0.03,0.03,Mid,329.668,341.899,-12.231
0.03,0.035,Mid,328.8,341.851,-13.051
0.03,0.04,Mid,327.987,341.804,-13.817
0.03,0.045,Mid,327.227,341.76,-14.533
0.03,0.05,Mid,326.52,341.718,-15.198
0.03,0.055,Mid,325.863,341.678,-15.815
0.03,0.06,Mid,325.256,341.64,-16.384
0.03,0.065,Mid,324.697,341.604,-16.907
0.03,0.07,Mid,324.187,341.571,-17.384
0.03,0.075,Mid,323.722,341.539,-17.817
0.03,0.08,Mid,323.304,341.509,-18.205
0.03,0.085,Mid,322.931,341.482,-18.551
0.03,0.09,Mid,322.602,341.456,-18.854
0.03,0.095,Mid,322.316,341.432,-19.116
0.03,0.1,Mid,322.074,341.411,-19.337
0.025,-1.44E-34,Mid,335.952,342.223,-6.271
0.025,0.005,Mid,334.733,342.162,-7.429
0.025,0.01,Mid,333.575,342.103,-8.528
0.025,0.015,Mid,332.478,342.047,-9.569
0.025,0.02,Mid,331.441,341.992,-10.551
0.025,0.025,Mid,330.463,341.94,-11.477
0.025,0.03,Mid,329.542,341.89,-12.348
0.025,0.035,Mid,328.677,341.841,-13.164
0.025,0.04,Mid,327.867,341.795,-13.928
0.025,0.045,Mid,327.11,341.751,-14.641
0.025,0.05,Mid,326.405,341.709,-15.304
0.025,0.055,Mid,325.751,341.669,-15.918
0.025,0.06,Mid,325.146,341.631,-16.485
0.025,0.065,Mid,324.59,341.595,-17.005
0.025,0.07,Mid,324.081,341.561,-17.48
0.025,0.075,Mid,323.619,341.53,-17.911
0.025,0.08,Mid,323.202,341.5,-18.298
0.025,0.085,Mid,322.831,341.472,-18.641
0.025,0.09,Mid,322.503,341.447,-18.944
0.025,0.095,Mid,322.219,341.423,-19.204
0.025,0.1,Mid,321.978,341.402,-19.424
0.02,0.005,Mid,335.783,342.151,-6.368
0.02,-1.16E-34,Mid,334.564,342.211,-7.647
0.02,0.01,Mid,333.408,342.092,-8.684
0.02,0.015,Mid,332.314,342.035,-9.721
0.02,0.02,Mid,331.28,341.981,-10.701
0.02,0.025,Mid,330.305,341.928,-11.623
0.02,0.03,Mid,329.387,341.878,-12.491
0.02,0.035,Mid,328.526,341.83,-13.304
0.02,0.04,Mid,327.719,341.784,-14.065
0.02,0.045,Mid,326.966,341.74,-14.774
0.02,0.05,Mid,326.264,341.698,-15.434
0.02,0.055,Mid,325.613,341.658,-16.045
0.02,0.06,Mid,325.012,341.62,-16.608
0.02,0.065,Mid,324.458,341.584,-17.126
0.02,0.07,Mid,323.952,341.55,-17.598
0.02,0.075,Mid,323.493,341.518,-18.025
0.02,0.08,Mid,323.078,341.489,-18.411
0.02,0.085,Mid,322.708,341.461,-18.753
0.02,0.09,Mid,322.382,341.435,-19.053
0.02,0.095,Mid,322.1,341.412,-19.312
0.02,0.1,Mid,321.86,341.39,-19.53
0.015,0.005,Mid,335.58,342.137,-6.557
0.015,-8.67E-35,Mid,334.363,342.198,-7.835
0.015,0.01,Mid,333.209,342.078,-8.869
0.015,0.015,Mid,332.118,342.022,-9.904
0.015,0.02,Mid,331.088,341.967,-10.879
0.015,0.025,Mid,330.117,341.915,-11.798
0.015,0.03,Mid,329.204,341.865,-12.661
0.015,0.035,Mid,328.347,341.816,-13.469
0.015,0.04,Mid,327.545,341.77,-14.225
0.015,0.045,Mid,326.796,341.726,-14.93
0.015,0.05,Mid,326.098,341.684,-15.586
0.015,0.055,Mid,325.451,341.644,-16.193
0.015,0.06,Mid,324.853,341.606,-16.753
0.015,0.065,Mid,324.303,341.571,-17.268
0.015,0.07,Mid,323.8,341.537,-17.737
0.015,0.075,Mid,323.343,341.505,-18.162
0.015,0.08,Mid,322.932,341.475,-18.543
0.015,0.085,Mid,322.564,341.448,-18.884
0.015,0.09,Mid,322.24,341.422,-19.182
0.015,0.095,Mid,321.96,341.399,-19.439
0.015,0.1,Mid,321.721,341.377,-19.656
0.01,0.005,Mid,335.342,342.121,-6.779
0.01,-5.78E-35,Mid,334.126,342.182,-8.056
0.01,0.01,Mid,332.975,342.063,-9.088
0.01,0.015,Mid,331.889,342.006,-10.117
0.01,0.02,Mid,330.864,341.952,-11.088
0.01,0.025,Mid,329.899,341.9,-12.001
0.01,0.03,Mid,328.992,341.849,-12.857
0.01,0.035,Mid,328.14,341.801,-13.661
0.01,0.04,Mid,327.344,341.755,-14.411
0.01,0.045,Mid,326.6,341.711,-15.111
0.01,0.05,Mid,325.907,341.669,-15.762
0.01,0.055,Mid,325.264,341.629,-16.365
0.01,0.06,Mid,324.671,341.591,-16.92
0.01,0.065,Mid,324.125,341.555,-17.43
0.01,0.07,Mid,323.625,341.521,-17.896
0.01,0.075,Mid,323.172,341.49,-18.318
0.01,0.08,Mid,322.763,341.46,-18.697
0.01,0.085,Mid,322.398,341.432,-19.034
0.01,0.09,Mid,322.077,341.407,-19.33
0.01,0.095,Mid,321.798,341.383,-19.585
0.01,0.1,Mid,321.561,341.362,-19.801
0.005,0.005,Mid,335.066,342.104,-7.038
0.005,-2.89E-35,Mid,333.852,342.165,-8.313
0.005,0.01,Mid,332.707,342.045,-9.338
0.005,0.015,Mid,331.627,341.989,-10.362
0.005,0.02,Mid,330.609,341.934,-11.325
0.005,0.025,Mid,329.651,341.882,-12.231
0.005,0.03,Mid,328.75,341.832,-13.082
0.005,0.035,Mid,327.906,341.783,-13.877
0.005,0.04,Mid,327.115,341.737,-14.622
0.005,0.045,Mid,326.377,341.693,-15.316
0.005,0.05,Mid,325.69,341.651,-15.961
0.005,0.055,Mid,325.053,341.611,-16.558
0.005,0.06,Mid,324.464,341.574,-17.11
0.005,0.065,Mid,323.923,341.538,-17.615
0.005,0.07,Mid,323.427,341.504,-18.077
0.005,0.075,Mid,322.977,341.472,-18.495
0.005,0.08,Mid,322.572,341.443,-18.871
0.005,0.085,Mid,322.21,341.415,-19.205
0.005,0.09,Mid,321.892,341.389,-19.497
0.005,0.095,Mid,321.615,341.366,-19.751
0.005,0.1,Mid,321.381,341.345,-19.964
-5.51E-19,0,Mid,333.538,342.135,-8.597
0,0.005,Mid,334.521,342.084,-7.563
-1.10E-18,0.01,Mid,332.402,342.026,-9.624
-1.65E-18,0.015,Mid,331.331,341.969,-10.638
-2.20E-18,0.02,Mid,330.322,341.915,-11.593
-2.76E-18,0.025,Mid,329.372,341.862,-12.49
-3.31E-18,0.03,Mid,328.48,341.812,-13.332
-3.86E-18,0.035,Mid,327.643,341.764,-14.121
-4.41E-18,0.04,Mid,326.86,341.718,-14.858
-4.96E-18,0.045,Mid,326.129,341.674,-15.545
-5.51E-18,0.05,Mid,325.448,341.632,-16.184
-6.06E-18,0.055,Mid,324.817,341.592,-16.775
-6.61E-18,0.06,Mid,324.234,341.554,-17.32
-7.16E-18,0.065,Mid,323.697,341.518,-17.821
-7.72E-18,0.07,Mid,323.207,341.484,-18.277
-8.27E-18,0.075,Mid,322.761,341.453,-18.692
-8.82E-18,0.08,Mid,322.359,341.423,-19.064
-9.37E-18,0.085,Mid,322.001,341.396,-19.395
-9.92E-18,0.09,Mid,321.685,341.37,-19.685
-1.05E-17,0.095,Mid,321.411,341.347,-19.936
-1.39E-17,0.1,Mid,321.285,341.335,-20.05
