0.02,340.074
0.02,340.069
0.03,340.069
0.03,340.07
0.01,340.073
0.01,340.068
0,340.069
0,340.067
0.03,340.075
0.02,340.079
0.01,340.079
0,340.074
0.03,340.082
0.02,340.084
0.01,340.084
0,340.08
0.03,340.086
0.02,340.088
0.01,340.089
0,340.086
0.03,340.09
0.02,340.093
0.01,340.093
0,340.093
0.03,340.096
0.02,340.099
0.01,340.098
0,340.097
0.03,340.101
0.02,340.102
0.01,340.102
0,340.099
0.03,340.104
0.02,340.105
0.01,340.104
0,340.101
0.03,340.105
0.02,340.106
0.01,340.105
0,340.103
0.03,340.105
0.02,340.106
0.01,340.105
0,340.103
0.03,340.104
0.02,340.104
0.01,340.104
0,340.102
0.03,340.101
0.02,340.102
0.01,340.101
0,340.099
0.03,340.096
0.02,340.098
0.01,340.097
0,340.096
0.03,340.091
0.02,340.092
0.01,340.092
0,340.092
0.03,340.086
0.02,340.087
0.01,340.087
0,340.085
0.03,340.08
0.02,340.082
0.01,340.083
0,340.079
0.03,340.074
0.02,340.078
0.01,340.078
0,340.073
0.03,340.071
0.02,340.073
0.01,340.072
0,340.07
0.03,340.068
0.02,340.067
0.01,340.067
0,340.067
0.06,340.013
0.05,340.021
0.05,340.021
0.06,340.015
0.04,340.038
0.04,340.04
0.03,340.089
0.03,340.091
0.06,340.018
0.05,340.025
0.05,340.025
0.06,340.018
0.04,340.042
0.04,340.043
0.03,340.09
0.03,340.088
-0.00988781,311.778
-0.0122852,306.176
-0.0102735,310.433
-0.0094367,310.538
-0.00811118,313.489
-0.00880353,311.633
-0.00063528,337.913
-0.00064386,337.786
0,340.092
-0.00694835,317.686
0,340.093
-0.00816003,313.754
-0.00832583,313.272
-0.00869952,312.757
-0.00833105,313.252
-0.00264509,330.962
-0.000553482,338.185
-0.00805728,314.131
0,340.088
0,340.095
-0.000861275,337.338
0,340.095
0,340.092
-0.00815997,313.535
-0.00291723,330.084
0,340.089
-0.00805728,313.911
-0.00843593,312.84
-0.00833141,313.023
0,340.075
0,340.081
-0.00265647,329.66
-0.00859932,311.204
-0.00743031,313.881
-0.0017188,334.241
0.21,300
0.204308,300
0.207728,300
0.21,300
0.198938,300
0.19944,300
0.200634,300
0.199078,300
0.19762,300
0.194181,300
0.202374,300
0.202539,300
0.201894,300
0.191332,300
0.193025,300
0.191779,300
0.208193,300
0.202362,300
-0.0460386,300
-0.0567484,300
-0.059441,300
-0.0471147,300
-0.0551408,300
-0.0525716,300
-0.058102,300
-0.0640462,300
-0.0104136,300
-0.0156726,300
-0.0102764,300
-0.0162462,300
-0.0198324,300
-0.00255508,300
-0.008944,300
-0.000530789,300
-0.00142187,300
-0.0143724,300
-0.018692,300
0.192859,300
0.200457,300
0.194665,300
0.201349,300
0.197754,300
0.188638,300
0.187822,300
0.201378,300
0.196502,300
0.194717,300
0.201393,300
0.188901,300
0.193823,300
0.0827536,307.335
0.0774127,309.95
0.0802236,308.502
0.0826934,306.312
0.0734502,311.709
0.0735269,311.661
0.0736896,311.516
0.0735385,311.646
0.0733312,311.892
0.0728748,312.215
0.0884087,300.516
0.08946,300.25
0.080843,300.277
0.0907185,300.128
0.0720544,301.873
0.0710809,303.3
0.0799426,301.323
0.0696047,301.889
0.0706052,302.177
0.0769852,300.602
-0.0293566,300
-0.0239297,300
-0.0312143,300
-0.0326414,300
-0.0381035,300
-0.0331386,300
0.198882,300
0.198899,300
0.198944,300
0.202984,300
0.206659,300
0.193804,300
0.194551,300
0.202976,300
0.21,300
0.198848,300
0.19333,300
0.201639,300
0.194891,300
-0.0569542,300
-0.0546698,300
-0.0618076,300
-0.0631349,300
-0.0632608,300
-0.053465,300
-0.0476952,300
-0.0536343,300
-0.0563642,300
-0.0639868,300
0.21,300
0.208212,300
0.209067,300
0.21,300
0.204244,300
0.202056,300
0.201733,300
0.20038,300
0.201921,300
-0.0820598,300
-0.0789915,300
-0.0817173,300
-0.077548,300
-0.0828579,300
-0.0835409,300
-0.0860274,300
-0.0746784,300
-0.0751536,300
-0.09,300
-0.0817032,300
-0.0828125,300
-0.0817,300
-0.09,300
-0.0623543,300
-0.0638172,300
-0.0634297,300
-0.0651383,300
-0.0644457,300
-0.0712984,300
-0.0738412,300
-0.0642934,300
-0.0649496,300
-0.063885,300
-0.0698637,300
-0.068594,300
-0.0695897,300
-0.0669292,300
-0.0711039,300
-0.0702621,300
0.200208,300
0.192205,300
0.191244,300
0.196042,300
0.193772,300
0.201771,300.001
-0.0467699,300
-0.0416954,300
-0.0405256,300
-0.0487224,300
-0.054541,300
-0.0633772,300
-0.0521114,300
-0.0512207,300
-0.0540529,300
-0.0425841,300
0.21,300
0.20735,300
0.208217,300
0.21,300
0.209434,300
0.203396,300
0.202134,300
0.195993,300
0.202103,300
0.21,300
0.209035,300
0.0475683,300
0.0417653,300
0.0376985,300
0.0329962,300
0.0319885,300
0.0376659,300
0.0246246,300
0.0266838,300
0.0300883,300
0.0412768,300
0.0211639,300
0.0993057,300
0.113428,300
0.110968,300
0.120566,300
0.126425,300
0.11598,300
0.0964023,300
0.113169,300
0.0969337,300
0.0949657,300
0.103735,300
0.117017,300
0.12932,300
0.0547103,300
0.0555612,300
0.0553535,300
0.069014,300
0.100432,300
0.11556,300
0.0996232,300
0.110075,300
0.0995009,300
0.103789,300
0.113632,300
0.125266,300
0.127739,300
0.12849,300
0.10925,300
0.120717,300
0.130005,300
0.129112,300
0.124022,300
0.0771257,300
0.0967257,300
0.0937232,300
0.0760628,300
0.073746,300
0.101655,300
0.112917,300
0.104483,300
0.104811,300
0.1091,300
0.0991238,300
0.0957492,300
0.0910668,300
0.117201,300
0.128897,300
0.127105,300
0.123302,300
0.131445,300
0.130104,300
0.119877,300
0.121259,300
0.132383,300
0.135532,300
0.138012,300
0.11776,300
0.141852,300
0.0925634,300.102
0.0918737,300.095
0.0945435,300.081
0.0910577,300.079
0.108005,300
0.11726,300
0.121551,300
0.12293,300
0.121355,300.001
0.109162,300
0.130233,300
0.125596,300
0.133558,300
0.123323,300
0.0985168,300
0.0965002,300.001
0.0900109,300.001
0.0990289,300
0.0849374,300.001
0.0935731,300
0.183654,300
0.189256,300
0.183668,300
0.189924,300
0.193279,300
0.177904,300
0.193347,300
0.180943,300
0.183785,300
0.1841,300
0.181533,300
0.185837,300
0.00144078,300
-0.00558516,300
-0.00709341,300
0.00408734,300
0.00776381,300
0.0113844,300
-0.00348994,300
0.00608132,300
-0.00239977,300
0.00316593,300
0.0192666,300
0.0148767,300
0.0513943,300
0.0542753,300.001
0.0582892,300
0.0512421,300.005
0.0557924,300
0.0421504,300
0.0417695,300
0.0395567,300
0.0410704,300.002
0.0411988,300.015
0.0424512,300.013
0.043135,300.015
0.146094,300
0.158341,300
0.158072,300
0.169564,300
0.1598,300
0.146831,300
0.169013,300
0.157902,300
0.162931,300
-0.0309468,300.021
-0.0386111,300
-0.0307062,300.022
-0.0260661,300.034
-0.0376797,300
-0.0366757,300
-0.0318445,300.011
-0.0253944,300.033
-0.0258756,300.045
-0.0161032,301.28
-0.0162364,301.33
-0.0195329,300.877
-0.024785,300.031
-0.0205056,300.572
-0.0174421,301.141
0.0696979,314.146
0.0648786,316.573
0.0647118,315.839
0.0766199,314.952
0.0638578,316.393
0.06485,315.779
0.0644459,315.915
0.0550621,320.814
0.0553158,320.298
0.0566224,319.775
0.0607737,322.252
0.0770936,314.877
0.0661518,320.124
-0.0432479,300
-0.0415003,300
-0.0414014,300
0.0542971,324.499
0.0509644,325.494
0.0448012,327.79
0.0464774,327.258
0.0429485,328.545
0.0446843,327.531
0.0469823,326.736
0.0494286,325.999
0.0470208,327.06
0.0456144,327.428
0.0394459,330.26
0.0378228,331.069
-0.0276321,300.03
-0.027166,300.107
-0.0277915,300.028
-0.027444,300.037
-0.029802,300.012
-0.0308816,300.011
-0.0226756,300.093
-0.0238755,300.071
-0.0291415,300.018
-0.0335104,300.001
-0.0335024,300.001
-0.0257101,300.027
-0.0262836,300.022
-0.0369369,300
-0.0391207,300.002
-0.0610936,300
-0.0607168,300
-0.0519451,300
-0.05485,300
-0.0651798,300
-0.0641049,300
-0.0597049,300
-0.0594983,300
-0.0637306,300
-0.0672688,300
-0.068449,300
-0.0667091,300
-0.0657315,300
-0.0734096,300
-0.0736091,300
-0.0733998,300
-0.0731696,300
-0.0702662,300
0.052343,300
0.0536559,300
0.0576799,300
0.0652428,300
0.0651842,300
0.0680072,300
0.0615102,300
0.0538885,300
0.0582812,300
0.0695623,300
0.0753182,300
0.0770895,300
0.0744801,300
0.065751,300
0.144596,300
0.154311,300
0.143467,300
0.145235,300
0.143876,300
0.202824,300
0.199316,300
0.199299,300
0.201465,300
0.207475,300
0.209718,300
0.20993,300
0.209747,300
0.21,300
0.21,300
-0.0790398,300
-0.0795089,300
-0.0791709,300
-0.0773179,300
-0.0745567,300
-0.0695492,300
-0.0661934,300
-0.0736701,300
-0.0800595,300
-0.0828198,300
-0.0795623,300
-0.0825584,300
0.209877,300
0.21,300
0.21,300
0.209532,300
0.209362,300
-0.0386613,300
-0.0396858,300
-0.0307508,300
-0.0455802,300
-0.0439544,300
-0.0541702,300
-0.0569711,300
-0.0510686,300
-0.0350504,300
-0.0432038,300
-0.0492008,300
-0.0565348,300
0.116495,300
0.118487,300
0.122815,300
0.118845,300
0.126162,300
0.123383,300
0.115161,300
0.122017,300
0.116569,300
0.12638,300
0.132064,300
0.131836,300
0.132093,300
0.131883,300
0.110257,300
0.112617,300
0.104266,300
0.109116,300
0.105186,300
0.11328,300
0.102136,300
0.100737,300
-0.0868433,300
-0.0834934,300
-0.0821028,300
-0.0855727,300
-0.0893829,300
-0.0790348,300
-0.0780733,300
-0.07543,300
-0.09,300
-0.09,300
-0.0770695,300
-0.0796042,300
-0.0862023,300
-0.0812947,300
-0.09,300
-0.09,300
-0.0474543,300
-0.0483001,300
-0.048748,300
-0.0487877,300
-0.0482941,300
0.202794,300
0.201711,300
0.20121,300
0.206828,300
0.21,300
0.21,300
0.21,300
0.120215,300
0.124864,300
0.110496,300
0.109853,300
0.130891,300
0.0547743,314.802
0.054781,316.233
0.0554481,315.454
0.0463528,311.554
0.0458426,317.302
0.0490723,314.533
0.0513977,308.02
0.0461926,309.365
0.0437943,310.882
0.0571849,305.951
0.0521994,306.619
0.0603251,305.204
0.06174,304.183
0.0593595,303.088
0.0438738,310.104
0.0528385,303.995
0.0474665,307.584
-0.09,300
-0.0887131,300
-0.0826204,300
-0.09,300
0.03,340.087
0.0375,340.051
0.03,340.073
-0.0506613,300
-0.0443534,300
-0.0554294,300
0.03,340.074
0.0390985,335.003
0.0375,340.045
0.04,340.038
0.03,340.065
0.0347065,331.266
0.03,340.099
0.0309258,339.008
0.03,340.1
0.0393963,339.685
0.04,340.043
0.0308832,339.701
0.03,340.092
0.207598,300
0.21,300
0.21,300
0.21,300
0.0372107,326.568
-0.0793089,300
-0.0790017,300
-0.0759186,300
0.041257,333.564
0.045,340.031
0.04,340.043
-0.0896807,300
-0.0802955,300
-0.09,300
-0.09,300
0.18557,300
0.179634,300
0.186708,300
0.191342,300
0.186635,300
0.03,340.076
0.0319355,336.082
0.03,340.074
0.0403285,338.564
0.04,340.045
0.045,340.034
0.204153,300
0.201295,300
0.198644,300
0.21,300
0.21,300
0.21,300
0.05,340.019
0.045,340.031
0.0489593,338.911
0.03,340.092
0.0350018,338.046
0.03,340.097
0.0356358,337.887
0.0358724,337.702
0.0351211,337.997
0.03,340.098
0.03,340.079
0.0352979,337.924
0.0375,340.053
0.035541,337.834
0.0354055,337.881
0.199309,300
0.20262,300
0.200983,300
0.21,300
0.206125,300
0.21,300
-0.0786441,300
0.03,340.057
0.03,340.049
0.0349549,323.042
0.0335392,327.909
0.03,340.061
0.21,300
0.21,300
0.204686,300
0.21,300
0.205901,300
0.21,300
0.202074,300
0.21,300
0.21,300
-0.09,300
-0.09,300
-0.0873779,300
-0.09,300
-0.09,300
-0.0871681,300
-0.09,300
0.00960652,337.457
0.0100876,340.048
0.00857143,340.047
0.0659192,322.028
0.06,340.006
0.06,340.007
0.0659192,322.028
0.06,340.004
-0.09,300
-0.0867424,300
-0.09,300
0.21,300
0.0866621,300
0.0903513,300
0.0878365,300
0.0847655,300
0.0812687,300
0.0419914,300
0.0475,300
0.0428813,300
-0.09,300
-0.09,300
-0.0894575,300
-0.0896249,300
-0.09,300
-0.09,300
0,340.057
-0.000697928,337.395
0,340.057
-0.00530481,319.824
0,340.064
-0.0820947,300
-0.09,300
-0.09,300
-0.09,300
-0.0892674,300
-0.09,300
-0.09,300
0,340.083
-0.000796747,337.344
0,340.084
-0.09,300
-0.0899909,300
-0.09,300
-0.09,300
-0.0899826,300
-0.00647666,316.181
0,340.077
0,340.071
-0.00784533,312.817
-0.00760027,313.917
-0.0048061,323.526
-0.00770605,311.918
-0.00760041,312.089
-0.09,300
-0.085939,300
-0.0841559,300
-0.09,300
-0.082309,300
-0.09,300
-0.0879568,300
-0.09,300
-0.0851074,300
-0.09,300
-0.082374,300
-0.0818958,300
-0.0851516,300
-0.09,300
-0.082294,300
-0.0876826,300
-0.0816691,300
-0.09,300
-0.0872507,300
-0.09,300
0,340.095
-0.0862136,300
-0.09,300
-0.09,300
-0.0860925,300
-0.09,300
-0.09,300
0.21,300.189
0.209405,300.172
0.21,300.167
0.21,300.34
0.208311,301.561
0.21,301.116
0.21,303.085
0.06,340.011
0.0658004,321.469
0.06,340.011
0.06,340.009
0.0658004,321.468
0.0669772,317.834
-0.09,300
-0.0854957,300
-0.09,300
-0.0894336,300
-0.09,300
-0.09,300
-0.09,300
-0.0857194,300
-0.09,300
-0.0818018,300
-0.0817678,300
-0.0876239,300
-0.09,300
-0.0862402,300
-0.09,300
-0.0822242,300
0,340.045
-0.00458777,321.057
0,340.056
-0.00039827,338.494
-0.00822485,306.621
-0.00804293,308.043
0,340.067
0,340.065
-0.00330053,327.564
-0.00786933,310.146
-0.09,300
-0.0888291,300
-0.0824569,300
-0.09,300
-0.09,300
-0.0885044,300
-0.09,300
-0.09,300
-0.0865886,300
-0.0895411,300
-0.0820284,300
-0.0829021,300
-0.09,300
-0.0861222,300
-0.09,300
-0.09,300
-0.0852374,300
-0.0893395,300
-0.0866178,300
-0.0833879,300
-0.09,300
-0.09,300
-0.0821608,300
0.0631064,300
0.0712474,300
0.0692863,300
0.06265,300
0.0619197,300
0.0413607,300
0.0405723,300
0.0562963,300
0.0526021,300
0.0520039,300
0.0511888,300
0.0566746,300
0.0612616,300
0.0616759,300
0.0471931,300
0.0443068,300
0.0511566,300
0.0513278,300
0.0854825,300
0.0761356,300
0.0760714,300
0.0746341,300
0.0762159,300
0.0999292,300
0.099403,300
0.100029,300
0.100328,300
0.095188,300
0.0905829,300
0.0761054,300
0.0973815,300
0.00823168,300
0.00441625,300
0.010596,300
0.00813416,300
0.00115548,300
0.00819985,300
0.21,300
0.206525,300
0.21,300
0.21,300.004
0.204562,300.001
0.21,300.001
0.21,300
0.205257,300
0.206533,300
0.21,300
0.21,300
-0.09,300
-0.0864552,300
-0.09,300
-0.09,300
-0.000592202,337.677
0,340.056
0,340.057
-0.00398403,325.251
0,340.07
-0.00237296,331.883
-0.00838012,311.18
-0.00775858,311.64
-0.00758663,311.787
0,340.067
-0.0825453,300
-0.0819678,300
-0.09,300
-0.0857193,300
0.201092,300.081
0.21,300.286
0.21,300.088
0.21,303.742
0.21,301.293
0.204377,301.753
0.203223,302.015
0.21,303.951
0.202588,301.943
0.202355,300.001
0.2011,300.001
0.201023,300.001
-0.09,300
-0.09,300
-0.0894891,300
0.00254858,312.505
0,340.044
0.00329888,306.262
0.00531794,306.613
0.0106256,334.999
0.0129742,340.049
-0.09,300
-0.0884845,300
-0.09,300
-0.09,300
-0.09,300
-0.0846832,300
-0.09,300
-0.0849414,300
-0.0821618,300
-0.0822357,300
-0.0895296,300
-0.09,300
0.104834,300
0.0992,300
0.0966468,300
0.0922013,300
0.109404,300
0.0780086,300
0.0725,300
0.0787569,300
0.0794277,300
-0.0415813,300
-0.0350286,300
-0.036,300
-0.0436998,300
-0.0334673,300
0.00305391,300
-0.00409319,300
-0.00144699,300
0.00360685,300
0.00386374,300
0.00486273,300
0.0387313,300
0.0333379,300
0.0360464,300
0.21,300
0.203441,300
0.21,300
0.21,300
0.21,300
0.21,300
0.21,300
0.209956,300
0.202001,300
0.21,300
0.204282,300
0.206551,300
0.21,300
0.21,300
0.202075,300
0.204153,300
0.209899,300
0.201815,300
0.21,300
0.202223,300
0.21,300
0.209005,300
0.202137,300
0.21,300
0.204327,300
0.2023,300
0.21,300
0.205002,300
-0.0856638,300
-0.09,300
-0.09,300
-0.09,300
0.206997,300
0.21,300
0.21,300
0.203129,300
0.202543,300
0.21,300
0.208226,300
0.18612,300
-0.09,300
-0.09,300
-0.0855527,300
-0.0831462,300
-0.09,300
0.054822,331
0.056306,329.637
0.0525,340.016
0.0547793,329.246
0.0438889,333.522
0.034517,337.879
0.0411632,337.963
0.209647,300
0.21,300
0.197961,300
0.19614,300
0.196834,300
0.145714,300
0.143446,300
0.14294,300
0.153467,300
0.148775,300
0.142166,300
0.140166,300
0.130474,300
0.132583,300
0.133012,300
0.129043,300
0.128727,300
0.127499,300
0.124093,300
0.116136,300
0.116946,300
0.116275,300
0.115137,300
0.125232,300
0.121121,300
0.03,340.102
0.0324423,337.376
0.03,340.102
0.03,340.099
0.03,340.099
0.0301793,339.899
0.0417465,335.81
0.0490111,339.335
0.05,340.023
0.0342723,337.864
0.03,340.098
0.0399699,335.589
0.0546252,332.634
0.0525,340.019
0.0567898,330.971
0.03,340.058
0.03,340.069
0.0337689,329.906
0.0441223,320.522
0.0412636,322.683
0.0401406,320.267
0.0489346,335.914
0.05,340.019
0.195919,300
0.193652,300
0.194827,300
0.197965,300
0.19902,300
0.197375,300
0.185484,300
0.179355,300
0.179098,300
0.205211,300
0.201812,300
0.202588,300
-0.0596383,300
-0.0641686,300
-0.064878,300
-0.063821,300
-0.0685474,300
-0.0818629,300
-0.0821007,300
-0.064523,300
-0.0853663,300
-0.09,300
-0.09,300
-0.077502,300
-0.0729547,300
-0.0713423,300
0.0386132,336.578
0.0375,340.049
0.0360587,328.235
0.03,340.069
0.033365,333.741
0.0367408,323.812
0.0536229,322.234
0.0556879,317.974
0.0525,340.016
0.0531641,315.956
-0.0855078,300
-0.09,300
-0.0822772,300
-0.0824705,300
0.0428963,322.718
0.0486484,331.465
0.045,340.027
0.05,340.015
0.0376152,322.965
0.0359108,325.131
0.03,340.067
0.206966,300
0.21,300
0.202671,300
0.201861,300
0.20202,300
0.20183,300
-0.0818702,300
0.0331863,336.305
0.0347984,334.386
0.03,340.101
-0.0592486,300
-0.0590984,300
-0.0596342,300
-0.057758,300
0.0378768,320.284
0.176093,300
0.179638,300
0.175429,300
0.175546,300
0.170661,300
0.183821,300
0.17565,300
0.17592,300
0.031905,338.284
0.03,340.094
0.03,340.097
0.0341384,333.242
0.03,340.096
0.0311182,338.246
0.0355075,330.974
0.03,340.097
0.03,340.099
0.0362291,330.083
-0.0638862,300
-0.0583365,300
-0.0390486,300
-0.0411115,300
-0.0397674,300
-0.0418548,300
0.169471,300
0.168075,300
0.166408,300
0.1637,300
0.171444,300
0.21,300
0.21,300
0.204702,300
0.21,300
0.206951,300
0.21,300
0.201852,300
0.201637,300
0.206856,300
0.202638,300
0.146856,300
0.143221,300
-0.0333877,300
-0.0276151,300
-0.0306879,300
-0.0321736,300
0.21,300
0.209342,300
0.207812,300
0.21,300
0.21,300
0.202253,300
0.0361777,329.968
0.0318763,338.19
0.0410712,332.793
0.0377107,332.49
0.0380063,331.291
0.159767,300
0.161505,300
0.161855,300
0.164353,300
-0.0375038,300
-0.09,300
-0.0833844,300
-0.09,300
-0.09,300
-0.0829815,300
-0.09,300
-0.0823574,300
0.128585,300
0.135213,300
0.132283,300
0.132303,300
0.132119,300
0.138722,300
0.144532,300
0.141285,300
0.14538,300
0.147615,300
0.143475,300
-0.0819911,300
-0.09,300
-0.0863149,300
-0.09,300
-0.0817083,300
-0.09,300
-0.0817005,300
0.202086,300
0.209796,300
0.21,300
0.21,300
0.0541124,321.372
0.0525,340.012
0.055686,318.152
0.0469254,319.852
0.0413157,336.037
0.21,300
0.21,300
0.203127,300
0.21,300
0.202865,300
0.202308,300
0.21,300
0.205516,300
0.202335,300
0.203382,300
0.202409,300
0.21,300
0.21,300
-0.0824897,300
-0.0872438,300
-0.09,300
-0.0876933,300
-0.09,300
0.174356,300
0.167869,300
0.173163,300
0.184067,300
0.1787,300
0.177758,300
0.166754,300
0.037683,320
0.0374502,318.811
0.0553119,316.139
0.0384412,334.897
0.0560414,328.81
-0.0817009,300
-0.0825189,300
-0.088837,300
-0.0290537,300
-0.0234747,300
-0.0254423,300
-0.0820854,300
-0.0823968,300
-0.0879514,300
0.0325078,332.234
0.0376877,316.019
0.0378987,313.904
0.0382255,312.166
0.0551009,315.153
0.21,300
0.202121,300
0.201923,300
0.202433,300
0.21,300
0.21,300
0.21,300
0.209303,300
0.201591,300
0.21,300
0.209182,300
0.21,300
0.201445,300
0.20792,300
0.21,300
0.208738,300
0.21,300
0.203048,300
0.21,300
0.206143,300
0.21,300
0.2028,300
-0.00876895,311.855
0.03,340.047
0.0274518,317.102
0.0214286,340.051
-0.08281,300
-0.0828256,300
-0.0221664,300
-0.0229397,300
-0.0226529,300
-0.0154393,300
-0.0125831,300
-0.0199163,300
-0.0257143,300
0.0114918,300
0.019672,300
0.0128237,300
0.0105792,300
0.0113454,300
-0.0494713,300
-0.0514435,300
-0.048254,300
-0.0470902,300
-0.0476817,300
-0.0463457,300
0.0902508,300
0.0888499,300
0.0815473,300
0.0679961,300
0.0689516,300
0.0686722,300
0.0746532,300
0.0315477,300
0.0338028,300
0.0296487,300
0.0200243,300
0.0199712,300
0.012518,300
0.0224531,300
0.020597,300
0.0268042,300
0.0248235,300
0.0568936,300
0.0487526,300
0.0519068,300
-0.089892,300
-0.09,300
-0.0823018,300
-0.09,300
-0.0851686,300
-0.0833733,300
-0.0846293,300
-0.09,300
-0.09,300
0.0194107,330.232
0.0201594,340.054
0.0158361,308.313
-0.0873973,300
-0.0827113,300
-0.0825409,300
-0.09,300
-0.09,300
-0.0819496,300
-0.0836568,300
-0.0863244,300
-0.0831956,300
-0.0829377,300
-0.09,300
-0.09,300
-0.0850326,300
-0.0824548,300
-0.09,300
-0.09,300
-0.0836641,300
-0.0826828,300
0.20136,300.004
0.21,300.025
0.206684,300.021
0.201019,300.077
0.21,300.018
0.201709,300
0.209093,300
0.21,300
0.0672564,317.902
0.203079,310.677
0.203044,310.994
0.203769,310.912
0.203642,310.535
0.21,309.814
0.21,307.637
0.21,311.955
0.203895,311.136
0.21,312.8
0.204832,313.108
0.21,312.568
0.203971,313.08
0.21,312.413
-0.00677457,313.906
-0.00796074,308.998
-0.00785036,309.825
0,340.057
0,340.062
-0.00512293,320.284
-0.00773816,310.712
-0.00226781,331.532
0,340.063
-0.0825028,300
-0.0885615,300
-0.0826178,300
-0.0872096,300
-0.09,300
-0.0828231,300
0.207995,300
0.202657,300.009
0.20227,300.003
0.20814,300.005
0.21,300.008
0.21,300.004
0.205897,300.023
0.21,300.033
0.21,300
0.203951,300
0.202095,300
0.21,300
0.203543,300
0.202363,300
0.018189,300
0.0151658,300
0.0208,300
-0.0152127,300
-0.00858474,300
-0.0123787,300
-0.0155604,300
-0.0187224,300
-0.0136584,300
0.0760804,300
0.0666657,300
0.0390448,300
0.0354624,300
0.0311501,300
0.0327511,300
0.0277987,300
0.0244093,308.573
0.0230227,340.052
0.0276449,316.28
0.0268464,308.307
0.0257525,313.689
-0.09,300
-0.0899878,300
-0.0864347,300
-0.09,300
-0.0828257,300
-0.0822875,300
-0.0877018,300
-0.0025357,330.429
-0.00766319,310.986
-0.00772006,310.762
0,340.069
0.205537,300.049
0.202657,300.085
0.202404,300.037
0.205784,304.616
0.21,305.202
0.202174,303.632
0.202277,305.371
0.21,306.938
0.205432,300.802
0.201756,300.418
0.201828,301.945
-0.082011,300
-0.0822091,300
-0.0861174,300
-0.09,300
-0.0865444,300
-0.0856124,300
-0.0827483,300
-0.09,300
-0.09,300
-0.09,300
-0.09,300
-0.0058427,318.826
-0.0031664,328.563
0,340.083
-0.00661459,316.306
-0.09,300
-0.09,300
-0.0832699,300
-0.0839625,300
-0.0858131,300
-0.09,300
-0.0820972,300
-0.0824824,300
-0.0823138,300
-0.082387,300
-0.00177163,333.235
-0.00754077,312.092
-0.00728307,314.875
-0.000985461,336.711
0,340.085
-0.00439985,325.024
-0.00829494,313.068
-0.0878368,300
-0.0823936,300
-0.0836904,300
-0.09,300
-0.0819519,300
-0.0825304,300
-0.09,300
0.0110818,320.692
0.00984057,340.05
0.0170258,340.051
0.0119896,307.927
0.0108412,307.884
0.00697731,340.048
-0.09,300
-0.0899929,300
-0.0842478,300
0.00825313,300
0.00855458,300
0.206669,300
0.205099,300
0.21,300
0.202624,300
-0.0829251,300
-0.0825115,300
-0.0854922,300
-0.0829426,300
-0.09,300
-0.0870196,300
-0.09,300
-0.09,300
-0.0871702,300
-0.0868287,300
-0.0828271,300
-0.09,300
-0.0886664,300
0.0872736,300
0.0796005,300
0.0637037,300
0.0673439,300
-0.00872724,300
-0.0107357,300
-0.00731699,300
-0.00929975,300
-0.0131033,300
-0.00485816,300
-0.0823116,300
-0.0859406,300
0.0474488,300
0.0507673,300
0.0453659,300
-0.083017,300
-0.089201,300
-0.09,300
0.115584,300
0.201957,300
0.202506,300
0.206243,300
0.202679,300
0.21,300
0.20648,300
0.200545,300
-0.0827448,300
0.202867,300
0.208175,300
0.208058,300
0.202888,300
0.21,300
0.21,300
-0.0822476,300
0.202922,300
0.21,300
0.206024,300
0.21,300
-0.09,300
-0.0881395,300
-0.09,300
-0.085778,300
-0.0824209,300
-0.0827464,300
-0.0823768,300
-0.0830082,300
-0.0828053,300
0.153129,300
0.15082,300
0.15541,300
0.152174,300
0.0378009,331.228
0.0310879,338.812
0.037395,331.521
0.03,340.102
0.0377333,330.904
0.062392,300
0.0677615,300
0.0580803,300
0.05858,300
0.0560842,300
0.203144,300
0.208066,300
-0.0147288,304.025
-0.0139132,305.642
-0.073734,300
-0.0736455,300
-0.0803605,300
-0.0777349,300
0,340.093
-0.00258537,330.864
-0.00607892,319.647
-0.0817863,300
-0.0874602,300
-0.09,300
-0.082611,300
-0.0827463,300
-0.0821923,300
-0.0815371,300
-0.0811156,300
-0.0130296,302.799
-0.014951,301.545
-0.00886244,308.335
-0.0832398,300
-0.0826584,300
-0.0816877,300
-0.0894653,300
0.0956228,300
0.105151,300
0.105008,300
0.105176,300
0.10518,300
0.104666,300
0.107176,300
0.105508,300
0.016749,300
0.0180927,300
0.00803604,300
-0.00273468,300
0.00026419,300
-0.00818971,300
-0.00545268,300
-0.00616214,300
0.202182,300
0.207286,300
-0.00786554,306.404
-0.0047926,322.227
0,340.071
-0.00863469,311.182
-0.00862007,311.064
-0.00514175,321.023
-0.00506114,321.281
-0.00674698,317.532
-0.0101092,309.449
-0.00892617,308.638
-0.0759371,300
-0.0769888,300
0.202274,300.406
0.21,300.88
0.201347,300.195
0.202254,300.444
0.202126,300.681
0.202046,300.402
0.202011,300.413
0.20339,305.948
0.201215,305.869
0.21,304.103
0.21,300.001
0.21,300
0.20579,300
0.205382,300
0.20457,300
-0.082104,300
-0.0809282,300
-0.0808119,300
-0.0816576,300
-0.0304056,300
-0.0312473,300
-0.0269668,300
0.202572,300
0.202779,300
0.20299,300
0.21,300
0.21,300
0.202915,300
0.202753,300
0.19545,300
0.197581,300
0.201834,300
0.0567987,328.166
0.0631419,330.233
0.0460306,333.366
0.0501101,336.621
0.0365661,320.756
0.0383035,315.795
0.186524,300
0.193188,300
0.196298,300
0.187491,300
0.186233,300
0.188547,300
0.18839,300
0.189193,300
-0.0719274,300
-0.0732,300
-0.0768343,300
-0.0690283,300
-0.0687904,300
-0.0686512,300
-0.0684696,300
-0.0667081,300
-0.0682681,300
-0.0607668,300
0.0667624,315.512
0.0642439,319.822
0.0458058,314.898
0.132174,300
0.175828,300
0.202259,300
-0.0685423,300
-0.056554,300
0.164517,300
0.155676,300
0.154269,300
0.158483,300
0.159568,300
0.156,300
0.194819,300
0.0303647,339.639
0.0381047,329.195
0.0380694,330.207
0.0463858,330.319
0.0452253,329.911
0.0472916,329.211
0.162277,300
0.174974,300
0.167412,300
0.0402647,317.423
0.056419,329.832
0.0571838,329.087
0.0664417,318.61
0.061838,331.681
0.0558656,330.121
0.0327383,337.459
0.0392243,331.146
0.0395657,333.004
0.0362615,334.063
-0.081687,300
-0.0772126,300
0.0379795,312.256
0.0382586,314.329
0.0350091,322.982
-0.0800611,300
0.202556,300
0.195004,300
0.201924,300
0.206204,300
0.202406,300
0.200077,300
0.201532,300
0.19958,300
0.202196,300
-0.0460423,300
-0.0405908,300
-0.0342967,300
-0.0488175,300
-0.0575598,300
-0.0521737,300
0.0905653,300
0.0842433,300
-0.0805429,300
-0.0892269,300
-0.077884,300
-0.0795225,300
-0.0805606,300
-0.0816019,300
-0.0810553,300
-0.0811849,300
-0.0816566,300
-0.0830344,300
-0.0820502,300
0.200972,300.078
0.20093,300
0.0665218,316.878
0.0632417,311.941
0.0560605,315.689
0.0618941,325.286
0.20582,308.164
0.201708,310.23
0.20661,311.654
0.202498,312.326
0.201751,311.291
0.21,311.535
-0.00828961,307.05
-0.00867356,302.867
-0.00866892,303.325
-0.00475516,321.249
0.0219914,300
0.0300819,300
0.0258144,300
0.0267463,300
-0.0124745,305.515
0.201383,300.691
-0.0817702,300
-0.0849143,300
-0.0819934,300
-0.0768715,300
-0.0763355,300
-0.00054434,338.358
0,340.082
0.00226341,300
0.0134164,307.982
0.0199124,340.052
0.0198137,335.177
0.0264302,307.879
0.0242088,308.029
0.00089017,303.492
0.000904619,303.526
0.000891316,303.47
0.105207,300
0.116475,300
0.0871935,300
0.201765,300.398
-0.0779929,300
-0.0788068,300
-0.0785445,300
-0.0813003,300
-0.079482,300
-0.0799021,300
0.201659,300
0.142347,300
0.138076,300
-0.0804044,300
-0.0768213,300
0.0709096,300
0.0658423,300
-0.0807185,300
-0.0736469,300
-0.0736134,300
0.0537553,300
0.0589536,300
0.0684705,300
0.0595909,300
0.078784,300
0.0736764,300
0.194049,300
0.172308,300
0.171524,300
-0.0685776,300
-0.0714331,300
0.131806,300
0.134176,300
0.132704,300
0.199612,300
-0.0285574,300
-0.0192476,300
-0.0199085,300
-0.0202976,300
-0.0178027,300
-0.00717908,300
-0.00286304,300
-0.0070032,300
-0.00448632,300
0.109197,300
0.109586,300
0.109724,300
-0.0815915,300
-0.0747648,300
-0.0755296,300
0.200742,300.077
0.196829,300
0.202737,300
0.199086,300
0.194891,300
0.19664,300.001
0.086052,300
-0.00739128,300
-0.0111034,300
-0.000861572,300
0.11351,300
-0.0773398,300
-0.00600066,309.581
-0.00754694,303.034
-0.00726981,302.588
0.00086811,303.466
0.000888706,303.468
0.0121621,306.738
-0.0163245,302.187
-0.0752726,300
-0.0765763,300
-0.0793041,300
-0.0744739,300
-0.0783507,300
-0.00866414,310.951
-0.0100784,310.155
-0.0829515,300
-0.0813249,300
-0.0762546,300
-0.0785786,300
-0.0744699,300
0.199841,300.46
-0.016143,302.196
-0.00878022,310.539
-0.0100902,310.683
-0.0162469,301.247
-0.0163007,301.193
-0.010735,307.528
-0.0103677,306.538
-0.0105346,306.539
-0.0125372,303.691
-0.0129569,303.511
-0.0770064,300
-0.0778964,300
0.076051,300
0.0370442,300
0.0433728,300
0.0295219,306.79
0.0349173,301.788
0.0358932,303.78
0.0130376,300
0.012403,300
0.0127979,300
0.0127217,300
0.0194045,302.484
0.0207172,301.442
0.00459389,304.498
0.199087,300.004
0.202592,300
-0.0138023,302.635
0.20259,313.144
0.20289,313.043
0.196597,308.581
0.197522,305.382
0.0689534,307.79
0.0712175,307.938
0.19261,300
0.192544,300
0.192486,300
0.200879,300.08
-0.0792733,300
-0.0735583,300
-0.0541384,300
-0.0442857,300
-0.039796,300
0.0197762,300
-0.00832583,313.259
-0.0160539,302.672
0.198531,300
0.201372,300
0.192907,300
0.197452,300
0.194471,300
0.193413,300
0.197925,300
0.0451216,306.326
0.0452747,306.32
0.0455619,306.001
0.0455571,306.066
-0.0719822,300
-0.0704782,300
0.188158,300
0.0364361,304.995
0.0405039,312.936
-0.0816976,300
-0.0745404,300
-0.0801297,300
-0.0747542,300
0.0489562,331.54
0.0501671,331.91
0.0408849,334.413
0.0423192,330.885
0.0455331,331.965
0.06307,324.086
0.0652106,321.339
0.0667844,318.582
0.0415614,312.411
0.171171,300
0.171814,300
0.169535,300
0.0431977,327.813
0.0426059,328.931
0.0557964,328.801
0.048356,329.003
0.042131,327.941
0.0429014,326.74
0.148593,300
-0.0496105,300
-0.0576383,300
-0.0635224,300
0.202044,300
0.192044,300
0.0546774,314.632
0.0478635,310.344
0.141123,300
0.140464,300
0.143217,300
0.199974,300
0.193622,300
0.199892,300
0.0415778,312.13
0.0401193,315.89
0.0443715,309.959
0.0458218,310.353
0.0559229,314.667
0.0660935,310.335
-0.0796388,300
-0.0738927,300
0.195985,300
0.201293,300
0.0381758,316.525
0.0424287,311.727
0.03781,319.346
0.206107,300
0.200246,300
0.198116,300
0.202657,300
0.21,300
0.19848,300
0.193189,300
0.198872,300
-0.0164314,300.324
0.0551057,300
-0.076079,300
-0.0758559,300
-0.0736864,300
-0.00879055,302.531
0.00180356,305.692
0.202675,302.135
0.2016,305.045
0.209748,303.967
0.202624,310.896
-0.073924,300
-0.0159714,301.992
-0.0132082,305.076
0.202242,300
0.200328,300
0.105165,300
0.0926355,300
0.0845573,300
0.041285,300
0.0388429,300
0.027822,300
-0.0743285,300
-0.0736863,300
-0.0850307,300
-0.081514,300
-0.0817261,300
-0.0814873,300
-0.074583,300
-0.0745987,300
-0.0813308,300
-0.0737001,300
-0.0731063,300
-0.0783291,300
-0.0779015,300
-0.0797239,300
-0.0789907,300
-0.0797379,300
-0.0785611,300
-0.089827,300
-0.0816214,300
-0.0789844,300
-0.0794159,300
-0.0797947,300
-0.0790122,300
-0.0795708,300
-0.0804037,300
-0.08163,300
-0.09,300
-0.0781255,300
-0.0814673,300
-0.0736376,300
-0.0767638,300
-0.0752923,300
-0.0740243,300
-0.0149583,303.044
-0.0130236,305.946
-0.0151658,302.731
-0.00833613,313.003
-0.015154,302.734
-0.0150992,302.801
-0.0249449,300.161
-0.0727407,300
-0.077112,300
-0.0798086,300
-0.0731855,300
-0.0770222,300
-0.0731371,300
-0.073721,300
-0.0815703,300
-0.0746421,300
-0.0728124,300
-0.077472,300
-0.0736048,300
-0.0689959,300
-0.0108131,309.323
-0.0150525,303.993
-0.0144893,304.152
-0.0799017,300
-0.0795144,300
-0.0744837,300
-0.0804766,300
-0.0748935,300
-0.0770292,300
-0.0748418,300
0.197068,302.422
0.194622,301.556
0.193572,301.321
0.197988,300.134
0.193722,300.165
0.19581,312.444
0.197698,311.399
-0.0774345,300
-0.0701642,300
-0.078191,300
-0.075023,300
-0.0738331,300
-0.0700359,300
-0.0743183,300
-0.0730495,300
-0.0743994,300
-0.0738618,300
-0.0767137,300
-0.0739265,300
-0.0763092,300
0.0260387,300
0.0128707,300
0.0868695,300
0.108833,300
0.105196,300
0.196862,300
0.192953,300
0.192507,300
0.194965,300
0.195318,300
0.19347,300
-0.0159991,301.659
-0.0147591,303.263
-0.0144923,303.527
-0.0161279,301.771
-0.0162355,302.388
-0.0108883,307.8
-0.00948946,308.069
-0.070897,300
0.193448,302.876
0.199252,305.143
0.201636,302.134
0.197694,306.744
0.201632,310.419
0.198518,312.932
0.194159,312.552
0.194101,312.883
0.200633,311.399
0.195171,312.8
0.194145,312.581
0.193846,308.77
0.193607,300
0.194315,300
0.194035,300
0.191796,300
-0.00912733,300.216
-0.071211,300
-0.0716192,300
-0.0718934,300
-0.0721328,300
-0.073951,300
-0.0757269,300
-0.0735728,300
-0.0791652,300
0.050719,300
0.192424,300
0.200707,300
0.19399,300
0.192386,300
0.19187,300
0.190614,300
0.191875,300
0.1857,300
0.184882,300
0.190913,300
0.181244,300
0.176576,300
0.175413,300
0.193371,300
0.190134,300
0.194354,300
0.198833,300
0.196348,300
0.0556422,313.857
0.0579235,306.011
0.0606358,307.469
0.0515362,308.705
0.0641822,308.617
0.195411,300
0.191253,300
0.194147,300
0.196337,300
0.194309,300
0.201869,300
0.141754,300
0.137989,300
0.18931,300
0.068495,315.766
0.0452615,325.641
0.0410084,327.85
0.0452733,326.384
0.0452294,327.711
0.0369509,329.609
-0.0445845,300
-0.0479074,300
-0.0433132,300
-0.0568617,300
0.143442,300
0.140941,300
-0.0368045,300
0.148308,300
0.15198,300
0.152834,300
0.157494,300
0.148181,300
0.201545,300
0.0450922,325.894
0.0560215,327.927
0.0516537,326.734
0.0517019,325.361
0.170819,300
-0.0738334,300
-0.0812973,300
0.0701372,316.048
0.0684991,316.823
0.0631739,321.584
0.0611779,322.186
0.0564518,329.335
0.0524648,329.327
-0.0779465,300
-0.0779199,300
-0.0778401,300
-0.0778173,300
-0.0780479,300
-0.0723779,300
-0.0750721,300
-0.0763423,300
-0.0734017,300
-0.0757422,300
-0.0742135,300
0.0314219,302.944
0.0334778,300.963
0.0331226,300.613
0.191421,300
0.0450982,303.669
0.0442297,304.507
0.199198,300
0.192483,300
0.19431,300
0.198615,300
0.193726,300
0.193706,300
0.1929,300
0.188137,300
0.188203,300
0.187685,300
-0.0162792,302.089
-0.0162699,302.385
0.019983,300
0.0186333,300
0.0269195,300
0.0317761,300
0.0300256,300
0.00162188,300
0.00571869,300
-0.052512,300
-0.048525,300
-0.0779188,300
-0.0710893,300
-0.0686637,300
-0.0719077,300
-0.0719751,300
-0.0802755,300
-0.0817211,300
-0.0808177,300
-0.0730697,300
-0.0709014,300
0.200437,300
0.200611,300
0.0726248,304.892
0.193658,311.975
-0.00922288,302.477
-0.0163687,300.202
-0.0181373,300.209
-0.0185062,300.519
-0.0188947,300.268
-0.0171634,301.367
0.194652,300.018
0.194649,300.016
0.194413,300.019
0.0127759,300
0.0130703,305.928
0.0186367,300.994
0.00888378,301.071
0.00645559,300.444
0.0283279,304.459
0.0302952,300.379
0.0242474,300.533
0.0126589,300
0.0376594,306.473
0.0366513,313.202
0.0380715,308.258
0.0429423,304.727
0.0381062,307.513
0.0450407,303.543
0.0565302,300
0.0528184,300
0.0502758,300
0.0517884,300
-0.0691917,300
-0.0688376,300
-0.0214063,300.299
-0.0207732,300.525
-0.016253,302.31
-0.0173709,301.017
-0.0176385,300.673
-0.0179726,300.542
-0.0804395,300
-0.0741853,300
-0.0755176,300
-0.0812029,300
-0.074307,300
-0.0732255,300
-0.0179982,301.291
-0.0807649,300
-0.0736895,300
-0.0693715,300
-0.00852252,312.788
-0.0747113,300
-0.0774741,300
-0.0732797,300
-0.075658,300
-0.0738636,300
0.0258124,300.633
0.0116014,300.606
0.0212585,300.625
0.0191947,306.189
0.0215614,301.236
0.0220074,300.87
-0.00924259,300.074
-0.0084189,301.603
-0.0771597,300
-0.0787053,300
0.125183,300
0.121634,300
0.121013,300
0.122655,300
0.122279,300
-0.0179223,300
-0.0243299,300
-0.0209246,300
-0.0235607,300
-0.0207807,300
-0.0230088,300
-0.0181757,300
-0.0205362,300
0.0960091,300
0.105999,300
0.0945292,300
0.194496,300.019
0.193348,300.042
0.200515,300.012
0.198807,300.007
-0.0723718,300
-0.0722712,300
-0.0776343,300
0.0886841,300
0.0842077,300
-0.0172699,300
-0.00679285,300
0.204671,300
0.1989,300
0.196871,300
0.19438,300
-0.0638865,300
-0.0619147,300
-0.0609645,300
0.201818,300
0.201388,300
0.201799,300
0.202438,300
0.201943,300
0.193055,300
0.192953,300
0.158466,300
0.172046,300
0.193843,300
0.195524,300
0.193152,300
0.194759,300
0.195088,300
0.195284,300
0.199766,300
0.194764,300
0.192801,300
0.192666,300
0.190385,300
-0.0649075,300
-0.0650655,300
0.18704,300
0.185748,300
0.192847,300
0.184437,300
0.173181,300
0.178721,300
0.181471,300
0.185256,300
0.172204,300
0.166231,300
0.170289,300
0.162158,300
0.156729,300
0.152652,300
0.158538,300
0.192751,300
0.193074,300
0.195878,300
0.192661,300
0.193692,300
0.194281,300
0.0561102,324.213
0.186626,300
0.187954,300
0.19295,300
0.192525,300
0.199703,300
0.194957,300
-0.0090973,300
-0.0199146,300
0.0900843,300
-0.0699598,300
-0.0634425,300
-0.06562,300
-0.0710663,300
-0.0774564,300
-0.0698237,300
-0.0721006,300
-0.0702332,300
-0.0709005,300
-0.0711379,300
0.189923,300.014
0.197944,300.414
0.191924,300.415
0.0960788,300
0.106161,300
0.0921289,300
-0.0326992,300
-0.0417991,300
-0.030755,300
-0.000995217,300
-0.0738728,300
-0.0748546,300
-0.0724954,300
-0.0773896,300
-0.0766207,300
-0.0740434,300
-0.0755865,300
-0.0743849,300
-0.0748217,300
-0.0819085,300
-0.073428,300
-0.0804693,300
-0.00876658,302.17
-0.0117036,300.031
-0.0169708,300.027
0.00034462,300.053
0.000889852,303.455
0.0017736,300.12
-0.00249179,300.039
-0.010933,300.029
0.0220282,300.617
-0.0701436,300
-0.0646721,300
-0.0645164,300
-0.0691908,300
-0.0730351,300
-0.0677825,300
-0.0111233,309.077
-0.0183295,301.182
-0.0141235,304.794
-0.0217855,300.536
-0.0652575,300
-0.0743209,300
-0.0656625,300
-0.0212962,300.638
-0.0202203,301.081
-0.0735261,300
-0.0747821,300
-0.0764424,300
-0.0795442,300
-0.0679536,300
-0.0219188,300.501
-0.0212521,300.18
-0.0203181,300.38
-0.0162006,301.71
-0.0227959,300.099
-0.0700332,300
0.0806956,300
0.0761006,300
-0.0648414,300
0.0399038,301.576
0.0449743,303.262
0.0201861,300.644
0.0176176,300.523
0.00899629,300.308
0.191413,300
0.200121,300.001
0.194441,300.016
0.194428,300.001
0.186597,300.004
0.194427,300.017
-0.0184531,300.155
-0.0183187,300.134
-0.0104669,302.307
-0.0131489,300.097
0.192824,306.528
0.192824,307.826
0.193374,302.181
0.19382,300
0.198102,300
0.198937,300
0.197046,300
0.193919,300
-0.0697425,300
-0.0755975,300
-0.0742391,300
-0.0733629,300
-0.0782439,300
-0.0720251,300
-0.0706498,300
-0.0625743,300
-0.0642581,300
-0.0628353,300
-0.0431826,300
-0.048998,300
-0.04585,300
0.00807789,300
0.0112314,300
0.0173579,300
-0.0244611,300.371
-0.0164237,302.36
0.187212,300
0.186487,300
0.192596,307.61
0.185526,300
0.183995,300
0.185697,300
0.191843,300
0.187872,300
0.177449,300
-0.0696646,300
-0.0597193,300
0.193031,300
0.034041,300.579
0.041218,308.022
0.0458364,302.452
0.0460053,303.624
-0.066937,300
-0.0772564,300
-0.0669778,300
-0.0692952,300
0.0609952,321.039
0.072663,312.449
0.0734394,311.75
0.0759199,306.162
0.0735944,311.525
0.0744244,310.761
0.0671589,318.562
0.0513666,304.087
-0.0623917,300
-0.0648334,300
-0.0680604,300
0.169324,300
0.0523797,321.827
0.0543025,320.9
0.0462506,325.544
0.0446386,328.042
0.0468452,327.823
0.193516,300
0.194999,300
0.193103,300
0.19281,300
0.0690669,302.417
0.144605,300
0.133992,300
0.0518362,305.232
0.0508276,306.799
0.0533812,304.849
0.193104,300
0.201589,300
0.194518,300
0.0403515,310.317
0.0462509,305.523
0.0617666,307.034
0.0656042,303.528
0.190972,300
0.194692,300
0.194272,300
0.199614,300
0.189774,300
0.189988,300
0.189765,300
0.189734,300
0.189507,300
0.187218,300
0.185592,300
-0.0257037,300.023
-0.0257508,300.025
-0.0254622,300.022
-0.0713133,300
-0.0789434,300
-0.0787855,300
-0.0650959,300
-0.0640018,300
-0.0656851,300
-0.0641922,300
-0.0724018,300
-0.0725997,300
-0.0820459,300
-0.0204947,300.013
-0.0218885,300.024
-0.00709983,300.168
-0.00949049,300.12
0.00256268,305.314
0.00047133,300.288
-0.0625404,300
0.200151,300.001
0.19307,300.001
0.188951,300.003
-0.0677274,300
-0.0691784,300
-0.0730285,300
-0.0700389,300
-0.0730965,300
-0.0757016,300
-0.0765388,300
-0.010039,308.515
-0.0155037,301.443
-0.0205562,300.18
-0.0646095,300
-0.0639985,300
-0.0176005,301.419
-0.0247715,300.273
-0.0214855,300.665
0.101155,300
0.0394454,300
0.017142,300
0.0137508,300
0.0148796,300
0.0283729,300
0.028132,300
0.0303731,300
-0.0189674,300.074
-0.0191975,300.057
-0.0190736,300.057
-0.0191113,300.058
-0.01896,300.156
-0.0646694,300
-0.0637584,300
-0.0730034,300
-0.0634964,300
-0.0684153,300
-0.0725592,300
-0.0736722,300
-0.0727018,300
-0.072557,300
0.185488,300.245
-0.0162882,302.384
-0.00852648,313.023
-0.0670893,300
-0.0704841,300
-0.0724024,300
-0.0707361,300
-0.0680941,300
-0.0205644,300.739
-0.0227838,300.295
-0.0166823,303.596
-0.00946888,311.972
-0.0257058,300.278
-0.0226672,300.322
-0.0152724,302.709
-0.0252017,300.116
-0.0617202,300
-0.0236538,300.572
-0.0171947,302.176
-0.0254179,300.106
-0.0331186,300.008
-0.0266258,300.084
-0.0274347,300.036
0.194159,300.017
0.187576,300.098
0.183281,303.004
0.183279,302.984
0.183406,303.037
0.183473,302.956
0.192877,301.498
0.183388,302.808
0.185176,300.289
0.183622,309.986
0.188083,308.493
0.187952,310.845
0.191527,312.843
0.18383,311.091
0.186513,312.656
0.184433,313.094
-0.0718473,300
-0.0700828,300
-0.0548047,300
-0.0544354,300
-0.0717965,300
-0.0655464,300
-0.0192999,300.057
-0.0661439,300
-0.0687789,300
-0.0663383,300
-0.0674109,300
0.0400177,300
0.0300458,300
0.0372714,300
0.0440738,300
0.0455984,300
-0.059194,300
-0.0592386,300
0.191723,300.44
0.191693,300.417
0.185186,300.002
0.182634,300.054
0.183363,300.066
0.189354,300.332
0.191971,300.391
0.189759,300
-0.00310206,300.008
-0.00124775,300.074
-0.000510508,300.011
0.00932845,300.034
0.0025273,300.214
-0.0210134,300.002
-0.0211111,300
-0.0191407,300.001
-0.0666349,300
-0.0637726,300
-0.0625212,300
-0.0701076,300
-0.0626397,300
0.0654211,300
0.0591625,300
0.0061911,300
-0.00635393,300
0.0855844,300
-0.0662125,300
-0.0649236,300
-0.027462,300.02
0.185516,300
0.182817,300
0.180577,300
0.189684,300
0.185632,300
0.185681,300
0.188987,300
0.188446,300
0.188211,300
0.198339,300
0.195623,300
0.200442,300
0.19383,300
0.197954,300
0.191947,300
0.0506929,302.996
0.0504219,301.681
0.0537049,304.265
0.0457995,305.933
0.0624746,303.132
0.0574206,303.446
0.0637015,301.811
0.0749528,303.109
0.0757777,302.986
0.0755511,303.52
0.0727946,305.088
0.128143,300
0.122125,300
0.110952,300
0.142437,300
0.13847,300
0.135053,300
0.122396,300
-0.042988,300
-0.0370169,300
-0.0391913,300
-0.0360959,300
-0.0217509,300
-0.0284881,300
-0.0305982,300
-0.0239002,300
0.148427,300
0.153122,300
0.157757,300
0.139525,300
0.131671,300
0.181686,300
0.184039,300
0.187482,300
0.190904,300
0.188619,300
0.192938,300
0.184168,300
0.0513482,328.521
0.0504345,327.805
0.0527691,326.553
0.0587209,322.196
0.0526156,326.372
0.0529005,325.952
0.0483929,326.421
0.172292,300
-0.053847,300
-0.046251,300
-0.0494452,300
-0.057434,300
-0.0641328,300
-0.0687268,300
0.0633883,320.296
0.0668402,318.462
0.056464,328.29
0.0676905,317.773
0.0704789,315.564
0.0778745,309.018
0.0753438,305.394
0.0701198,314.871
0.0774024,306.926
0.0793895,306.633
0.184793,300
0.191424,300
-0.0653783,300
-0.0623184,300
-0.0710624,300
-0.0679769,300
-0.0650593,300
-0.0644613,300
-0.0770292,300
-0.0749752,300
-0.0660448,300
-0.0659172,300
-0.0692477,300
-0.0770448,300
0.0346189,300.628
0.0438487,300.354
0.0426716,300.254
0.0409923,300.033
0.183848,300
0.194666,300
0.184148,300
0.183998,300
0.187862,300
0.185787,300
0.192413,300
0.186611,300
0.183371,300
0.183388,300
0.184903,300
0.110272,300
0.115322,300
-0.0192175,301.503
-0.0264971,300.071
0.046647,300
0.0598167,300
0.0436238,300
0.00252894,300
-0.00273786,300
0.0182763,300
0.00925176,300
0.00928129,300
-0.0702353,300
-0.0622801,300
-0.0661672,300
-0.0628102,300
-0.0592618,300
-0.0609274,300
-0.0614079,300
-0.0687327,300
-0.063989,300
-0.0635327,300
-0.0291639,300.002
-0.0258639,300.004
-0.0212744,300.184
-0.0196669,300.207
0.190695,300.001
0.184917,300.004
0.180533,300.001
0.194318,300.017
0.19065,300
0.180415,300.001
0.013105,300.031
0.00126812,300
0.0127535,300
0.0150196,300
0.016874,300
-0.0724842,300
-0.0712753,300
-0.065772,300
-0.0648828,300
-0.0662747,300
-0.0653163,300
-0.0647459,300
0.0393896,306.644
0.0457115,300.788
-0.058337,300
-0.0628555,300
-0.06673,300
-0.0666252,300
-0.061595,300
-0.0596676,300
-0.0592399,300
0.0845766,300
-0.0657449,300
-0.070776,300
-0.0654774,300
-0.0255304,300.401
-0.0276735,300.044
-0.07329,300
-0.0686895,300
-0.0736512,300
-0.0664243,300
-0.0650736,300
-0.0651824,300
-0.0656264,300
-0.0661276,300
-0.0665385,300
-0.0701474,300
-0.0746263,300
0.00119971,300.039
-0.0664009,300
-0.0654114,300
-0.0705382,300
-0.0637037,300
-0.0734423,300
-0.0646784,300
-0.0652826,300
-0.0680164,300
-0.0737179,300
0.0889004,300
0.0944974,300
0.182182,300.063
0.19342,300
0.184391,300.001
-0.0673545,300
0.0979343,300
0.0951146,300
0.0937317,300
0.182034,300
0.178188,300
0.189602,300
0.190782,300
-0.0557056,300
-0.0622673,300
-0.0648157,300
0.192306,300
0.190381,300
0.182128,300
0.183045,300
0.197906,300
0.193757,300
0.19407,300
0.193351,300
0.156546,300
0.156825,300
0.15657,300
0.185868,300
0.185316,300
0.183289,300
-0.0579621,300
0.109309,300
0.0994044,300
0.106201,300
0.0971245,300
0.100306,300
0.099927,300
0.0872861,300
0.0891868,300
0.0853824,300
0.174147,300
0.18329,300
0.180549,300
0.178453,300
0.181812,300
0.156999,300
0.164966,300
0.17258,300
0.182652,300
0.156411,300
0.145279,300
0.169083,300
0.173274,300
0.181667,300
0.183076,300
0.191036,300
0.19114,300
-0.0500561,300
-0.0564019,300
-0.0567744,300
0.185927,300
0.185883,300
0.192263,300
0.189581,300
0.200214,300
0.185504,300
0.171133,300
0.180182,300
0.184758,300
-0.0627124,300
-0.0630345,300
-0.05607,300
0.189287,300
0.189632,300
0.183998,300
0.194232,300
0.180875,300.057
0.0881197,300
0.0423231,300
-0.0620132,300
-0.0641755,300
-0.0414112,300
-0.0514622,300
-0.0597119,300
-0.057902,300
-0.0566845,300
-0.0663066,300
0.0199699,300.446
0.0148885,300.117
0.0151326,300.015
-0.0630931,300
-0.0526699,300
-0.0539118,300
-0.0367643,300.005
-0.02902,300.024
-0.0284866,300.025
-0.0635376,300
-0.0667222,300
-0.0614555,300
-0.0642439,300
0.184826,300.238
0.183467,300.052
0.1848,300.013
-0.0565853,300
-0.0534853,300
-0.0540275,300
-0.0277826,300.051
-0.025262,300.116
-0.0175328,302.01
-0.0343537,300.021
-0.0546683,300
-0.0562476,300
-0.0523263,300
0.0460821,303.2
0.0521869,300.726
0.0292701,300.247
0.0259754,300.139
0.0284267,300.013
0.0322393,300.263
0.0261417,300
0.0282536,300
0.0173736,300
0.00279904,300.006
0.0101719,300.016
0.177306,300.001
0.183075,300.005
0.175221,300.006
0.177942,300.002
0.177451,300.036
0.173322,300
0.183074,300
0.185159,300
-0.0268243,300.075
-0.0575098,300
0.0839249,302.183
0.0847005,301.176
0.186115,300
0.185748,300
-0.0607155,300
-0.0544024,300
-0.0520467,300
-0.0528322,300
-0.037035,300
-0.0339977,300
-0.034166,300
-0.0319014,300
-0.029286,300
-0.0252459,300
-0.0249771,300
-0.0253137,300
0.00538365,300
-0.00330689,300
0.0139568,300
0.0181685,300
0.0629778,300
0.12139,300
0.127285,300
0.181278,300
0.185,300
0.183172,300
0.19236,300
0.182918,300
0.185105,300
0.189971,300
0.185158,300
0.19121,300
0.189582,300
0.179716,300
0.182381,301.166
0.182482,301.189
0.182228,300.863
0.0228736,300.017
0.030537,300.039
0.0304478,300.02
0.0163053,300.018
0.0324536,300.367
0.0352813,300.019
0.0450937,300.228
-0.0737191,300
-0.0751259,300
-0.0726528,300
-0.0686898,300
-0.069819,300
-0.0679179,300
-0.0816769,300
-0.0588073,300
-0.05749,300
-0.0562453,300
-0.0655227,300
0.0633972,320.723
0.0718785,313.408
0.0698602,315.112
0.0619767,320.288
0.0582381,322.508
0.0641646,318.735
0.0684495,317.086
0.0560385,300.905
0.0539233,303.059
0.144654,300
0.147802,300
0.0508263,324.615
0.0543508,323.815
0.057309,322.644
0.0614506,320.285
0.0626227,319.88
0.0653661,301.568
0.0773885,300.417
0.0554681,303.331
0.1466,300
0.161903,300
0.157884,300
0.163244,300
0.112159,300
0.109435,300
0.114666,300
0.0747994,310.682
0.0831374,303.63
0.0853022,302.913
0.0842805,303.474
0.0851763,303.124
0.0546951,301.894
0.0543572,301.215
0.0526904,302.485
0.0584209,301.751
0.0542894,301.702
0.0559737,300.433
0.0536898,300.241
0.0522881,300.429
0.0523045,300.201
0.0445498,300.824
0.052764,300.146
0.189691,300
0.185288,300
0.18233,300
0.176245,300
-0.0190062,300.78
0.0696424,300
0.0727054,300
0.0760674,300
0.0757439,300
0.0830934,300
0.0739541,300
-0.0286784,300.003
-0.0303836,300
-0.0319765,300
-0.0518684,300
-0.0516475,300
-0.0567473,300
-0.0684493,300
-0.0567802,300
-0.0610564,300
-0.0516313,300
-0.0562172,300
-0.0591061,300
-0.058391,300
-0.03227,300
-0.0326608,300
0.182011,301.164
0.192047,300.451
0.201565,301.814
0.194405,301.643
0.183155,301.179
0.190477,311.932
0.185258,311.229
0.188817,309.69
0.187072,310.882
0.185548,310.43
-0.0536602,300
-0.0558549,300
-0.000403146,300.036
-0.011146,300.001
-0.0172,300.001
-0.0244041,300
-0.0239767,300.002
-0.0241708,300
-0.0227621,300.004
-0.0532542,300
-0.0452954,300
-0.0509177,300
-0.0604554,300
-0.0562102,300
-0.0252496,300.155
-0.0264361,300.097
-0.0341225,300.007
-0.0714005,300
-0.0639168,300
-0.01894,300.484
-0.037141,300
-0.0515147,300
-0.062316,300
-0.0556546,300
-0.0390427,300
-0.0366559,300.001
-0.0473303,300
-0.0469994,300
-0.0270843,300.077
-0.0314037,300.011
-0.0389031,300.001
-0.0381654,300.002
0.170309,300.02
0.175698,300.034
0.181634,308.96
0.183245,302.992
-0.0541405,300
-0.0557602,300
-0.0543462,300
-0.0448144,300
-0.052142,300
-0.0540414,300
-0.046446,300
-0.0411694,300.001
-0.0444066,300
-0.0309045,300.013
-0.0347306,300.001
-0.0296131,300.037
-0.0427358,300
-0.0367139,300.001
-0.0383932,300.001
-0.0320522,300
-0.0160588,300
-0.0220042,300
-0.0550654,300
-0.0562716,300
-0.0539899,300
-0.0540566,300
-0.0549795,300
0.0129969,300.011
0.00300636,300.003
0.00115167,300.033
0.0538133,300
0.0536183,300
-0.0274047,300.07
-0.0286969,300.11
-0.0270794,300.077
-0.0617014,300
-0.0449951,300
-0.0447299,300
-0.038386,300
-0.0340999,300
-0.0390108,300
-0.0353476,300
-0.0420614,300
-0.0463434,300
-0.0499097,300
-0.057462,300
-0.049786,300
0.177976,312.74
0.1821,301.267
0.179892,300.098
0.169853,300.255
0.170381,300.161
0.172643,300.005
0.182851,300
0.176487,300
-0.0515263,300
-0.049935,300
-0.0431506,300
-0.0472854,300
-0.0340248,300.001
-0.0328866,300
-0.0019026,300.007
-0.00172053,300
0.00588623,300.001
-0.0179988,300
-0.0064165,300.005
-0.00918075,300
-0.0139738,300
-0.0109291,300.089
0.0111658,300.001
0.00940721,300.001
0.0244688,300.009
0.0131834,300.002
0.0181172,300.013
0.0198439,300.56
-0.0515871,300
-0.00769495,300
-0.0399913,300
-0.036283,300
-0.0415794,300
-0.0412485,300
0.00403279,300
0.000892517,303.467
0.0107488,306.86
0.0075595,300.67
0.0727914,300
0.0718084,300
0.0726111,300
0.0764746,300
0.0729659,300
0.0960497,300
-0.0331502,300.014
0.178515,300
0.171741,300
0.172591,300
0.0532874,300.156
0.0622818,300.305
0.0630725,300.059
0.0525398,300.013
0.0858548,302.415
0.084855,302.435
0.0867838,301.281
0.078877,302.525
0.0696281,302.587
0.0680297,305.803
0.0752377,300.695
0.0700082,302.142
0.0670372,302.179
0.0676434,301.52
0.0679217,303.991
0.0843825,304.089
0.101328,300
0.0939699,300
0.117161,300
0.125651,300
0.145324,300
0.0766041,300.314
0.0696236,300.428
0.0672683,300.395
0.0699512,300.284
0.0655944,300.081
0.0614999,320.454
0.0661608,318.925
0.0732039,315.529
0.0733328,316.827
0.0634114,320.688
0.0711875,318.017
0.0655544,321.6
0.13433,300
0.135351,300
0.0833585,305.863
0.0801094,307.371
0.0559117,323.805
0.0552715,320.556
0.0593328,319.734
0.0510752,323.552
0.171481,300
0.0716657,313.542
0.0627944,319.621
-0.056998,300
-0.0550578,300
-0.0574255,300
-0.0547541,300
-0.0553341,300
-0.0613316,300
-0.061957,300
0.031549,300.02
0.179664,300
0.179606,300
0.177291,300
0.191693,304.833
0.183629,305.059
0.185186,304.112
0.18285,301.301
0.182317,301.712
0.181384,305.44
0.182083,304.622
0.183987,307.899
0.179123,300
0.181923,300
0.173774,300
0.186019,300
0.184779,300
0.186056,300
0.187047,300
0.185889,300
0.195157,300
0.186206,300
0.187312,300
0.186035,300
0.187419,300
0.0565357,300
0.0994089,300
0.175716,300
0.173782,300
0.174044,300
0.173762,300
0.113006,300
0.120027,300
0.0203112,300
0.047621,300
0.0414637,300
0.0400694,300
0.0336916,300
0.0407084,300
0.0411155,300
0.0412921,300
0.0407529,300
0.0419478,300
0.0423572,300
0.0364556,300
0.0326935,300
0.0361155,300
0.0320114,300
0.0289713,300
0.0320546,300
0.0456874,300
0.023858,300
0.00250523,300
-0.0526422,300
-0.052161,300
0.187517,300
0.186453,300
0.186563,300
0.186543,300
0.0788691,305.265
0.0862943,300.848
0.0866976,301.048
0.0855051,300.802
-0.0286943,300.068
0.186339,300
0.187218,300
0.187482,300
0.18594,300
0.179783,300
0.178289,300.001
-0.0331596,300
-0.0292236,300
0.0160852,300
0.00607022,300
0.00177186,300
0.0213919,300
0.00955055,300
0.0172293,300
0.0286685,300
0.0431521,300.265
0.0399482,300.202
0.0414688,300.061
0.044559,300.065
-0.0526198,300
-0.0597664,300
-0.0506891,300
-0.0542528,300
-0.0581234,300
-0.0581859,300
0.184779,300.275
-0.0645017,300
-0.0645334,300
-0.0637163,300
0.0156907,300.013
-0.0413865,300.001
-0.0256401,300.111
-0.0356799,300.002
-0.051816,300
-0.0242999,300.003
-0.0326783,300
-0.0498148,300
-0.0615355,300
0.0798854,300
0.0655678,300
0.0726778,300
0.0770617,300
0.17755,300.004
0.173876,300.002
0.176587,300
0.177857,300
0.179568,300.002
0.176426,300
0.170228,300
0.168279,300
0.162482,300
0.174855,300
0.173934,300
0.175205,300
0.170531,300
0.171917,300
0.177732,300
0.174486,300
0.183591,300
0.175687,300
0.184564,300
0.179497,300
0.173518,300
0.166417,300
0.171025,300
0.185707,300
0.184935,300
0.181973,300
0.185117,300
0.180005,300
0.18772,300
0.187708,300
0.156728,300
0.167409,300
0.161507,300
0.152585,300
0.140035,300
0.131231,300
0.127074,300
0.147485,300
0.142156,300
0.156786,300
0.175378,300
0.176663,300
0.177132,300
0.173002,300
0.168074,300
0.186265,300
0.16273,300
0.173773,300
0.167553,300
0.170711,300
0.173868,300
0.172321,300
0.172673,300
0.178492,300
0.175704,300
0.0718639,300
0.0573389,300
0.0633794,300
0.0880529,300
0.0880387,300
-0.0514537,300
-0.0454761,300
-0.0416322,300
-0.0458595,300
-0.0561858,300
-0.0485396,300
-0.0493166,300
-0.0556024,300
-0.055196,300
-0.0480969,300
-0.0609843,300
-0.056901,300
-0.0569188,300
-0.0515963,300
-0.0585343,300
-0.0612065,300
-0.0504375,300
-0.0416708,300
-0.0417056,300
0.00750205,300
0.0152839,300
-0.0524842,300
-0.0521904,300
-0.0522677,300
-0.0524073,300
-0.062824,300
-0.0700268,300
-0.0594913,300
-0.053881,300
-0.0620028,300
0.0726695,300
0.182359,302.784
0.172253,300.556
0.17245,300.524
0.172041,300.536
0.17168,300.499
0.173643,306.014
-0.0502528,300
-0.0252159,300
-0.0324163,300
-0.0367938,300
-0.0537808,300
-0.0395529,300
-0.0555691,300
-0.0439249,300
-0.0526387,300
-0.0551239,300
-0.0531442,300
-0.03966,300
-0.0484823,300
0.0447797,300.045
0.0514246,300.032
0.0528655,300.044
0.0472036,300.005
0.0536864,300.211
0.0505793,300.205
0.0533718,300.105
-0.0438876,300
-0.0487809,300
0.0493794,300
0.0411595,300
0.0413549,300
0.0342825,300
-0.00900845,300
0.170117,300.074
0.183264,302.977
0.174967,300.001
0.174228,300
0.177954,300
0.185871,300
-0.03903,300.001
-0.0343679,300.016
-0.0447564,300
-0.039099,300.001
-0.0457602,300
-0.0513445,300
-0.0495653,300
-0.0479829,300
-0.0446584,300
-0.0329239,300
-0.043245,300
-0.0410729,300
0.18313,310.839
0.173838,311.794
0.175087,310.016
0.0911383,300.653
0.0893955,302.205
0.0966156,300.764
0.0815903,304.599
0.18396,300
0.178527,300
0.172961,300
0.172406,300
0.178102,300
0.173526,300
0.00933463,300
0.0139563,300
0.0300552,300
0.0384247,300
0.025269,300
0.0206784,300
0.0615708,300
0.052214,300
0.114711,300
0.0996074,300
0.170637,300
0.17522,300
0.170304,300
0.171203,300
0.167352,300
0.168122,300
0.177447,300
0.176823,300
0.105776,300
0.0881045,300
0.111225,300
0.0760594,300
0.088024,300
0.0879679,300
0.18273,300
0.181806,300
0.1774,300
0.173871,300
0.172687,300
0.178615,304.009
0.172132,302.689
0.171023,301.759
0.16608,300
0.173195,300
0.175579,300
0.173566,300
0.180611,300
0.0783916,300.325
0.0782159,300.321
-0.0675231,300
-0.0638825,300
-0.0483838,300
-0.0500208,300
-0.0484341,300
-0.0584879,300
-0.0657178,300
-0.0557679,300
-0.0490649,300
-0.0532468,300
-0.0511553,300
0.175919,300
0.174603,300
0.175692,300
0.174241,300
0.0689458,320.809
0.0749386,310.746
0.0786482,308.415
0.0745476,316.92
0.0680775,300.331
0.0685582,300.269
0.0687164,300.275
0.0692393,300.296
0.06475,300.613
0.0679324,300.27
0.0677989,300.316
0.147247,300
0.0756431,315.081
0.0778438,311
0.165891,300
0.158947,300
0.159936,300
0.149019,300
0.0772598,302.561
0.0814269,300.52
0.0844669,300.832
0.0865862,300.463
0.0882807,301.048
0.0743688,301.766
0.0905828,300.993
0.093517,301.008
0.177126,300
0.185103,300
0.0977405,300
0.0852611,300
0.0851231,300
-0.0366121,300
-0.0429659,300
-0.034109,300
-0.0151998,300
-0.0167309,300
-0.0141787,300
-0.0515838,300
-0.0393849,300
-0.0407858,300
-0.0439588,300
-0.0489994,300
-0.0426123,300
-0.0382874,300
-0.0495404,300
0.166791,300.215
0.181744,300.078
0.17344,311.972
0.176294,312.638
0.179399,310.913
0.173059,310.706
-0.0603731,300
-0.0511175,300
-0.053606,300
-0.0559062,300
-0.0456184,300
-0.0305677,300.001
-0.0271389,300.019
-0.0535739,300
-0.0553238,300
-0.045681,300
-0.0409051,300
-0.048434,300
-0.0385037,300.001
-0.0380299,300.001
-0.0479581,300
-0.0325952,300.014
-0.041927,300.002
-0.0451111,300
-0.0366923,300.003
-0.0334395,300.004
-0.0344703,300.002
-0.0341703,300.002
-0.0305009,300.042
0.165727,305.982
0.17207,300.808
0.165877,300.056
-0.0519559,300
0.0114336,300
-0.0234014,300
0.165641,300
0.167459,300
0.164988,300.002
0.168373,302.158
0.167248,300.639
0.167268,300
0.17089,300
0.0202934,300.002
0.0267419,300
0.0285607,300.007
-0.0181858,300
-0.0293661,300
-0.0321919,300
-0.0258041,300
-0.0193779,300
-0.0288115,300
-0.0411845,300
-0.0410788,300
-0.0394826,300
-0.0385396,300
-0.0376957,300
-0.0339144,300
-0.0326319,300
-0.026195,300
-0.0202421,300
-0.0254922,300
-0.0380987,300
-0.0449742,300
-0.0444878,300
-0.00180839,300
-0.00765965,300
-0.00738869,300
-0.0117894,300
0.183701,300
0.176989,300
0.176036,300
0.181516,300
0.176795,300
0.175654,300
0.17578,300
0.173788,300
0.173093,300
0.186755,300
0.0884652,302.666
0.0924504,302.665
0.0964415,300.654
0.0954753,301.468
0.0953615,301.884
0.0989087,300.24
0.0987076,300.406
0.0857396,300.126
0.0783678,300.16
0.085251,300.12
0.107881,300
0.0784943,300.312
0.0716708,300.237
0.0691831,300.039
0.0708817,300.277
0.0846523,310.56
0.146756,300
0.150526,300
0.15049,300
0.146604,300
0.0664956,300.021
0.0670654,300.021
0.0671494,300.02
0.0856283,300.071
-0.0446635,300
-0.0362497,300
0.0774447,314.967
0.0772417,314.598
0.0768343,315.077
0.0775123,314.716
0.0833736,306.37
0.0821142,307.481
0.0882263,304.913
0.0781251,314.053
0.163419,300
0.163045,300
0.163327,300
-0.0532449,300
-0.0482603,300
-0.014339,300
-0.0290129,300
-0.0146331,300
0.0679032,300.003
0.0641501,300.006
0.0666921,300.024
0.0568645,300.121
0.159931,300
0.164011,300
0.171473,300
0.172275,300
0.17776,300
0.170953,300
0.172161,300
0.170029,300
0.172326,300
0.165527,300
0.0880405,300
0.170337,300
0.167897,300
0.165653,300
0.173166,300
0.142961,300
0.135254,300
0.122774,300
0.128339,300
0.119986,300
0.128539,300
0.0343665,300
-0.0466085,300
0.173447,312.59
0.170268,300.004
0.164103,300.001
0.168884,300.001
0.161931,300
0.0012624,300
-0.0240457,300
-0.0313631,300
-0.0311513,300
0.0119562,300
0.00818213,300
0.00493976,300
0.012332,300
0.0253208,300
0.0581398,300
0.0445088,300
-0.0430136,300
-0.0396346,300
-0.0442386,300
-0.0397146,300
-0.0375475,300
-0.0458932,300
-0.0416684,300
-0.0403095,300
-0.0497162,300
0.160764,304.033
0.171799,300.577
0.0723102,300
0.0595487,300
0.0175344,300.012
0.0225628,300
0.0283541,300.001
-0.053122,300
-0.048661,300
-0.0518121,300
-0.0525654,300
0.174519,300
0.163832,300.001
0.16146,300.001
0.168671,300
0.162145,300.001
0.165643,300
0.171627,300
0.162272,300
0.166948,300
0.157447,300
0.145421,300
0.163351,300
0.160659,300
0.170769,300
0.169831,300
0.156822,300
0.159325,300
0.159148,300
0.158196,300
0.167683,300
0.160455,300
0.168209,300
0.0356276,300.012
0.0197044,300
0.0685246,300
0.0705006,300
0.0503174,300
0.0476334,300
0.0488422,300
0.0481903,300
0.156257,300.277
0.159596,300.334
0.156282,300.344
0.158795,306.44
-0.0294601,300
-0.0302467,300
-0.0268171,300
-0.0266626,300
0.0670478,300.02
0.059864,300.009
0.0639103,300.003
0.0555572,300.001
-0.0354673,300
-0.0420944,300
-0.0296679,300
-0.0364585,300
0.0880012,300
0.0457381,300
0.0326203,300
0.0342973,300
0.0295342,300
0.0264587,300
-0.0126222,300
-0.00306278,300
-0.00476386,300
0.00334008,300
0.162403,300
0.160519,300
0.0260413,300
0.108175,300
0.108096,300
0.106699,300
0.107843,300
0.107997,300
0.145771,300
0.162776,300
0.150199,300
0.164317,300
0.173807,300
0.160093,300
0.164976,300
0.107458,300
0.0880786,300
0.163275,300
0.163341,306.768
0.165714,307
0.173435,306.196
0.165797,308.594
0.165723,300.007
0.158267,300.029
0.160092,300.003
0.156161,301.322
0.155607,301.064
0.15859,300.001
0.158383,300
0.169938,300
0.162013,300
0.0574771,300.007
0.0672372,300.003
0.0630657,300.001
0.0654744,300.047
0.0783443,300.012
0.0704707,300.004
0.0809186,300.019
0.0310379,300
0.0259766,300
-0.00361572,300
-0.00508292,300
-0.0123688,300
-0.0100542,300
-0.0201045,300
-0.0112118,300
-0.051725,300
-0.0491728,300
-0.0420692,300
-0.0361418,300
-0.0466422,300
-0.0431192,300
-0.0563173,300
-0.0446106,300
-0.0416609,300
-0.0435521,300
-0.0482661,300
-0.0422045,300
0.0857661,300.078
0.086209,300.069
0.160514,300
0.15795,300
0.162928,300
0.158381,300
0.163689,300
0.0795335,314.763
0.0895559,304.076
0.0973276,302.502
0.0997403,301.462
0.0921118,302.107
0.101835,301.08
0.0995708,300.36
0.0982046,300.617
-0.0316346,300
-0.0427248,300
-0.0449739,300
0.0671426,300.02
0.0672316,300.02
0.0893429,300.025
0.0755594,300.217
0.117004,300
0.118781,300
0.124343,300
0.122899,300
0.113958,300
0.120788,300
0.0894446,300.061
0.0996538,300.046
0.101083,300.027
0.0993639,301.478
0.104109,300.291
0.102486,300.208
0.101513,300.036
0.165682,300
0.167404,300
-0.02078,300
-0.0180546,300
-0.0196814,300
-0.00400016,300
0.000255304,300
-0.000600948,300
0.0227031,300
0.0878955,300
0.0875399,300
0.0882451,300
0.102995,300
0.0885703,300
-0.0154033,300
-0.00958735,300
-0.0182312,300
-0.0107111,300
-0.0222046,300
-0.0290339,300
0.0137003,300
0.016083,300
0.0141781,300
0.162592,300
0.16115,300
0.162148,300
0.165237,300
0.160744,300
0.168664,300
-0.0327398,300
-0.0331064,300
-0.0221846,300
-0.0317002,300
-0.0343148,300
-0.0518397,300
0.152891,300
0.152917,300
0.152881,300
0.152886,300
0.151584,300.001
0.1497,300.001
0.152872,300
0.15302,301.357
0.0510502,300.001
0.0467796,300.001
0.00786368,300
0.0433902,300
0.0454792,300
0.044964,300
0.012631,300
0.0155944,300
-0.0239488,300
-0.0182545,300
-0.0195242,300
-0.0386238,300
-0.0478117,300
-0.0314873,300
-0.0376191,300
-0.0309908,300
-0.0285519,300
0.0889779,300
-0.00670724,300
-0.015514,300
-0.029003,300
-0.018836,300
-0.00583387,300
0.151299,300
0.152689,300
0.15374,300
0.105986,301.819
0.0875408,300.051
0.0932249,300.004
0.0915597,300.004
0.139979,300
0.13304,300
0.130264,300
0.124994,300
0.0934232,300.02
0.0703512,300.231
0.0881028,300.008
0.0794037,300.028
0.0785041,300.016
0.0908837,300.004
0.0674611,300.02
0.0691625,300.002
0.07896,300.013
0.0798279,300.002
0.102831,301.19
0.0987302,300.315
0.0976126,300.409
0.111674,300.051
0.111119,300.04
0.155246,302.635
0.162306,307.856
0.153221,306.651
0.146969,303.456
0.0891612,315.184
0.0895309,314.116
0.0902885,312.575
0.0929184,305.152
0.0774716,316.163
0.0883519,313.834
0.0902767,314.651
0.0862339,316.932
0.114194,300.328
0.111454,300.242
0.146851,300
0.147588,300
0.146994,300
0.150266,300
0.159497,300
0.144923,300
-0.0408639,300
-0.0378951,300
-0.0224336,300
-0.0101071,300
-0.0106672,300
0.0414838,300
0.0420382,300
0.0428086,300
0.0443872,300
0.0708645,300.003
0.155932,300
0.152211,300
0.151527,300
0.0555204,300
0.0784226,300
0.0935572,300
0.0942195,300
0.0940226,300
0.0939719,300
0.150426,300
0.15202,300
0.145898,300
0.144479,300
0.144943,300
0.156563,300
0.147644,300
0.160816,300
0.123391,300
0.123413,300
0.123439,300
0.123567,300
0.124061,300
-0.0336593,300
-0.0284383,300
-0.0298617,300
0.158094,300
0.157955,300
0.16062,300.005
0.162195,300.017
0.156717,300.007
0.152402,300.004
0.156268,300.27
-0.0145139,300
-0.0180568,300
-0.0269965,300
-0.0121683,300
-0.028752,300
-0.0231993,300
-0.00449136,300
0.031092,300
0.041599,300
-0.00982328,300
0.0288962,300
0.0121107,300
0.0655597,300
0.0654774,300
0.0741377,300
-0.0330572,300
-0.0359314,300
-0.027273,300
0.167833,312.762
0.160305,310.2
0.16638,312.874
0.160394,313.325
0.162419,309.715
0.0690772,300
0.0505071,300
0.0569012,300
0.0466769,300
0.0474687,300
0.0714555,300
0.0876424,300
0.144481,310.417
0.154981,309.549
-0.0236949,300
-0.0180872,300
-0.0135748,300
-0.0244882,300
0.00735981,300
-0.0044318,300
0.0443036,300
0.0415497,300
0.016678,300
0.0298855,300
0.0273486,300
0.00810128,300
-0.00952785,300
0.155177,300.259
0.143202,300.031
0.144081,300.023
0.147744,300.002
0.14416,300
0.144272,300
0.149959,300
0.147083,300
0.144,300
0.147248,300
-0.0425701,300
-0.0400986,300
-0.0295063,300
0.123381,300
0.155315,300
0.145405,300
0.142971,300
0.160666,300
0.157546,300
0.15088,300
0.160912,300
0.150688,300
0.145539,300
0.149703,300
0.149769,300
0.116875,300
0.114626,300
0.0782149,300
0.146551,300
0.149647,300
0.145636,300
0.148748,300.009
0.150672,300.704
0.145007,300.035
0.146764,300.006
0.135913,301.901
0.139113,308.628
0.144478,300
0.150092,300
0.0818044,300.004
-0.0515148,300
-0.0299473,300
-0.0278448,300
-0.0225634,300
0.109522,300.398
0.109643,301.645
0.110085,300.29
0.101083,300.543
0.152865,300
0.131361,300
0.118776,300.13
0.112873,300.036
0.10557,314.473
0.0931309,312.18
0.0911379,314.244
0.105881,314.419
0.0971631,309.003
0.112106,300.035
0.111562,300.032
0.105539,300.008
0.100373,300.085
0.104222,300.035
0.0886725,300.716
0.101861,305.163
0.101857,302.155
0.145027,300
0.138241,300
0.144632,300
0.130605,300
0.137717,300
0.0923667,300.003
0.110095,300.046
0.038788,300
0.0381731,300
0.0270347,300
-0.0133457,300
-0.0133403,300
-0.00156198,300
0.00285021,300
0.00903543,300
-0.0381894,300
-0.0404575,300
-0.0234973,300
-0.0279894,300
-0.0194486,300
-0.0133781,300
-0.0305681,300
-0.0133513,300
-0.0285666,300
0.0609128,300
0.0617933,300
0.0573942,300
0.0350613,300.002
0.032766,300.006
0.0364958,300.011
0.0397314,300.002
0.0598682,300
0.0633708,300.001
0.066402,300
0.0681679,300.001
0.0649023,300
0.0621244,300
0.147381,300
0.145149,300
0.155171,300
0.148385,300.001
0.155007,300
0.152098,300
0.152859,300
0.00252837,300
0.150848,303.364
0.143883,301.969
0.156091,300.289
0.148102,300
0.136885,300
0.152843,300
0.142089,300
0.113203,300.032
0.074395,300
0.063025,300
0.0573153,300
0.0475358,300
-0.0281419,300
-0.025554,300
-0.0253534,300
-0.0133446,300
-0.0133462,300
0.0089178,300
0.00427164,300
0.00150129,300
0.00756196,300
0.0139524,300
0.0214516,300
0.0285735,300
0.0222424,300
0.105332,300.024
0.117014,300.01
0.0926077,300.003
0.0875437,300.001
0.0969818,300
0.0774462,300
0.0795582,300.001
0.0867094,300
0.067277,300.02
0.110911,304.265
0.113977,302.96
0.104987,300.002
0.142239,300.01
0.12819,300.007
0.125647,300.039
0.129052,300
0.119232,300
0.137708,300
0.143543,300
0.152837,300
0.146235,300
0.148866,300
0.0943236,303.027
0.108903,302.106
0.0946685,304.78
0.0881753,305.448
0.0914767,306.508
-0.0246164,300
0.0592749,300
0.0589768,300
0.0589119,300
0.0592337,300
0.123233,300
0.103682,300
0.107549,300
0.0762851,300
0.0753052,300
0.0770457,300
0.0771417,300
0.143683,300
0.139891,300
0.141353,300
0.149459,300
0.142706,300
0.154727,300
0.143501,300
0.145345,300
0.143771,300
0.137834,300
0.145468,300
0.0938978,300
0.092682,300
0.0815966,300
0.0631154,300
0.0667205,300
0.0941425,300
0.114521,300
0.0994134,300
0.147098,300
0.100389,300
0.107846,300
0.123351,300
0.107949,300
0.143906,300
-0.00766002,300
-0.00863096,300
-0.00687088,300
0.0299567,300
0.0285021,300
0.00213471,300
-0.00764969,300
0.00288632,300
-0.00525665,300
0.0349189,300
0.0279079,300
0.150916,310.28
0.14713,306.772
0.154384,312.047
0.147695,311.288
0.109506,300.004
0.116968,300.003
0.122391,300.003
0.144673,300.001
0.124054,301.744
0.129321,308.251
0.111515,301.794
0.129639,302.198
0.137077,302.12
0.136455,310.294
0.145861,311.472
0.131354,309.808
0.132169,308.688
0.143362,312.289
0.15621,313.439
0.132133,310.469
-0.0133457,300
-0.0187831,300
0.0552566,300
0.0443734,300
0.05822,300
0.0454058,300
0.0343991,300
0.00878518,300
0.0144699,300
0.0183415,300
0.0118113,300
-0.0127243,300
-0.00659766,300
-0.016877,300
0.0293237,300
0.0146409,300
0.015183,300
-0.00589753,300
-0.00302893,300
0.0147207,300
0.0108431,300
0.141596,300.03
0.0931155,300
0.0831611,300
0.0719685,300
0.0742309,300
0.085825,300
0.100831,300
0.115643,300
0.140471,300
0.141837,300
0.0826837,300
0.14531,300
0.144824,300
0.127704,300
0.131714,300
0.129187,300
0.126449,300
0.141848,300
0.130441,300
0.123415,300
0.123584,300
0.127931,300
0.143848,300
0.0429911,300
0.0541944,300
0.0585155,300
-0.0185551,300
-0.0146669,300
-0.0122625,300
0.100033,307.848
0.105939,314.338
0.148758,300
0.159851,300
0.011586,300
0.127322,309.923
0.11013,302.516
0.115239,309.748
0.108201,309.188
0.108254,314.047
0.106148,314.411
0.0874143,300.006
0.0908691,300.011
0.0918686,300.002
0.118116,300.001
0.121552,300
0.124452,300
0.128951,300
0.118879,300.267
0.118815,302.57
0.129624,301.363
0.106029,314.281
0.106338,314.352
0.117192,305.868
0.127662,304.8
0.0816013,300
0.0858297,300
0.0824388,300
0.119479,300.029
0.12377,300.048
0.119182,300.074
0.109696,300.167
0.129376,300.001
0.132396,300.002
0.142695,300
0.137439,300
0.141922,300.04
0.138637,300.033
0.122044,300.239
0.126418,300.148
0.126015,300.68
0.137331,300.072
0.129389,300.419
0.140023,300.813
0.123774,300.164
0.0392705,300
0.0335427,300
0.0370935,300
0.0183328,300
0.0212636,300
0.0303206,300
0.00171432,300
-0.0133441,300
-0.0135097,300
0.0513438,300
0.0396211,300
0.0482215,300
0.0747854,300
0.00662477,300
0.00658557,300
0.00693262,300
-0.00640743,300
0.0060853,300
0.00668961,300
-0.0107904,300
0.0065009,300
0.0386176,300
0.142036,300.003
0.132142,300.005
0.125008,300.005
0.12723,300.018
0.0994507,300
0.103655,300
0.109135,300
0.0945548,300
0.0989278,300
0.107463,300.001
0.107454,300.001
0.107001,300
0.107962,300
0.139194,312.07
0.129754,310.377
0.124135,310.723
0.135178,300.384
0.142475,300.472
0.136753,300.071
0.135295,300.06
0.135176,300.067
0.132008,300.086
0.13475,300
0.120685,300.001
0.123446,300.003
0.130665,300.002
0.111216,300.007
0.142298,300
0.135429,300
0.144549,300.007
0.144999,300.001
0.133821,300.003
0.131829,300
0.143602,300
0.106056,314.473
0.109924,301.72
0.109356,301.752
0.0591391,300
0.0644974,300
0.0779791,300
0.0791245,300
0.0808786,300
0.063256,300
0.0783873,300
0.0857584,300
0.121446,300
0.123352,300
0.108984,300
0.135412,300
0.146254,300
0.0150012,300
0.0739184,300
0.0787596,300
0.0967879,300
0.0847283,300
0.129755,300
0.146441,300
0.143642,300
0.105139,300
0.0873804,300
0.068863,300
0.0673331,300
0.0266644,300
0.0150899,300
0.0174858,300
0.00916921,300
0.0618549,300
0.0741662,300
0.130418,310.397
0.0675941,300
0.0160154,300
0.030678,300
0.0341429,300
0.0320781,300
0.0589405,300
0.0494362,300
0.0721031,300
0.0721312,300
0.0774025,300
0.103049,300
0.119155,300
0.125003,300
0.114674,300
0.110348,300
0.108769,300
0.112164,300
0.113315,300
0.112196,300
0.0817877,300
0.130141,300
0.129051,300
0.129349,300
0.128291,300
0.126665,300
0.126664,300
0.0978474,300
0.100732,300
0.11322,300
0.127707,300
0.12639,300
0.141595,300
0.0615278,300
0.051843,300
0.0538365,300
0.0469833,300
0.00678052,300
0.0175078,300
0.023022,300
0.0234933,300
0.0543677,300
0.0667439,300
0.0444332,300
0.0572663,300
0.040304,300
0.0622059,300
0.0538745,300
0.0536251,300
0.0513794,300
0.0523976,300
0.0526854,300
0.0524995,300
0.0800816,300
0.069022,300
0.0752393,300
0.0639114,300
0.113073,300
0.0861287,300
0.0813666,300
0.111586,300
0.0801813,300
0.081715,300
0.123942,300
0.116767,300
0.030754,300
0.0429207,300
0.111462,300
0.0965926,300
0.0994392,300
0.10175,300
0.101629,300
0.09957,300
0.107947,300
0.0809512,300
0.118151,300
0.108805,300
0.107652,300
0.0931023,300
0.0857547,300
0.0863828,300
0.103838,300
0.0919495,300
0.0981858,300
0.03,340.099
-0.0645599,300
0.167849,300
